record_id,review_text,sentiment,source,original_label,char_count,created_for,is_flagged,reviewer_note
1,เวลาไปกินบาบิก้อนกะหมูกะทะ...ออกมาละจะไปช๊อปต่อก็ชิวชิวละทีนี้...ชอบๆ,positive,wisesight_sentiment,pos,69,master,False,
2,ผมไม่ใช้ครับมาสด้า,negative,wisesight_sentiment,neg,18,master,False,
3,"มิต = ""ดี สุด ใจ"" มิตดีสุดๆ ประหยัดน้ำมัน ถึก ใช้งานได้นาน แถมแรง และซิ่งได้สุดๆเลยไปเลยค่ะ รักจริง รักมาก มิตซูบิชิ",positive,wisesight_sentiment,pos,116,master,False,
4,เหมือนเอ็มเคทำพิษอะ,negative,wisesight_sentiment,neg,19,master,False,
5,ตามข่าวถ้าให้เลือกซื้อผมคงไปคัมรี่หน้าปลาวาฬแหละครับ แอคคอร์ดมันดูแหม่งๆชอบกล,negative,wisesight_sentiment,neg,77,master,False,
6,ลงใด้ทั้งครอบครัวเลยใช่ใหมคับ,positive,wisesight_sentiment,pos,29,master,False,
7,ซึพอนออกเสียงคล้ายชุมพร หรือจะชามเรียงกันเป็นเชียงราย,positive,wisesight_sentiment,pos,53,master,False,
8,ไปกินกันนน นั่งรถไปเซน,positive,wisesight_sentiment,pos,22,master,False,
9,ยาริสสวยงั้บ 🤘,positive,wisesight_sentiment,pos,14,master,False,
10,นิสสันยี่ห้อรถยนต์คุณภาพ สมรรถนะครบครันราคาคุ้มค่ามากๆ,positive,wisesight_sentiment,pos,54,master,False,
11,อห คงไม่ซื้อทุกอัน แต่ใจคิดว่าจะไปลองแต่งหน้าที่ sephora ก่อนตัดสินใจซื้อ 55555,negative,wisesight_sentiment,neg,79,master,False,
12,เหล้าไม่กินคับ กินแต่แสง เรดแพงไป,negative,wisesight_sentiment,neg,33,master,False,
13,ป่ะขอบคุณเจ้าภาพนะ,positive,wisesight_sentiment,pos,18,master,False,
14,สู้กับซีวิคได้เลย,positive,wisesight_sentiment,pos,17,master,False,
15,pajero 2011 มีเสียงลมเข้า น่ารำคาญ,negative,wisesight_sentiment,neg,34,master,False,
16,เบียร์ช้างงี้ ปกติ56บาทปะ ขายในร้านเหล้า 80-90-100งี้ เจอราคาใหม่ไป120อิสัด แล้วในร้านเหล้าจะอัพเป็นเท่าไหร่คิสดูวววว,negative,wisesight_sentiment,neg,117,master,False,
17,บ้างสาขา ค่ะ เข้านำมารวมกันในร้านเดี่ยว,positive,wisesight_sentiment,pos,39,master,False,
18,"ฝากชื่นชมและขอขอบคุณผจก.สาขาซีคอนบางแคด้วยนะคะ เมื่อวาน (25/1/61) พาคุณป๊าไปเลี้ยงวันเกิด แต่เพราะบัตรปชช.ของป๊า ไม่ได้ระบุเป็นเดือนนี้ (ตามแบบคนสมัยก่อนไง) เราจึงไม่ได้ไอติมและการถ่ายภาพวันเกิด อันนี้มาจากการเรียกพนง.มาสอบถามรอบแรกนะคะ. เราก็จิ้มหน้าจอ สั่งไอติมและของหวานให้ทุกคนไปตามปกติ ไม่ว่าไร...จากนั้นไม่นาน คุณพี่ผจก.ร้านก็เดินมาบอกว่า ไอติมบานาน่าสปลิทนั้นเดี๋ยวจะแคนเซิลบิลให้ แล้วขอแค่ให้เราเขียนชื่อ+ ว.ด.ป.เกิดของป๊าเท่านั้นเอง น่าจะมาจากการที่พ่อลูกเขย แอบซื้อเค้กแล้วเอามาฝากไว้ก่อน กินเสร็จค่อยเซอร์ไพร์ส...... จึงทำให้คุณพี่ผจก.มั่นใจอยุ่แล้วว่านี่เป็นการเลี้ยงวันเกิดแน่นอน ขอบคุณมากค่ะ ที่คุณพี่ตัดสินใจแบบนี้ ไม่ใช่มายึดติดกับบัตรปชช.แข็งๆใบเดียว....คุณพี่ผจก.แคร์ความรู้สึกของลูกค้ามากกว่า ปล.สิ่งที่ประทับใจ. ไม่ใช่ไอติมบานาน่าสปลิทถ้วยนั้นแต่เป็น ""รูปภาพ ใส่กรอบกระดาษ"" ที่ให้มามากกว่าค่ะ มันสามารถทำให้คนแก่คนนึงนำมานั่งมอง แล้วยิ้มได้ตลอดเวลาเลยค่ะ. ขอบคุณพี่ผจก.และน้องพนง.สาขานี้นะคะ. #MKSeaconBangkae #เอ็มเคซีคอนบางแค #MKซีคอนบางแค",positive,wisesight_sentiment,pos,961,master,False,
19,เสานี้นะ ไม่ต้องงอแง,positive,wisesight_sentiment,pos,20,master,False,
20,เค้าชอบ MG3,positive,wisesight_sentiment,pos,11,master,False,
21,บาบีก้อนก็ได้ ปะๆ 555,positive,wisesight_sentiment,pos,21,master,False,
22,สนไหม มา 4 จ่าย 3,positive,wisesight_sentiment,pos,17,master,False,
23,แสงโสม295แพงโคตรเงิบบบ,negative,wisesight_sentiment,neg,22,master,False,
24,จัดให้โหน่ยยยยยยวันนี้ 😋😋😋,positive,wisesight_sentiment,pos,26,master,False,
25,แพง ถ้าไม่ลด19บาทไม่ซื้อ55555,negative,wisesight_sentiment,neg,29,master,False,
26,ก่อนนอนอีกแล้ว mk 😂,positive,wisesight_sentiment,pos,19,master,False,
27,โดนน้องสาวเรียกไปโวยวายว่าไม่ต้องซื้อผ้าอนามัยเย็นจิ๋มมาแล้วนะ เย็นไปหมด เย็นยะเยือก 5555 ทำไมล่ะ เปลี่ยนบรรยากาศไง ตื่นเต้นดีออก,negative,wisesight_sentiment,neg,129,master,False,
28,ดีนะเป็นฟอร์ด ถ้าวีออส เละ!!!,negative,wisesight_sentiment,neg,29,master,False,
29,เสียดายตัง,negative,wisesight_sentiment,neg,10,master,False,
30,นี้ไงที่ตามหา,positive,wisesight_sentiment,pos,13,master,False,
31,แค่บุหรี่ไฟฟ้าก้ผิด กฎหมายส้นตีนมาก,negative,wisesight_sentiment,neg,35,master,False,
32,รอแดกขวด 285 เลยอิเหี้ย,positive,wisesight_sentiment,pos,23,master,False,
33,แหมมมมมมมมมมม บุหรี่ไฟฟ้าผิดกฎหมาย อิดอก,negative,wisesight_sentiment,neg,40,master,False,
34,พิษณุโลกไม่เหงมีกับเค้าเลย,negative,wisesight_sentiment,neg,26,master,False,
35,แต่การบริการหลังการขาย อะหลั่ย ศูนย์บริการ จะสามารถตอบโจทย์ลูกค้าได้หรือไม่ อย่างศูนย์เชฟโรเลต บางจังหวัดก็ยุบไปแล้ว เช่น จ.ตาก,negative,wisesight_sentiment,neg,127,master,False,
36,รอซูซูกิ ไวทาร่า ไม่รู้จะมีแผนผลิตในไทยไหม รุ่นของต่างประเทศสวยมากๆ,positive,wisesight_sentiment,pos,67,master,False,
37,อันนี้น่ารักเหมือนหนังรถไฟฟ้าเลย555555,positive,wisesight_sentiment,pos,38,master,False,
38,ผมมีstarexแล้วคับ เล็งcx3ไว้ในเมือง จริงๆสนมาสด้า2 แต่ผมสูง185 ลองนั่งแล้วโอเคไม่ติดเข่า,positive,wisesight_sentiment,pos,88,master,False,
39,ยังกล้ากินอยู่รึป่าววววววววว,negative,wisesight_sentiment,neg,28,master,False,
40,บางจริงครับ สาขาโลตัสจรัญ,negative,wisesight_sentiment,neg,25,master,False,
41,บ่นกับพี่ว่าที่ม.กรุงเทพเบียร์หมีขาดเซเว่นหากินไม่ได้เลย นางเลยออกไปหาซื้อมาให้ แล้วเหมือนประชดอ่ะ ซื้อมา 4 ป๋องเลย…,negative,wisesight_sentiment,neg,116,master,False,
42,สู้ๆครับป๋า,positive,wisesight_sentiment,pos,11,master,False,
43,คุมตัวผู้หญิง ใช้ตำรวจชายเหรอ ช่วยตอบด้วย,negative,wisesight_sentiment,neg,41,master,False,
44,จะ3ล้านละ💓👍🎉🎉🎉 #บล็อคละค่ะ #บล็อคดีไม่มีซึม cr.fb/Laurier My Brand #davikah #davikaclub #davikaclubdotcom #DKC,positive,wisesight_sentiment,pos,110,master,False,
45,ตอนนี้กลายเป็นว่าทาแต่ mamonde / passion ville แล้วอะ เพราะลิปอื่นแม่งแพ้ หมด ปากลอก คันปาก,negative,wisesight_sentiment,neg,91,master,False,
46,กรณีบาบีก้อนนี่เหมือนมาตะโกนใส่ลำโพงบอกว่าไม่ใช่พยาธิจ้า แล้วกระซิบเบาๆว่ามันเป็นหนองงะเตง งี้,negative,wisesight_sentiment,neg,94,master,False,
47,20.00น.ทุกวันจร้า แอร์เย็น เพลงเพราะ 🍷มิกซ์ 25฿🍷 Smirnoff 2 ป๋อง 100฿ ทุกค่ำคืน,positive,wisesight_sentiment,pos,79,master,False,
48,แดกลีโอเหมือนเดิม😂,positive,wisesight_sentiment,pos,18,master,False,
49,ธันวาเจอกันค่ะ55555,positive,wisesight_sentiment,pos,19,master,False,
50,B1 ไม่ชอบกินไอติมอะ B2,negative,wisesight_sentiment,neg,22,master,False,
51,หุยยยยยย ป้ะ!!!!,positive,wisesight_sentiment,pos,16,master,False,
52,กะคือนั่งฟังเซลส์mgเม้าลูกค้าในขณะที่พ่อกูก็กำลังจะจองรถmg,negative,wisesight_sentiment,neg,58,master,False,
53,เหมียนกานเบย,positive,wisesight_sentiment,pos,12,master,False,
54,หลังสอบ 👍🏽,positive,wisesight_sentiment,pos,10,master,False,
55,ดีมากๆๆเลย,positive,wisesight_sentiment,pos,10,master,False,
56,ต้องยอมรับเลย Dmaxโฟกัสได้ตรงจุดผู้บริโภค ยอดเลยที่1,positive,wisesight_sentiment,pos,52,master,False,
57,ได้ค้าบได้ รอพอทจังก่อนน้า T^T,negative,wisesight_sentiment,neg,30,master,False,
58,สเมอนอฟ สีน่ากิน55,positive,wisesight_sentiment,pos,18,master,False,
59,ลองผ้าอนามัยแบบสอดละ บอกได้คำเดียว,negative,wisesight_sentiment,neg,34,master,False,
60,กูว่าเบียร์หมีเลี่ยนไปหน่อย,negative,wisesight_sentiment,neg,27,master,False,
61,เคยไปนั่งเมื่อช่วงเดือนกันยายนที่ผ่านปกติไปไม่เคยนั่งเจอป้าคนนึงบอกวันนี้นั่งฟรีไม่คิดค่าเปล พอไปสั่งอาหาร ข้าวผัดจานเล็ก ส้มตำปูม้า ทะเลเผาชุดเล็ก เบียร์สิงห์2ขวด ราคารวมๆประ800++พอมาเสริฟบอกพี่ต้องสั่งให้ครบ5อย่างถึงนั่งฟรีถ้าพี่สั่งแค่นี้ต้องเสียค่าเปล250แล้วของที่สั่งไม่รวมส้มตำเพราะต้องสั่งร้านอื่นแล้วเครื่องดื่มไม่นับ ถึงตอนนั้นมองหน้าแฟน2คนกุโดนให้เข้าแล้วแฟนกำลังจะโวยวายแต่ผมห้ามไว้ผมรีบตัดบทสั่งมาอีก3อย่างแต่ให้ใส่กล่องกลับเบ็ดเสร็จโดนไป2150฿ (ชาตินี้จะไม่มีวันหวนกลับไปนั่งร้านเปลหาดหัวหินอีกเด็ดขาด),negative,wisesight_sentiment,neg,514,master,False,
62,นั่งอ่านทัศนคติของผู้บริหารแสนสิริแล้วชอบมาก อยากเข้าทำงานที่นี่,positive,wisesight_sentiment,pos,64,master,False,
63,แสงโสมนี่พักเน้อ ตื่นยากฉิบหาย ขำหัวอีก.,negative,wisesight_sentiment,neg,40,master,False,
64,บะหมี่หยกต้มยำไข่มะตูม รสชาติไม่เข้มข้นเลยค่ะ เหมือนกินต้มแซ่บเลย,negative,wisesight_sentiment,neg,65,master,False,
65,เพราะว่า น้องที่ทำงานใช้แล้วดีและแนะนำ จึงเอามาทดลองใช้ สรุปใช้แล้วผิวหน้าดีขึ้น โดยทาก่อนนอน และราคาไม่แพง ต่อมาเจ้าของแบรน snail white ทราบ จึงเชิญมาเป็น presenter,negative,wisesight_sentiment,neg,165,master,False,
66,อยากกินฮอตพอตจีนเด้อออออ,positive,wisesight_sentiment,pos,24,master,False,
67,สองวันมาแล้วเน็ตอืดมากครับ แล้วก็หลุดบ่อยมากครับ ผมสมัคร1เมก30วันปกติมันแรงกว่านี้แล้วไม่ค่อยหลุดด้วย,negative,wisesight_sentiment,neg,101,master,False,
68,ทำอย่างไรให้สดชื่นตลอด 24 ชม. #เรื่องสุขภาพมั่นใจให้เราดูแล #โรงพยาบาลกรุงเทพราชสีมา,positive,wisesight_sentiment,pos,84,master,False,
69,ไปกินนนกันมั้ยยยยย~,positive,wisesight_sentiment,pos,19,master,False,
70,โคโลราโดสีดำ สวย เท่ โดนใจมากเลยค่ะ <3,positive,wisesight_sentiment,pos,38,master,False,
71,ทำไมที่บ้านเราไม่มีแบบนี้,positive,wisesight_sentiment,pos,25,master,False,
72,อิห่า แมคไม่คุ้มเลย เคฟซีน่าแดกกว่า,negative,wisesight_sentiment,neg,35,master,False,
73,ยัง งง งง นะว่าเบียร์เพิ่มขึ้น2บาทต่อขวด แล้วบางเพจ บอกราคาลีโอขวด ละ110บาท สรุปยังไงไม่เข้าใจ,negative,wisesight_sentiment,neg,94,master,False,
74,ยินดีต้อนรับเข้าสู่ครอบครัวรีโว่ครับ =D,positive,wisesight_sentiment,pos,39,master,False,
75,อ้วนแล้วไง แคร์ที่ไหนล่ะ สปอนเซอร์ไม่มีแล้ว..ไปแดกกันเองไหมล่ะ😁😁😁,positive,wisesight_sentiment,pos,65,master,False,
76,ราคานี้สมน้ำสมเนื้อคับยังงัยก้ฟอร์ดยุแล้วคับผมครอบครัวฟอร์ดซื้อรถก้ฟอร์ดคับชอบมาก,negative,wisesight_sentiment,neg,81,master,False,
77,ผมเชื่อว่าคนไทย ไม่แพ้ใครน๊ะคับ นอกจากฆ่าตัวเอง เหมือนทุกวันนี้,negative,wisesight_sentiment,neg,63,master,False,
78,"ลองหันมามองลุงแกในแง่ดีดูนะ ...สมัยที่ยังไม่มีอะไรเลย เคยมีผู้ใหญ่มาสอน ว่าผู้หญิงที่ผัวขับกระบะแล้วซื้อซีวิคให้เมียใช้เขาจะยืดกว่าผู้หญิงที่ผัวขับเบนซ์แล้วให้เมียใช้แอคคอร์ด เขาอธิบายมาอีกพอสมควรทั้งในแง่จิตวิทยาชีวิตคู่ , ความเสียสละ/ใส่ใจที่พึงมีให้คู่ของตัวเองที่สะท้อนลงไปในการตัดสินใจยิบย่อย แต่ผมว่าลูกเพจคงตีความกันเองได้",positive,wisesight_sentiment,pos,329,master,False,
79,ชอบปลานึ่งซีอิ้ว,positive,wisesight_sentiment,pos,16,master,False,
80,ไปอันนี้กันเถอะ พรุ่งนี้,positive,wisesight_sentiment,pos,24,master,False,
81,หากฉันซื้อทอมฟอร์ด ฉันต้องกินมาม่า 3 เดือน.,negative,wisesight_sentiment,neg,43,master,False,
82,อยากกินเบียร์สิงห์,positive,wisesight_sentiment,pos,18,master,False,
83,มึงงงง อยากกินอ่ะ,positive,wisesight_sentiment,pos,17,master,False,
84,World's best Beer LEO ! Enjoy !,positive,wisesight_sentiment,pos,31,master,False,
85,เพื่อนถามโซจูอร่อยไหม?เหมือนเหล้าขาวไหม?นี่ไม่เคยกินเหล้าขาวแบบเพียวเลยบอกว่ารสชาตดีกว่าหงส์ทองเพียว เพื่อนแม่งไม่เคยกินเหล้าเพียวอีก โวะ,negative,wisesight_sentiment,neg,137,master,False,
86,ไปใหม่ๆ555,positive,wisesight_sentiment,pos,10,master,False,
87,. เรื่อง ของ ผล ประโยชน์..ขัดกัน สิงห์..ช้าง..เบียร์ สด ดราม่า...ซะ .,negative,wisesight_sentiment,neg,69,master,False,
88,แบบนี้ต้องจัดยกเซ็ทไปเลยคร้าบ :):),positive,wisesight_sentiment,pos,34,master,False,
89,เขาช้ามากเลย เราเร่งกับเขาให้ตลอดนะคะ กรณีเดียวกับลิป mamonde เลย ㅠㅠ ได้ของแล้วจะส่งให้ภายในวันถัดไปเลยค่ะ และที่แถ…,negative,wisesight_sentiment,neg,116,master,False,
90,เห็นได้ชัดว่า ตุลาการทั้ง 5 คนเป็นคนของ #คสช. แต่งตั้งโดย #คสช. มาตัดสินคดีเกี่ยวกับพรรคการเมืองที่อยู่ตรงข้ามกับ #คสช. มันจะไม่เป็น conflict of interest หรือ อย่างน้อยสุด ทั้ง 5 คนต้องถอนตัว recuse จากการเป็นองค์คณะในคดีนี้,negative,wisesight_sentiment,neg,224,master,False,
91,เจ๊ เอาลีโอขวดนึง นานแล้วที่ไม่ได้กิน 😂,positive,wisesight_sentiment,pos,39,master,False,
92,TNews เล่นสกู๊ปล้มเจ้าตลอด แถมตอนนี้ล่ารายชื่อค้านแก้ ม.112 โดยผู้บริหาร TNews คือ ที่ปรึกษาสำนักงานทรัพย์สิน และตั้งอยู่บนอาคารของทรัพย์สิน,negative,wisesight_sentiment,neg,140,master,False,
93,กูเบื่ show dc,negative,wisesight_sentiment,neg,14,master,False,
94,งง เหมือนกัน รถผมแค่วีออส หลับในชนท้ายกระบะ ถุงแตกสองใบ ผมออกมาเดินเฉย ไม่เป็นไรเลย,positive,wisesight_sentiment,pos,83,master,False,
95,ไปกันนนนนวันนี้ๆ,positive,wisesight_sentiment,pos,16,master,False,
96,จะเลื่อนกี่ครั้งๆก็ยังเลือกพรรคเพื่อไทย #เลื่อนแม่มึงสิ,positive,wisesight_sentiment,pos,55,master,False,
97,ไปงานแสงโสมก่อนไหมมึง,positive,wisesight_sentiment,pos,21,master,False,
98,แต่มีพี่ที่รู้จักกินสิงห์ไม่ได้ แบบได้กลิ่นแล้วจะอ้วก,negative,wisesight_sentiment,neg,53,master,False,
99,เค้าอยากกินอ่ะไปกินกันนะๆก่อนหมดโปร,positive,wisesight_sentiment,pos,35,master,False,
100,เออ ตรงโลตัสนะ👌,positive,wisesight_sentiment,pos,15,master,False,
101,ชุดคุณหมู อู๊ดอู๊ดดด 🐽 เพราะแฟนไม่ทานเนื้อ แล้วก็เลือกหมูคุโรบุตะ เพราะว่าแฟนไม่ทานแซลมอน แต่จะสั่งม่อน ๆ เองค่าาา ❤️ tag ธนพล สาพะพิพัฒน์พงษ์ หนูอยากกินพี่ก้อนจังเยย •-------------------------------• เพี้ยง ๆ ขอให้ได้ขอให้โดน เราจะรอดีใจตอนพี่โปรฯ บอกเราได้บัตรน๊าาา งู้ยยยย 🐽🐲❤️,positive,wisesight_sentiment,pos,280,master,False,
102,นำห่างไปเรื่อยๆ นึกแล้วก็สมน้ำหน้าโตโยต้า ทำรถมาหน้าตาแบบนี้แถมกั๊กออฟชั่น (จากลูกค้าเคยใช้ไฮลักซ์มาตั้งแต่ไมตี้ ไทเกอร์ วีโก้ มาหยุดอีรีโว้นี้แหละขอลาเลย),negative,wisesight_sentiment,neg,155,master,False,
103,ม่ายยย หมายถึงคนจีนภาคใต้บ้านเรากับทางมาเลย์​สิงคโปร์​ฮะ เนอะอยากกินนน อยากลองหาร้านอร่อยๆในกรุงเทพฯ​ดู เบื่อเอมเค,negative,wisesight_sentiment,neg,114,master,False,
104,สนใจนิสสันโน๊ต ตัวท้อปค่ะ,positive,wisesight_sentiment,pos,25,master,False,
105,พักนี้เตากระทะทองที่เดอะมอล์ท่าพระไม่โอเคเลยค่ะทานแล้วกร่อยค่ะ,negative,wisesight_sentiment,neg,62,master,False,
106,น้องหงษ์ทอง,positive,wisesight_sentiment,pos,11,master,False,
107,ชอบแป้งทเวลพลัสมากค่ะ ซื้อมา เพื่อนถามแป้งไรว่ะ เอาไปลองทาดู แห่กันไปซื้อตรึม หอม หน้าเนียน ชอบมาก,positive,wisesight_sentiment,pos,98,master,False,
108,Motoring Roundup ep4 : live in Spain พาชมเทคโนโลยีนิสสัน ลีฟ ก่อนขายเมืองไทย ...,positive,wisesight_sentiment,pos,80,master,False,
109,เกลียดการเป็นเมน แล้แพ้ผ้าอนามัย กูต้องใส่อะไร๊ค่วย!,negative,wisesight_sentiment,neg,52,master,False,
110,ว่าจะไม่กินอะไรแบบนี้แล้วนะ 😂,negative,wisesight_sentiment,neg,29,master,False,
111,เลื่อนอ่านอยุ่หลายสิบเม้น เจอเม้นนี้ไม่แวะคงไม่ได้ ถ้าผมขับวีโก้นี่เผลอๆมีขายทิ้ง5555,negative,wisesight_sentiment,neg,85,master,False,
112,อยากกิน พาไปหน่อย,positive,wisesight_sentiment,pos,17,master,False,
113,อีเหี้ยย วาสนาจะได้ขับ mazda 2 คือล่มละ อีช่างแม่งรื้อรถออกมาตรวจสภาพแล้วประกอบกลับไม่ได้อะ หนังหีมาก,negative,wisesight_sentiment,neg,101,master,False,
114,laurier the best!,positive,wisesight_sentiment,pos,17,master,False,
115,ต้องจัดดดดดดดด,positive,wisesight_sentiment,pos,14,master,False,
116,ต่อไปจะไม่ซื้อนํ้าสิงห์ดื่ม,negative,wisesight_sentiment,neg,27,master,False,
117,อือหือ วันนี้วันอะไรค่ะ,positive,wisesight_sentiment,pos,23,master,False,
118,ใหม่ล่าสุด!! MK ชีสซี้ดแซ่บ!! ฟินกับชีส ซี้ดกับต้มยำ จัดเต็มกับซุปต้มยำเผ็ดซี้ดถึงเครื่องและมอสซาเรลลาชีส ความอร่อยนี้ห้ามพลาด! ตั้งแต่วันนี้ – 31 ม.ค. 61 ที่ MK Restaurant ชั้น 3 เซ็นทรัลพลาซา ชลบุรีนะคะ มีความอร่อยให้เลือก 2 ชุดนะคะ > ชุดชีสแซ่บ หมูคุโรบูตะ เพียง 499 บาท และ > ชุดชีสแซ่บ ซีฟู้ด สดๆ เพียง 599 บาท #MKชีสซี้ดแซ่บ #Mkrestaurants #เห็นแล้วหิว 🤤🤤🤤 #CentralPlazaChonburi =================== IG : centralplaza_chonburi,positive,wisesight_sentiment,pos,431,master,False,
119,วันนี้ร้าน 239 ก็ยังแจกบัตรเบลนเฟสมาแจกด้วยแหละบัตรมูลค่า 285 บาท และไม่มีขายด้วยนะ Line up โคตรจ๊าบ!!! วันนี้ร้าน 239 ก็ยังแจกบัตรเบลนเฟสมาแจกด้วยแหละบัตรมูลค่า 285 บาท และไม่มีขายด้วยนะ Line up โคตรจ๊าบ!!! พบกับ BODYSLAM / LOMOSONIC / 25 HOURS / GETSUNOVA / MODERNDOG/Tabasco เปิดเบลน 1ขวดรับ 2ใบ 2ขวด 6ใบ เปิดเบลนลิตร ได้4ใบ เบลน Sixnature ได้ 4ใบ เบลน Sixnature ลิตร ได้ 6ใบ รีบมาเปิดหมดแล้วหมดเลย #239Vintage แจกที่ร้าน239นะครับ ย้ำอีกรอบ ร้าน239,positive,wisesight_sentiment,pos,451,master,False,
120,ไปเชียงใหม่ก็ระวังตัวกันเองนะครับ ต่อให้ขับมาแบบถูกกฏหมายแต่คนเชียงใหม่ขับเส้นทึบเยอะ เนี่ยสังคมเห็นแก่ตัว,negative,wisesight_sentiment,neg,106,master,False,
121,หลังกลับจากเชียงใหม่ 😁,positive,wisesight_sentiment,pos,22,master,False,
122,อะ แล้วแต่อะ กูโพสต์บอกอยากแดกเบียร์ทีไร เอาด้วยย +++ บวกหน้ามึงอะ กูหยิบเบียร์มาทีไรเสือกบอก ไม่เอาอะ ไม่ชอบเบียร์เลยมีฟูลมูนช่ะ ขอนะ จ้าาา,negative,wisesight_sentiment,neg,140,master,False,
123,ใครอยากหน้าสวยใสนะ ไปซื้อ estee lauder anr มาใช้ โคตรดี ถ้างบน้อยซื้อขนาดทดลองมาใช้ก็ได้ หรือไม่ก็ใช้ครีมอะไรที่เป็นแบรนด์ที่เป็นที่รู้จักอ่ะ เพราะขนาดครีมแพงๆบางตัวเรายังแพ้เลย นี่อะไรนึกว่าอ้วกหมาที่บ้านมาบรรจุกระปุกขาย อยากสวยต้องลงทุนแต่ไม่ใช่ลงทุนแบบโง่ๆใช้ครีมสุ่มสี่สุ่มห้า หน้าพังพอดี,positive,wisesight_sentiment,pos,292,master,False,
124,คนเก่ามันไม่ดี ก้ออยากให้ลืมมันไป มึง ๆ น่าไปเนอะ,negative,wisesight_sentiment,neg,49,master,False,
125,กูไม่ดื่มสุรา มึงจะมาคิดเบียร์ลีโอ100กว่าบาทให้กูได้ไง อีเวนอีเซเว่นแถวบ้าน รอกูซื้อได้กูจะมั่ยด่ามึงค่า,negative,wisesight_sentiment,neg,104,master,False,
126,ควยหมดเขตยามไหนกูไม่ชอบแบบต้ม,negative,wisesight_sentiment,neg,29,master,False,
127,เลิกได้จริงครับ ผมเลิกมาสองปีแล้ว,positive,wisesight_sentiment,pos,33,master,False,
128,กินต่อเหมือนเดิมนะ ถ้าเราเห็นอะไรไม่ดีขอเปลี่ยน เค้าก็ไม่เคยบ่นเลย,negative,wisesight_sentiment,neg,66,master,False,
129,หน้าร้อนนี้จะไปเที่ยวท้าแดดที่พัทยาค่ะ ผ่อนคลายไปกับกลิ่นอายทะเล สนุกกับคลื่นลม และแสงแดดแรงๆ ทั้งแดดทั้งลมทั้งอากาศร้อนขนาดนี้ เป็นตัวพิสูจน์ประสิทธิภาพของกันแดดได้อย่างดีเลยค่ะ จะรอดจะพัง จะเบิร์นจะไหม้ แสบแดงนี่ขึ้นอยู่กับกันแดดที่เลือกใช้จริงๆ ถ้าได้กันแดดจาก Mizumi มาเป็นตัวช่วย ก็สนุกลืมความกังวลเรื่องผิวเสียไปเลยค่า ~ 🏝🏖🏄🏼‍♀️,positive,wisesight_sentiment,pos,334,master,False,
130,ไปกินกันนนนน,positive,wisesight_sentiment,pos,12,master,False,
131,ถามเฉยๆ แม่งซับซ้อน,negative,wisesight_sentiment,neg,19,master,False,
132,เนื้อที่ติดเชื้อ... เอื่บ,negative,wisesight_sentiment,neg,25,master,False,
133,ขับรถยังไงให้เมารถเองวะ โอยยยยยย ลาก่อนแคมรี่ หลังคารถเธอเตี้ยเกินไป เรารู้สึกอึดอัด ฮืออออออออ,negative,wisesight_sentiment,neg,95,master,False,
134,"เมื่อวันพุธที่ผ่านมาไปทานที่สาขาเซ็นทรัล แจ้งวัฒนะ ไปถึงประมาณ 18.40 มีลูกค้าไม่น่าเกิน 5-6 โต๊ะ แต่ไลน์อาหารหมดเกือบทุกอย่าง พวกหมูสไลด์มีวางแค่อย่างเดียว ไลน์สลัดเหลือแต่วิญญาณผัก กุ้งเทมปุระก็ไม่มี ข้าวผัด, ยากิโซบะ, ปลานึ่ง เหลือแต่จาน แม้กระทั่งชาเขียวก็ยังหมด นั่งทานไปจนถึงเวลาออกประมาณ 2 ทุ่ม เดินไปดู ข้าวผัดกับยากิโซบะเหลือแต่จานเหมือนเดิม หรือว่ามีโปรฯ ลด 20% แล้ว อาหารเลยลดตามไปด้วยคะ",negative,wisesight_sentiment,neg,397,master,False,
135,แบบนี้ก็ได้ค่ะ,positive,wisesight_sentiment,pos,14,master,False,
136,แค่บุหรี่ไฟฟ้าก็ระเบิดได้ ...,negative,wisesight_sentiment,neg,29,master,False,
137,รีวิว เหล้า jameson โคตรกาก หวานเลี่ยนไม่อร่อยอย่างแรง,negative,wisesight_sentiment,neg,54,master,False,
138,กูจะเกรี้ยวกราดใส่กาวผ้าอนามัยแล้วนะ,negative,wisesight_sentiment,neg,36,master,False,
139,อยากกินแสงโสม555,positive,wisesight_sentiment,pos,16,master,False,
140,สนจัย แคมรี่ กับ แอคคอด,positive,wisesight_sentiment,pos,23,master,False,
141,มูลนิธิ กระจอกครับ รับเงินเค้ามาล้วนๆ เพื่อเอาไว้รณรงค์ ถ้าไม่ได้รับเงินมา ป่านนี้ พวกเค้า ออกมาเต้นให้ห้ามขายบุหรี่แล้ว พวกนี้แม่งปกป้องบุหรี่มวนเต็มที่เลย,negative,wisesight_sentiment,neg,156,master,False,
142,จะดีแค่ไหนถ้าเราสามารถหน้าสด (อย่างมากแค่เขียนคิ้วงี้) ออกจากบ้านได้แบบไม่ต้องกังวลว่าจะโทรม หรือต้องแอบถ้าเจอคนรู้จัก? ส่วนตัวขวันเคยเป็นคนที่ผิวพังมากๆ หน้ามันเกิน ลอกบางจุด แต่งหน้าบางๆยากมากที่จะสวย เรามาดูกันว่าถ้าผิวชุ่มชื้น มีออร่าในตัวของมันเอง ผิวจะดีขึ้นยังไง และเวลาไม่แต่งหน้าจะเป็นยังไง ไปดูเลยค่า #biothermthailand #aquasourceaura #หน้าสดแต่ไม่เศร้า,positive,wisesight_sentiment,pos,363,master,False,
143,น่ารักจัง55,positive,wisesight_sentiment,pos,11,master,False,
144,ปกติกินเบียลีโอ-ช้าง4-5ลัง ไม่เอื้อมไม่เมา พอเจอเบียร์ยู 2ขวดเอื้อม เมาเฉยย555,positive,wisesight_sentiment,pos,78,master,False,
145,จัดชีวาสเร็วๆเลย,positive,wisesight_sentiment,pos,16,master,False,
146,ผมเลิกบุหรี่ ได้ เพราะ บุหรี่ไฟฟ้า นี่แหละครับ,positive,wisesight_sentiment,pos,46,master,False,
147,แต่ดูวัน-เวลา ที่ให้แล้วไม่โออะ คนทำงานหมดสิทธิ์เลย,negative,wisesight_sentiment,neg,51,master,False,
148,ร้อยกว่าบาท!!!! #แท็กเพือนที่ชอบสีแบบนี้ จริงๆซื้อมานานแล้วได้ใช้สักที มีความ 3ce กรุ้บๆ สีสวยมาก เป็นแบบส้มๆอิฐๆแดงก่ำๆแบบบอกไม่ถูกเหมือนกัน แต่มันสวย55555และที่สำคัญเนื้อดีเกลี่ยง่าย ไม่ใส่น้ำหอมไม่ใส่เคมี ไม่ต้องกลัวปากดำ คนปากดำเม็ดสีกลบมิดแน่นวลมีขายที่Eveandboy บิวเทรี่ยมต่างๆ ต้องรีบนะเขามีโปรลดเหลือ169บาท 2แท่งแค่300บาท พุ่งตัวไปปปป!!!! สี,positive,wisesight_sentiment,pos,349,master,False,
149,Ford ห่วย fiesta ต้องขายทิ้ง ยอมแล้ว อยากเสี่ยงก็จัดไป,negative,wisesight_sentiment,neg,54,master,False,
150,เบื่อ show dc ที่สุด กูเบื่ออออ,negative,wisesight_sentiment,neg,31,master,False,
151,ยินดีกับทีมMG แรงไม่หยุด NEW MG ZS ดันยอดจองรถยนต์ เอ็มจี พุ่งทะลุเป้าในงานมอเตอร์โชว์ ครั้งที่ 39 https://positioningmag.com/1165293,positive,wisesight_sentiment,pos,133,master,False,
152,ไปกินอย่างอื่นแทน,negative,wisesight_sentiment,neg,17,master,False,
153,งือออออ ช่วงนี้อยากข้าวกระเทียมจริงๆ,positive,wisesight_sentiment,pos,36,master,False,
154,ไม่อร่อยไม่คุ้ม ของน้อยมาก ของหมดไม่เติม กินบาร์บีก้อนคุ้มกว่า,negative,wisesight_sentiment,neg,62,master,False,
155,ตุ่มเม็ดเลือดขาวอักเสบหรือฝีหนอง ไอสัส555555,negative,wisesight_sentiment,neg,44,master,False,
156,อิเห้เอ้ย แพ้ผ้าอนามัยขนาดใส่แบบบอบบางไม่ระคายเคืองแล้วนะ ยังแพ้อ่ะเมิ่ง #นอนเกาตูดวนไป #ผื่นขึ้น #เกาจนแสบ555,negative,wisesight_sentiment,neg,110,master,False,
157,ที่จริงผมไม่ได้อยากเลิกบุรี่นะแค่อยากได้ตัวเลือกที่ดีกว่าแค่นั้นเอง บุรี่ไฟฟ้ามันดีกว่าแบบมวนจริงๆ,positive,wisesight_sentiment,pos,98,master,False,
158,ผมคนนึงที่ใช้วีออสยุ บางครั้งเติมน้ำมัน 500 เกย์ไม่ขึ้น ไม่ขยับ ดับเครื่องสตาร์ทไหม่ก็ไม่ขยับ ยังคิดว่าเค้าโกง ขับๆไปสักพัก ถึงดีดขึ้นมาเ บางทีเกย์น้ำมันก็ค้างครับ เป็น มา 2 3 ครั้งล่ะ จนตอนนี้ชินไปล่ะ,negative,wisesight_sentiment,neg,201,master,False,
159,แสงโสมอีกเสียง,negative,wisesight_sentiment,neg,14,master,False,
160,"จะรีวิวเมเบอลีนรุ่นนี้ให้ฟัง ""ละลายง่ายชิบหายเลยค่ะ"" อันนี้คือปาดไปรอบเดียวท่ามกลางแดดประเทศไทย เป็นไปได้อย่าใช้กลา…",negative,wisesight_sentiment,neg,116,master,False,
161,เจอในโฆษณา Garnier อ่ะ คือแบบหล่อชิบหาย แล้วได้ยินนางพูดภาษาเกาหลี แสดงว่าเป็นอ้ปป้า เป็นไอดอลป่ะ หรือนักแสดง นาง…,negative,wisesight_sentiment,neg,114,master,False,
162,กลืนยาก😄😄😄,negative,wisesight_sentiment,neg,10,master,False,
163,เสียดาย แฟนไม่ชอบกินเอ็มเค แต่หนูอยากกินนนนน😭,negative,wisesight_sentiment,neg,45,master,False,
164,สงสารนางนะ เจอบุหรี่ไฟฟ้าก็ยึดไปดิ ปรับเงินไรก็ว่าไป นี่ยึดรถ ขังนางอีก ทำอย่างกับไปฆ่าคนตาย ปัญญาอ่อน,negative,wisesight_sentiment,neg,102,master,False,
165,แวะกินเอมเค 55555,positive,wisesight_sentiment,pos,17,master,False,
166,แปลกนะครับ รถดีๆใช้แล้วต้องยอมรับว่าเป็นรถที่อยู่ในระดับที่ทำให้พอใจได้มากทีเดียว เมื่อเทียบกันในsegmentเดียวกัน แต่ทำไมกลับไม่ได้รับการยอมรับ ผมว่าปัญหาไม่ใช่อยู่ที่รถหรือรสนิยมของผู้ใช้สักเท่าไร แต่ปัญหามันอยู่ที่การตลาดของนิสสัน(ประเทศไทย)กระมังครับ และบอกตรงๆว่าเสียดายมาก ถ้าตัวใหม่ไม่เข้ามา **ไม่ต้องดราม่า แค่สงสัย,negative,wisesight_sentiment,neg,321,master,False,
167,ได้ถุงผ้าแถมมาด้วยค่ะ ขอบคุณค่ะ,positive,wisesight_sentiment,pos,31,master,False,
168,เขาก็บอกอยู่นะ มันไม่เกี่ยวกับตัวบุหรี่ มันอยุ่ที่มารยาทคนสูบ จะเอาจุดนี้มาโจมตี e-cig มันไม่ค่อยแฟร์ว่ะ จะด่าก็หาเรื่องงานวิจัยหลักฐานอ้างอิงมาลบล้างเถอะ ไม่ใช่พอหาไม่ได้ มาโจมตีเรื่องควันรบกวน เรื่องหอมไม่หอม เหม็นไม่เหม็น อันนั้นมันจะสูบเหี้ยไรถ้าไปพ่นใส่มันก็น่าด่าหมดอะ ไปเกี่ยวอะไรกับตัวบุหรี่,negative,wisesight_sentiment,neg,299,master,False,
169,"🍑🍑โอ้ยยย ความส้มอิฐ ส้มพีชชในราคาแค่ 99 บาทเองงงงง >< มีความ 3ce มากกก สีสวยมากก โทนสีนัวๆ ละมุนๆ เนื้อดีด้วย เนื้อแมทท์ ติดทนดี แท่งเล็กๆน่ารัก พกง่าย แท่งละ 99 เอง คุ้มมมมม สวอชที่แขนคือ 103 ถึง 107 น้า พิกัดซื้อที่เพจ SuperShades Cosmetics, Eveandboy ค่าา",positive,wisesight_sentiment,pos,258,master,False,
170,Toyota Hilux REVO ROCCO vs. Chevrolet Colorado Centennial Edition ประชันกระบะแต่งโหด ออพชั่นครบ,positive,wisesight_sentiment,pos,95,master,False,
171,นิสสันเอ็กเทล ราคาพิเศษ ภายในกว้าง เหมาะเดินทางไปเที่ยวกันทั้งครอบครัว ชอบมากๆ,positive,wisesight_sentiment,pos,78,master,False,
172,ถ้าหากสวยได้เพียงข้ามคืน อยากสวยเหมือน เนย โชติกา สวยจร้า #มาส์กโชสวยข้ามคืน #Cho_cosmetics #daradaily #ดาราเดลี่,positive,wisesight_sentiment,pos,113,master,False,
173,"พูดได้ ประกัน100,000 ก็ได้คืน ถ้าคนไม่มีตังละ ทำยังไงนอนคุกไป?",negative,wisesight_sentiment,neg,62,master,False,
174,สีใหม่มาแล้วววจาก canmake คือดีงามมมมม 💕 Cr.Ulzzang/ admin,positive,wisesight_sentiment,pos,58,master,False,
175,ไอ่สัด เกียดเบียร์ช้าง,negative,wisesight_sentiment,neg,22,master,False,
176,น้องที่ออฟฟิสซื้อมาใช้ คูณแป้งเลย ฝากน้องซื้อมาใช้บ้างเพราะ Snailwhite Gold มีสารสกัดเมือกหอยทากและสารสกัดจากสาหร่ายสีแดง ฟื้นคืนความอ่อนเยาว์ เพิ่มความชุ่มชื่น เพื่อผิวหน้ากระชับเรียบเนียน เปล่งปลั่ง ช่วยให้ผิวมีสุขภาพดีค่ะ,positive,wisesight_sentiment,pos,224,master,False,
177,แล้วถ้ามีพี่ๆตำหนวดเสพหรือครอบครองจะโดนอะไรมั้ยครับ,negative,wisesight_sentiment,neg,51,master,False,
178,ชอบมากกกกกกก,positive,wisesight_sentiment,pos,12,master,False,
179,ฟอร์จูนเนอร์ตัวใหม่แสบตามากไม่รุ้บริษัทเขารุ้ตัวไหม,negative,wisesight_sentiment,neg,51,master,False,
180,ก็ทำบุหนี้ไฟฟ้าให้ถูกกฏหมาย เหมือนพวกกระเป๋าของใช้ทั้งหลาย แล้วก้เสียภาษีนำเข้า จบไหมครับ,negative,wisesight_sentiment,neg,89,master,False,
181,ถ้าซื้อ 2ปอนด์มานี่ งานช้างเลยนะ .. ครั้นจะแบ่งไปให้คนอื่นกินก็ละอายอ่ะ มันไม่อร่อยอ่า,negative,wisesight_sentiment,neg,86,master,False,
182,เราว่าบีโอเรกันแดดดีกว่านะ แต่ชอบเนื้อครีมนีเวียเหมือนทาเซรั่มเลย,positive,wisesight_sentiment,pos,65,master,False,
183,มิตซูผมหิ้วน้ำมันไปเองตลอด เครมได้ มาสด้าพ่อเปลี่ยนน้ำมันเครื่องที่ปั้ม รถมีปัญหา เครมได้,negative,wisesight_sentiment,neg,89,master,False,
184,"ผมใช้ civic เปลี่ยนโช้ค,ยาง ผ้าเบรค,แคมเบอ.40,000 ขับดีขึ้นเป็นกอง..!? ( อันนี้นอกเรื่อง )",positive,wisesight_sentiment,pos,90,master,False,
185,ก็แค่หนองนอนไมหลั๊บ หัวใจมันกระซับกร๊ะซ่ายยย,negative,wisesight_sentiment,neg,44,master,False,
186,ที่โคราชจะทานอะไรคะ บาบีกอนไม่บุฟเฟ่นะคะ,negative,wisesight_sentiment,neg,40,master,False,
187,แต่ อ็อปชั่น เยอะกว่า ฟอร์จูนเนอร์ 1700000 อีก,negative,wisesight_sentiment,neg,46,master,False,
188,เน็ตตกช้ามาก youtube ยังโหลดไม่อยากจะไป Wifi เชื่อมอยู่4คนในบ้านก็เล่นไม่ค่อยได้ช้ามาก โทรแจ้งเจ้าหน้าที่ก็ไม่เห็นมีใครสนใจทำนั้นทำนี่ก็ไม่ได้ สมควรยกเลิกใช้ทั้งบ้านเลยดีมั้ย มือถือ เน็ตบ้าน ทรูวิชั่น เสียรายเดือนทั้งหมดรวมๆไม่ตํ่ากว่า7-8 พัน เน็ตช้าทั้งมือถือเดือนเป็นพันทั้งเน็ตบ้าน น่าผิดหวังจริงๆ,negative,wisesight_sentiment,neg,300,master,False,
189,อยากกินอ่ะดิ๊!!ไปไม๊??,positive,wisesight_sentiment,pos,22,master,False,
190,มิดจูววววว💕,positive,wisesight_sentiment,pos,11,master,False,
191,บาบิก้อนเราคงต้องห่างกันสักพักใหญ่ๆนะจ๊ะที่รัก (;-------;),negative,wisesight_sentiment,neg,58,master,False,
192,อย่าหาว่าผมหมิ่นยี่ห้อเลยนะ ยาริสไช่มั้ยที่ว่ามา คือ ยี่ห้ออื่นไม่เคยได้ยินอะไรแบบนี้,negative,wisesight_sentiment,neg,85,master,False,
193,ดีแม็กตีโจทย์แตก รถใช้งานออปชั่นน้อยราคาถูกภาษีถูกไม่ต้องเอาม้าเอาทอร์คมาข่มก็ขายได้ ศูนย์ดีทนถึกอะไหล่ถูกเทียบแท้มีหมดเนี่ยแหละขายได้ ว่าออปชั่นน้อยอย่างน้อยหัวแคปตัวล่างยังมี abs ให้เลือก หารถใช้งานไปดูเรนเจอร์ตัวล่างไม่มี abs จบเห่เลย,negative,wisesight_sentiment,neg,237,master,False,
194,โอ้โห่ นิสันนาวาร่า ที่รัก,positive,wisesight_sentiment,pos,26,master,False,
195,น่าสนเนอะเจ้,positive,wisesight_sentiment,pos,12,master,False,
196,น้ำชอบพี่โชน น้ำทำทุกอย่างก็เพื่อพี่ น้ำไปคัดนางรำ น้ำไปเป็นดัมเมเยอร์ เรียนหนังสือให้เก่ง,positive,wisesight_sentiment,pos,90,master,False,
197,พอต่ออายุสมาชิกเรียบร้อย ถามพนักงานทำไมคะแนนไม่เข้า พนักงานถึงบอกว่า “ระบบล้ม” ทำไมไม่บอกตั้งแต่แรกพนักงานสาขาซีคอนบางแค,negative,wisesight_sentiment,neg,120,master,False,
198,สัส ทีเซอร์อินทูอิทออกวันนี้เหรอ 5555555555555555555,negative,wisesight_sentiment,neg,52,master,False,
199,สู้ๆ อย่ายอมแพ้ค่ะ เป็นกำลังใจให้ค่ะ #ปันรอยยิ้มเพื่อผู้ป่วยมะเร็ง #สานต่อที่พ่อให้ทำช่วยคนไทยพ้นภัยมะเร็ง #ศูนย์การแพทย์มะเร็งวิทยาจุฬาภรณ์ #โรงพยาบาลจุฬาภรณ์,positive,wisesight_sentiment,pos,159,master,False,
200,นั่ง Grab car ไปทำงาน รถเสียกลางทาง คนขับก็เทคแคร์ดี๊ดีอะ จอดรถแล้วไปยืนเรียกแท็กซี่ให้ พูดขอโทษเราตลอดเลย แท็กซี่ไม่รับก็ขอโทษ แง หนูเข้าใจ หนูโอเคพี่ นางก็อยู่เรียกให้จนได้รถอะ จะออกค่าแท็กซี่ให้ด้วย แต่นี่ไม่เอา ก็คือเรารีบแหละ แต่สุภาพขนาดนี้ ทำเราสายเราก็ไม่โกด,positive,wisesight_sentiment,pos,266,master,False,
201,พรุ่งนี้จะไปกินฮอตพอตจะไปแม่งตั้งแต่เที่ยงเลย ☹️☹️☹️☹️,negative,wisesight_sentiment,neg,54,master,False,
202,จะขวนไปชาบูเนี่ย,negative,wisesight_sentiment,neg,16,master,False,
203,อย่าหักโหมมากนักเพื่อน5555555,positive,wisesight_sentiment,pos,29,master,False,
204,นี่ลังเลว่าจะไปซื้อลิปสีน้ำเงินที่เซโฟร่าอยู่ แต่แบบ 55555555555 ทาครั้งเดียวเลิกที่แท้จิง,negative,wisesight_sentiment,neg,90,master,False,
205,ที่จอดรถหายากนิดนึง,negative,wisesight_sentiment,neg,19,master,False,
206,ห้องพักสะอาดดี มีระเบียงหลังห้อง,positive,wisesight_sentiment,pos,32,master,False,
207,โอ้ยยยย โคตรดีอ่ะคุณจิตติ รักในความกากของพี่อาร์คความเกรียนและโง่ของน้องอาร์ม ชอบตอนอิน้องงอแงสุดๆ บ่นทุกอย่างที่มีออกมาหมดไม่มีกั๊ก อิพี่คนกาก ใช้โควต้าความกากเต็มแม๊กมาก จีบน้องมานานน้องยังไม่รู้ตัวกากแค่ไหนถามใจดู,positive,wisesight_sentiment,pos,216,master,False,
208,ทีนี้กูไม่เห็นไอ้พวก ที่ค้านจดทะเบียนหุ้นเบียร์ช้างเข้าตลาดหลักทรัพย์เลย มันหายหัวไปไหนหมด และที่นี้แม่งไม่มอมเมาเหรอ,negative,wisesight_sentiment,neg,117,master,False,
209,ข่าวย้อนหลังมาสด้าเยอะ หลังการขายต้องปรับปรุงอีกเยอะ,negative,wisesight_sentiment,neg,52,master,False,
210,ขอบคุณคร๊าบบบบบ🙏🙏,positive,wisesight_sentiment,pos,17,master,False,
211,คือคักแท้น้อ🍽,positive,wisesight_sentiment,pos,13,master,False,
212,ข้าวสวย รสชาติเลวร้ายมากๆ ไม่ทราบว่าใช้ข้าวอะไรมาหุงให้ลูกค้าทาน แย่มากๆเลย,negative,wisesight_sentiment,neg,75,master,False,
213,ชอบคุยกับผู้หญิงมากกว่าอ่ะ ผู้ชายชอบลากเข้าเรื่องเงี่ยน เบื่อรำ5555555😭,negative,wisesight_sentiment,neg,71,master,False,
214,บาบีก้อนอีกละ เพิ่งจะกินวันก่อน เบื่อความกินไรซ้ำๆ,negative,wisesight_sentiment,neg,50,master,False,
215,ถ้าถูกจะเลี้ยงเอ็มเค แคบเลย,positive,wisesight_sentiment,pos,27,master,False,
216,นิสสัน นาวาร่า แบล็คอิดิชั่น รูปทรงแข็งแรงบึกบึน สวยน่าใช้มากครับ แถมมีโข้อเสนอ ปรโมชั่นพิเศษอีกเพียบ..สุดยอด,positive,wisesight_sentiment,pos,109,master,False,
217,#ประเทศกูมี เพลงนี้ไม่ผิด ถูกทุกข้อ ไว้อาลัยกับความยุติธรรมของประเทศนี้ #นาฬิกาหรู,negative,wisesight_sentiment,neg,82,master,False,
218,แสงโสมไง ละกูไม่ชอบไง,negative,wisesight_sentiment,neg,21,master,False,
219,เมนูเหล้าปั่น jack daniel honey ผสมไอติมวนิลาครับ ดูดลื่นนุ่มคอหอมหวาน เมาแบบไม่รู้เรื่องกันเลยทีเดียว 5555,positive,wisesight_sentiment,pos,107,master,False,
220,กูเลิกแดกเบียร์สิงห์แล้วเว้ยยย นั่งกินเชี่ยงชุนแทน,negative,wisesight_sentiment,neg,50,master,False,
221,อยากได้ค่ะเพราะชอบกรีดตามากๆค่ะ​ ใช้ยี่ห้อไหนก็ไม่ได้ดั่งใจเลยค่ะ​ ของเค้าดีจริง​นะคะอายไลน์เนอร์​ มิสทีน,positive,wisesight_sentiment,pos,105,master,False,
222,เสียดายไฮเนเก้นลังนั้นมากค่ะที่หนูไม่ได้แตะมันซักหยด ร้ง,negative,wisesight_sentiment,neg,56,master,False,
223,Bt50pro เครื่องตัวเดียวกับฟอร์ดranger T6 มีปัญหาปั้มน้ำมันเครื่องเปราะเนื่องจากการใช้ปั้มเวน มีโอกาสพังทุกคัน ช่วงก่อนแสนโลจนถึงหลังแสนโลไปแล้ว มีวิธีแก้คือเอาปั้มแบบเกียร์มาใส่แทน,negative,wisesight_sentiment,neg,180,master,False,
224,หมดเขต ก่อนพอดี,positive,wisesight_sentiment,pos,15,master,False,
225,อยากกินจัง,positive,wisesight_sentiment,pos,10,master,False,
226,อัพเดต Innisfree จากพี่หิ้วนะคะ อาจจะได้ของไม่ตรงตามที่เลือกมาน้า เพราะพี่เค้ากลัวเอาของแถมมาให้ไม่ทัน ถ้ามั่วแต่เลือกคงไม่เลย ตอนนี้ได้บางส่วนนะคะ เดี๋ยวรอตอนดึกๆ จะมาอัพว่าได้เซตไหนบ้างนะคะ #เลิฟcos #รีวิวเลิฟc,negative,wisesight_sentiment,neg,212,master,False,
227,กฎหมายบังคับให้รถที่จะจดทะเบียนเป็นแท๊กซี่ต้องเครื่องยนต์ 1600 ccขึ้นไปถ้าเป็น HONDA ก็ต้องCIVICขึ้นไปแต่ราคาก็สูง อะไล่ก็แพงและหายากไฟแนนท์ส่วนใหญ่จึงไม่ปล่อยกู้เพราะรถที่ทำแท๊กซี่มาแล้วยึดมาก็ขายต่อยากมาก!,negative,wisesight_sentiment,neg,207,master,False,
228,วันอาทิตเลย,positive,wisesight_sentiment,pos,11,master,False,
229,อยากกินนะคับ แต่กินไม่คุ้มนะสิ ผมเป้นโรคไต ต้องใส่น้ำยาล้างไต ไว้2ลิตรกว่า กิน ข้าว ครึ่งจานก้อแน่นท้องละ ปล.กห่อกลับบ้านได้ไหม อิอิ ล้อเล่นคับบ,negative,wisesight_sentiment,neg,144,master,False,
230,ป้ะๆ ไปกันนนนน น้าาาา,positive,wisesight_sentiment,pos,21,master,False,
231,วันนี้จัดไปเลยค่า5555 ขอบคุณนะคะ,positive,wisesight_sentiment,pos,32,master,False,
232,เห็นหมูกระทะ หรือบาบีก้อนแล้วจะอ้วกอ่เ แม่งหายเสี้ยนไปหลายเดือนแน่ๆ,negative,wisesight_sentiment,neg,67,master,False,
233,น่ากินอ่ะ 😉,positive,wisesight_sentiment,pos,11,master,False,
234,"Mazda ทำแบบนี้ แย่มาก พูดในฐานะลูกค้า Mazda (Mazda 3, CX-5)",negative,wisesight_sentiment,neg,59,master,False,
235,ผมก็เลิกบุหรี่ม้วนได้ ปีกว่าแล้ว สุขภาพดีขึ้นเยอะ,positive,wisesight_sentiment,pos,49,master,False,
236,งี้ต้องจัดแล้ว..ต่อไปนี้ขอเป็ดชิ้นสุดท้าย55😂,positive,wisesight_sentiment,pos,44,master,False,
237,จัดคะคุณเพื่อน,positive,wisesight_sentiment,pos,14,master,False,
238,อยากสวยเหมือน พี่เนย โชติกาสิค่ะ สวยไม่เปลี่ยน #มาส์กโชสวยข้ามคืน #cho_cosmetics #daradaily #ดาราเดลี่,positive,wisesight_sentiment,pos,102,master,False,
239,New Civic Hatchback Red รถสปอร์ตหรู่ ดีไซน์โดดเด่นทั้งภายนอกและภายใน พบกันที่โชว์รูมฮอนด้าทั่วประเทศค่ะ,positive,wisesight_sentiment,pos,103,master,False,
240,ช่วยๆกันครับ ผมเป็นอีก1กำลังเล็กๆ ทำไม่ได้ยากอะไร เพื่อความถูกต้องครับ,positive,wisesight_sentiment,pos,70,master,False,
241,ใครเซียน #rov ต้องชอบอันนี้ อ่านสกิล แต่ละตัวแล้วฮา แล้วแบ็คกราวด์บ่งบอกหัวหน้าทีมมาก ภาพใส่ความหมายกับกิมมิคให้ตีโจทย์ 555 ชอบๆ #เลือกตั้ง62 สีสันดี เอามาจากไหน? เอามาจาก เพจ rovไหมละ เด้อ!!!!,positive,wisesight_sentiment,pos,193,master,False,
242,ยูเบียร์ ยูแดรก ไอไม่แดรก,negative,wisesight_sentiment,neg,25,master,False,
243,"ราคามือ2อิงbluebookน่ะใช่ แต่เต้นท์รับมาราคานั้นใหม ก็ไม่ แล้วถ้ารถปล่อยยาก ก็ต้องรับซื้อราคาต่ำ เพื่อปล่อยออกราคาต่ำเหมือนกัน หรือบางทีก็ไม่รับเข้าเต้นท์เลย เคยเจอtoyota เต้นท์ไม่รับ หรือรับก็ราคาตกกว่าmazdaใหมล่ะ มีช่วงนึงเมื่อ3-4ปีก่อนvigo, corolla ล้นเต้นท์ ขับเข้าไป คงไม่เอาล่ะน้อง มีเต็มเต้นท์เลย ไม่ก็กดราคาต่ำกว่าปกติ",negative,wisesight_sentiment,neg,326,master,False,
244,ไปทานทีไรไข่ไก่ไม่เคยได้ทานสักที ไม่เห็นมีวางไว้ให้เลย,negative,wisesight_sentiment,neg,54,master,False,
245,เหมือนเมนมีเรดาร์ในการไหลไปทุกที่ยกเว้นที่ที่มีผ้าอนามัยรองอะสัด,negative,wisesight_sentiment,neg,64,master,False,
246,รีบมาเลี้ยงสิร่ะ,positive,wisesight_sentiment,pos,16,master,False,
247,หรือแพ้คีลส์ ? คือไม่ควรปะ สิวขึ้นอีกละ ฮืออออ,negative,wisesight_sentiment,neg,46,master,False,
248,อยากแดก ใอ่สัส!! งงพ่องอ่า,positive,wisesight_sentiment,pos,26,master,False,
249,แม่นางชุลีกร อยากแซ่บหรอเจ้าค่ะ ข้าว่า เรา ทำรับทานกันที่เรือนจะดีกว่าไหม ชวนคุณพี่มาด้วยย,negative,wisesight_sentiment,neg,90,master,False,
250,🍒ช่วงนี้อินลิปเเมทYSLตัวนี้หนักมาก🍒เบอร์1นะ เราชอบตรงที่ถ้าทาเเบบใช้มือเกลี่ยๆ จะได้สีชมพูกลางๆ กำลังน่ารักเลย เเต่ถ้าทาเเบบเต็มปาก จะได้ลุคที่เเซ่บมากกก ข้อดีหลักๆเลยคือเป็นลิปที่ทาเเล้วสบายปากมาก เเนะนำเลยค่า Yves Saint Laurent Beauté- YSL Thailand,positive,wisesight_sentiment,pos,250,master,False,
251,ดีมากสุดยอดเลย,positive,wisesight_sentiment,pos,14,master,False,
252,อร่อยมากๆๆๆๆ ให้ 10/1.,positive,wisesight_sentiment,pos,22,master,False,
253,ยามเย็นริมโขง หนองคายนั่งจิบน้ำปั่นกับอากาศสบายๆ😋,positive,wisesight_sentiment,pos,49,master,False,
254,คิดถึง KFCครับ มันอร่อยกว่า,negative,wisesight_sentiment,neg,27,master,False,
255,กฏหมาย 3 เล่ม มันก็หยิบมาใช้จนผิดจนได้อ่ะครับ,negative,wisesight_sentiment,neg,45,master,False,
256,กูดูบอลอยู่ไม่เห็นมีป้ายเบียร์ช้างเลย ไหนมึงบอกเบียร์ช้างขายในพม่า แม่งเห็นแต่ป้ายเบียร์พม่า,negative,wisesight_sentiment,neg,92,master,False,
257,เลิกกิน 285 กันได้แร้วววว. 😁😁😁,negative,wisesight_sentiment,neg,30,master,False,
258,น่ากิน มันจะยืดแบบนั้นป่ะ,positive,wisesight_sentiment,pos,25,master,False,
259,เลิกกินเถอะ เอาเนื้อเป็นหนองมาขายเนี่ย,negative,wisesight_sentiment,neg,38,master,False,
260,มั่วแล้วเบียร์ช้างราคาเดิม.55,negative,wisesight_sentiment,neg,29,master,False,
261,ซอนโฮดื่มอเมริกาโน่ นุหลินดื่มมิลล์เชคต้ะ 😂😂😂,positive,wisesight_sentiment,pos,45,master,False,
262,CX5 คันละล้านครึ่งยังเก็บเสียงสู้มาสด้า2 ลูกหลานตัวเองไม่ได้เลยครับ จะไปว่าอะไรกับค่ายอื่น,positive,wisesight_sentiment,pos,90,master,False,
263,เลิกได้จิง กลับไปสูบบุหรี่มวนไม่ได้แถบอ้วกเลย,positive,wisesight_sentiment,pos,45,master,False,
264,เดี๋ยวนี้น้ำซุปบาร์บีคิวรสชาติจืด หมูก็เนื้อบางย่างแล้วแข็งๆ พิกล เมื่อวานเพิ่งไปกินมานะ ผิดหวังหน่อยๆ,negative,wisesight_sentiment,neg,102,master,False,
265,อยากหมี่หยกอะ,positive,wisesight_sentiment,pos,13,master,False,
266,ดราม่าเรื่องหมูบาบีก้อน / แล้วนี่พึ่งไปกินมา 5555555555555555555555555555555555555555,negative,wisesight_sentiment,neg,85,master,False,
267,ไม่ค่อยชอบไลน์อาหารของฮอทพอทเท่าไรรรรรรงิ,negative,wisesight_sentiment,neg,41,master,False,
268,เรื่องรถฮุนได กูร้องเชี่ยหนักมาก คือนั่นรถนะ 😂😂 ด้อมนี้นี่แม่ง กูยอม,negative,wisesight_sentiment,neg,68,master,False,
269,3 ขวด ช้างเพียวๆ ขวดที่4 ตังค์หาย ชิบหายละ ความซวยมาเยือนกุละ พุ่งนี้ จะกินอารัยกุ....ที่ไหนได้อยู่ในกางเกงตัวเก่า เอออ สรุป ... ม่ายมาวว นะ ม่ายยมาวว,negative,wisesight_sentiment,neg,150,master,False,
270,ไม่เวิคเค้าว่า 5555,negative,wisesight_sentiment,neg,19,master,False,
271,อยากๆ รอก่อนๆ,positive,wisesight_sentiment,pos,13,master,False,
272,เนยเคยสัมไว้ว่าไม่ชอบกินแมคโดนัลด์ ก็เลยกินซับเวย์แทนสินะ,negative,wisesight_sentiment,neg,57,master,False,
273,เป็นกำลังใจให้ครับ,positive,wisesight_sentiment,pos,18,master,False,
274,ที่ใหญ่เพราะมาจากสำนักงานทรัพย์สิน สินะ ... อีตากัปตันนี่เงิบด้วยป่าววะ?,negative,wisesight_sentiment,neg,72,master,False,
275,ผมคนนึงที่ชอบลองดื่มเหล้าใหม่ๆแปลกๆที่ไม่เคยดื่ม...พอได้ลองยี่ห้อนี้ไป บอกเลยว่าไม่เอาอีกแล้ว #บอกเลยว่าแรงจริงบ่ไหวบ่ไหว 😂😂😂,negative,wisesight_sentiment,neg,125,master,False,
276,สู้ๆนะค่ะเราก้อเป็นมะเร็งเตานมเหมือนกันแต่เราให้คุณหมอตัดออกยกออกทั้งฐานนมเพราะเราไม่อยากเก็บมันเอาไว้คุณหมอก้อแนะนำให้ตัดรักษาเตาเอาไว้ก้อได้แต่เราบอกไม่ต้องค่ะเอาออกไปให้หมดเลยตอนนี้ให้คีโมฉายแสงครบหมดแล้วสู้ๆนะค่ะ,positive,wisesight_sentiment,pos,216,master,False,
277,ไปกินกานนนน,positive,wisesight_sentiment,pos,11,master,False,
278,นึกว่าจะลดหมู แต่ลดเป๊ปซี่ 😆,negative,wisesight_sentiment,neg,28,master,False,
279,ได้สิ มีแก้วmkอยู่,positive,wisesight_sentiment,pos,18,master,False,
280,ปกติซื้อเดอะเฟสช็อปน้อยมากส่วนใหญ่ก็อินนิสฟรีงี้แต่แบบฉันจะซื้อเดอะเฟสช็อปจะเห็นกัซเป็นพรีเซ็นเตอร์อีกตัวแล้วคิดเงินด้วยค่ะ,negative,wisesight_sentiment,neg,123,master,False,
281,ไหนบอกมีรีฟิว ลบรูปไปซะและ,negative,wisesight_sentiment,neg,26,master,False,
282,พงศกรดื่มเบียร์ด้วยเหรอ ตาเยิ้มเชียว ที่ตาเยิ้มเพราะกินเบียร์ หรือว่าง่วงนอนอ่ะ ร๊ากกกน่ะ 😝😝😝,positive,wisesight_sentiment,pos,93,master,False,
283,ผมชื่นชอบครีมกันแดด Biore UV Essence สูตรใหม่ตัวนี้ เพราะเนื้อบางเบาซึมซาบเร็ว ไม่เป็นคราบ ไม่เหนียวเหนอะหนะ ปกป้องแแดดทั้ง UVA UVB และกันน้ำได้ SPF สูง PA+++ ((((((( 😍😎😘ช่วยปกป้องให้หน้าเด็กอ่อนวัยสดใสเด้งดึ๋ง😝😆😉))))))) สะใจไชโยโอ้โหดีเว่อร์ กันน้ำได้ กันฝนก็ได้ เหมือนสวมเกราะป้องกันทุกสภาพอากาศ แบบนี้ต้องลอง จัดมา!!! #BioreUVEssence #BioreFunInTheSun #FunInSongkran #กันแดดกันแก่ที่ดีที่สุด #กันแดดอันดับ1จากญี่ปุ่น,positive,wisesight_sentiment,pos,419,master,False,
284,เอาโลโก้นิสสันออกแล้วเอาgtrมาแปะจะดูดีกว่านี้แยอะ,negative,wisesight_sentiment,neg,49,master,False,
285,อยากกินเอ็มเค อีดอกหิว,positive,wisesight_sentiment,pos,22,master,False,
286,ชอบเทคโนโลยี เครี่องยนต์ดีเซลในhonda crv เพราะว่าเครี่องยนต์แรงประหยัดน้ำมันเป็นมิตรต่อสิ่งแวดล้อมได้อีกด้วย #TheFuturesWhatWeCreate,positive,wisesight_sentiment,pos,132,master,False,
287,อยากกินบาบีก้อนหรอ555555,positive,wisesight_sentiment,pos,24,master,False,
288,สมชื่อจริงๆๆ ไทยเเลนด์แดนกะลา,negative,wisesight_sentiment,neg,29,master,False,
289,สั่งชุดเห็ดกันมั้ยเรา,positive,wisesight_sentiment,pos,21,master,False,
290,เครถ้าไม่กล้บบ้านน๋า,positive,wisesight_sentiment,pos,20,master,False,
291,ไมได้ลดราคาเลย😔😤,negative,wisesight_sentiment,neg,16,master,False,
292,ผมสนใจ mazda 2 ดีเซล มือสอง ที่มีปัญหา จะพอแก้ไขได้ไหม,positive,wisesight_sentiment,pos,54,master,False,
293,ไปมั้ยล่ะ😆😆,positive,wisesight_sentiment,pos,11,master,False,
294,คงฮาแบบดาร์คๆถ้าบาร์บีก้อนแถลงแจกยาถ่ายพยาธิ,negative,wisesight_sentiment,neg,44,master,False,
295,น้องหงส์ทอง 😚,positive,wisesight_sentiment,pos,13,master,False,
296,ไม่เห็นมีเลย,negative,wisesight_sentiment,neg,12,master,False,
297,หายใจไม่ออกแล้วววววววว #KissBoysTH #Saint_Sup #MeanPhiravich,positive,wisesight_sentiment,pos,60,master,False,
298,🚙 All-new Honda Civic Hatchback คันที่อยู่ในวงสีแดง คันที่ 4 นับจากทางซ้าย และอยู่ในแถวที่ 2 นับจากแถวล่างนะคะ #แอบเสียดายคะซื้อรุ่นELไป #EnjoyHondaThailand #ilovecivic,negative,wisesight_sentiment,neg,168,master,False,
299,เทคนิค คือ เลือกกินอาหารเสริมที่ช่วยป้องกันแดดและเลือกใช้ผลิตภัณฑ์กันแดดที่มี spf50ขึ้นไป ทาทุกวันแม้อยู่ที่บ้าน ถ้าออกนอกบ้านก็ใส่เสื้อคลุมและหมวกเพื่อป้องกันอีกชั้นนึงค่ะ เหตุผลที่อยากได้กันแดด Nivea Sun instant aura เพราะมี spf50+ pa+++ ซึ่งสามารถป้องกันแสงแดดได้อย่างมีประสิทธิภาพ และยังบางเบาสามารถแต่งหน้าทับได้ทันทีโดยที่ไม่ทำให้เป็นคราบ และช่วยให้ผิวผ่องขึ้นอีก 1 เฉด อีกด้วยค่ะ,positive,wisesight_sentiment,pos,386,master,False,
300,งวดหน้าเดี่ยวเจอสายเขียว,positive,wisesight_sentiment,pos,24,master,False,
301,#No3 ใช้ดีสุดๆ ซองนี้นี้เอง ที่เราใช้อยู่ KA UV babyface SPF 42 PA+++ ครีมกันแดดหน้าเนียน ใช้แล้วไม่เป็นสิวอุดตัน ไม่เกิดสิว ไม่มีแอลกอฮอล์ ใช้แล้วทำให้หน้าเด็กลง แดดจะร้อนแค่ไหน กันแดด KA ก็เอาอยู่จร้า แท็กเพื่อน 5 คน👇 #KAx7Eleven #KAUVBabyFace,positive,wisesight_sentiment,pos,245,master,False,
302,เปิดแล้วจ้า,positive,wisesight_sentiment,pos,11,master,False,
303,ควรไปจัดนะ🐷🐷🐷,positive,wisesight_sentiment,pos,13,master,False,
304,กินแสงโสมดีฟ่า,positive,wisesight_sentiment,pos,14,master,False,
305,ข้างเดียวก๊านนนน ลองหาอะไรกระแทกให้ม่วงแล้วไปลองกลบที่ Shop nyx ก็ได้,positive,wisesight_sentiment,pos,69,master,False,
306,ลวกสุกี้ กับบะหมี่เป็ดย่างนานขนาดนั้นเลย หรือกำลังไปจับเป็ดอยู่คะ,negative,wisesight_sentiment,neg,65,master,False,
307,ขอบคุณคร้าบ 😍,positive,wisesight_sentiment,pos,13,master,False,
308,นี่ปิ้งละใช่ป้ะวะ แม่ง อารมณ์เสีย เสียของหมด วุ๊ #เซเว่น #711,negative,wisesight_sentiment,neg,61,master,False,
309,อยากกิน เอ็มเค. อยากกก,positive,wisesight_sentiment,pos,22,master,False,
310,กินอะไร กินอะไร ไปกินเอ็มเคคคค 😂,positive,wisesight_sentiment,pos,32,master,False,
311,เรื่องเส้าที่ไม่มีวันลืมคือ peripera ที่พึ่งซื้อมา ใช้ไปไม่ถึง 10 ครั้ง หล่นหาย อีควย,negative,wisesight_sentiment,neg,85,master,False,
312,แต่คือกุหิวไง. สัส. แท้กมาพาหิว,negative,wisesight_sentiment,neg,31,master,False,
313,ป่ะๆ 99บาท,positive,wisesight_sentiment,pos,10,master,False,
314,ได้เยอะจนแบบกุไม่เอามาสด้า2ละ,negative,wisesight_sentiment,neg,29,master,False,
315,ราชการซื้อโต๊ะจีนพรรคพลังประชารัฐ นายอำเภอพาพรรคพลังประชารัฐหาเสียง พรรคพลังประชารัฐซื้อเสียงผ่านบัตรคนจน คุณประวิตรทำตัวไม่รู้ไม่ชี้ ไม่หือไม่อือใดๆ แต่รถตุ๊กๆ ติดป้ายหนุนพรรคเพื่อไทย คุณประวิตรกลับเป็นเดือดเป็นร้อน จะเล่นงานเอาผิดเขา,negative,wisesight_sentiment,neg,235,master,False,
316,มันน่าาาา.,positive,wisesight_sentiment,pos,10,master,False,
317,ชอบแสนสิริมากกก,positive,wisesight_sentiment,pos,15,master,False,
318,ไม่กินลีโอ,negative,wisesight_sentiment,neg,10,master,False,
319,หมูววววววว ถูกกว่าเมื่อวานอีก 😱😱,positive,wisesight_sentiment,pos,32,master,False,
320,น้องใหม่เค้าแสดงร้องเพลงแล้วเต้น เป็นการแสดงโฆษณาผ้าอนามัยย่ะ สวยกว่าใบเตยเป็นร้อยเท่ายิ่งลำใยอย่าเอาเปรียบเทียบเทียบไม่ติดหรอก มันคนละสไตล์กัน,negative,wisesight_sentiment,neg,143,master,False,
321,มีแต่ตำหนวดขี่มอไซค์นำพี่น้องเสื้อแดง ไปตื๊บคนสงสัย....,negative,wisesight_sentiment,neg,55,master,False,
322,หู้ยยย เพิ่งสระผม เสียดายแชมพู5555,negative,wisesight_sentiment,neg,34,master,False,
323,ชอบ Nissan X-Trail ค่ะ สวยหรู ขับง่ายปลอดภัย สมรรถนะเยี่ยม ประหยัดน้ำมัน,positive,wisesight_sentiment,pos,72,master,False,
324,แต่ไม่เอาซีวิคได้ม้ะ,negative,wisesight_sentiment,neg,20,master,False,
325,ถ้าเป็นอิสุกับโตต้า คิดแบบนี้ถูก100% แต่ฟอร์ดไม่ใช่แน่นอน ตอนRaptorก็มีคนคอนเฟิร์มว่าได้เครื่อง3.2 เกียร์6speed กับสติ๊กเกอร์ Raptor แล้วก็ชุดแต่ง คงไม่กล้าเอาเครื่องใหม่เกียร์ใหม่มาลง ถ้าเปลี่ยนแค่กระจังหน้าฟอร์ดจะเอารถมาวิ่งทดสอบให้เสียเวลาหลายเดือนทำไมล่ะครับ ที่วิ่งทดสอบเขาเปลี่ยนหลายอย่างโครงสร้างบางส่วนของตัวรถ เครื่องใหม่ เกียร์ใหม่ ระบบหลายส่วนที่ต้องทำงานร่วมกับเครื่องยนต์ตัวใหม่,positive,wisesight_sentiment,pos,391,master,False,
326,ลองแล้วรสนี้อร่อย... ชอบๆ,positive,wisesight_sentiment,pos,25,master,False,
327,แพงไม่กิน หมูบาง ไม่มีตัง จน,negative,wisesight_sentiment,neg,28,master,False,
328,เมื่อวานไปกินกระเพราเป็ดมาค่ะ อร่อย 😋,positive,wisesight_sentiment,pos,37,master,False,
329,ไม่ถามก็ไม่บอกครับ ร้านก็หรู ไม่น่าขี้งกเลย,negative,wisesight_sentiment,neg,43,master,False,
330,กำลังไปจร้า..รอแปบนะนู๋ก้อน,positive,wisesight_sentiment,pos,27,master,False,
331,ไม่อยากจะเชื่อว่าคนมาร่วมกิจกรรมของพรรคอนาคตใหม่ที่ตลาดเซฟวัน โคราช มากมายขนาดนี้ ขอขอบคุณทุกท่านมากๆ ครับ กิจกรรมของเรา ยังไม่สิ้นสุดแค่นี้ #วันพรุ่งนี้ เจอกันที่ จ.เพชรบูรณ์ พิจิตร และพิษณุโลก รายละเอียดตามโปสเตอร์นะครับ,positive,wisesight_sentiment,pos,222,master,False,
332,ไปวันไหนดรี,positive,wisesight_sentiment,pos,11,master,False,
333,ไม่กี่วันก่อนมีชาวจีน DM มาแสดงความยินดีที่ประเทศไทยจะเป็นประเทศแรกในเอเชียที่ออกกฏหมาย พรบ.จดทะเบียนคู่ชีวิตสำเร็จ (แต่งงานเพศเดียวกัน) พร้อมกับแคปจอส่งรูปข่าวใน Weibo เว็บSNSใหญ่ของจีนมาให้!! เท่าที่ Google แปลคือมีแต่คนอิจฉา เราก็ได้แต่พิมพ์ให้กำลังใจ หวังว่าจีนจะมีบ้างนะ 😊✨,positive,wisesight_sentiment,pos,278,master,False,
334,อืม..จริงบางทีไม่ได้แสดงความคิดเห็นอะไรไม่ได้แปลว่าไม่เชียร์ไม่รักเค้าทั้งคู่นิหน่า....แต่ที่แน่ๆ เราไม่ดื่มสปายค่า…,negative,wisesight_sentiment,neg,116,master,False,
335,กินแล้วอ้วกแตกภาพตัด ลาก่อย,negative,wisesight_sentiment,neg,27,master,False,
336,ไม่ได้สังเกตุอะ แต่คงไม่พาไปกินละ เข็ดละ ถึงเค้าชอบก้เถอะ,negative,wisesight_sentiment,neg,57,master,False,
337,สู้ๆๆๆๆๆๆๆๆ,positive,wisesight_sentiment,pos,11,master,False,
338,เบื่อกับความคิดพวกควายๆ ถามมาได้ดูดเพื่อ !! ไอควายเพราะมันมันเป็นทางเลือกอีกทางสำหรับการเลิกบุหรี่,positive,wisesight_sentiment,pos,98,master,False,
339,เกาเหลาตับ+ลูกชิ้น ข้าวเปล่า พร้อมโค้กแช่เย็นจัด น้ำแข็งบดละเอียดในแก้วสแตนเลส ชื่นใจจริงงงงงงงงงง pic.twitter.com/KrFYhKBcya,positive,wisesight_sentiment,pos,125,master,False,
340,พึ่งจองคัมรี่ไป เฮ้อ,negative,wisesight_sentiment,neg,20,master,False,
341,ไม่แปลกค่ะ หลอกควายแค่ไหน สาวกก็พร้อมจะเชื่อนี่คะ เห็นบอก ชอบตรวจสอบได้ แต่ไม่เคยตรวจสอบคนที่ตัวเองรักเลย มีหน้ามาด่าสลิ่มกันอีก,negative,wisesight_sentiment,neg,128,master,False,
342,มีเพียงเล็กน้อยค่ะ ผลิตภัณฑ์บิโอเรได้ผ่านการทดสอบการระคายเคืองต่อผิวค่ะ,positive,wisesight_sentiment,pos,71,master,False,
343,ป้ะ ไปคลีนกัน,positive,wisesight_sentiment,pos,13,master,False,
344,ชุดเริ่มต้นก็เกือบๆ3000แล้วครับ รวมถ่านรางชาร์จ ยังไม่นับลวดอุปกรณ์ส่วนควบอื่นๆอีก ซึ่งยากที่เยาวชนจะเข้าถึงอย่างที่เขาเอามากล่าวอ้างครับ,negative,wisesight_sentiment,neg,137,master,False,
345,สั่งแมคฟิส ได้ซอสมา1 ซอง ควรใช้วิจารณญาณในการหยิบใส่,negative,wisesight_sentiment,neg,52,master,False,
346,ดูแยกเป็นอย่างๆไปครับ เบียร์ช้าง แพง ขวดละร้อยยี่สิบ ยังกับกินในผับ ข้าวสวย แพง โค๊ก แพง,negative,wisesight_sentiment,neg,88,master,False,
347,ออข้าไม่ได้ใจร้ายออข้าไม่มีเงิน,negative,wisesight_sentiment,neg,31,master,False,
348,เงินเดือนออกค่ะ 555,positive,wisesight_sentiment,pos,19,master,False,
349,กว่าจะผลิตรถขายได้ ฟอร์ดต้องเสียค่าโฆษณา อีกนานเลย,negative,wisesight_sentiment,neg,50,master,False,
350,ถ้าจะจับจริงๆ ขอเชิญคุณตำรวจไปที่ครองถมกรุงเทพซิครับ เทปผีซีดีเถื่อนหนังโป๊ บุหรี่ไฟฟ้าขายกันเกลื่อน,negative,wisesight_sentiment,neg,100,master,False,
351,รีโว่ตอนเดียว A4 ให้ระบบไฟฟ้ามาเเล้วครับผม ทั้งกระจกข้าง กระจกมองหลัง กุญแจรีโมท 😄,positive,wisesight_sentiment,pos,82,master,False,
352,กินกุ้งเคล้าเบียร์สิงห์😁,positive,wisesight_sentiment,pos,24,master,False,
353,ชอบเกี๊ยวซ่าอ่ะก้อน อร่อยดี,positive,wisesight_sentiment,pos,27,master,False,
354,อยากกกกกกิน,positive,wisesight_sentiment,pos,11,master,False,
355,พาไปกินหน่อย😊😊,positive,wisesight_sentiment,pos,14,master,False,
356,คืนหลังสิ้นเดือนได้ไหม T_T,negative,wisesight_sentiment,neg,26,master,False,
357,เปิดแอร์ฉ่ำๆ กระดกป๋องดำ นอนดูซีรี่ย์,positive,wisesight_sentiment,pos,37,master,False,
358,แค่ท้องเสียก็5พันแล้วจ้า อีสมิติเวชศรีนครินทร์,negative,wisesight_sentiment,neg,46,master,False,
359,"Mazda ทำยอดจองในงาน Motor Show 2018 รวม 5,021 คัน อยู่ในอันดับ 3 โดย Mazda 2 คือรุ่นที่ทำยอดจองได้สูงที่สุด : 2,968 คัน (คิดเป็น 59.1 %) ตามด้วย CX-5, Mazda 3 และ CX-3",positive,wisesight_sentiment,pos,167,master,False,
360,วอดก้าที่คุณองกิน ซื้อมาลองละ แพงจัง กระป๋องละ3พันห้าร้อยวอนแหน่ะ รสชาติคือๆกับพวกสเมอร์นอฟแหละ,negative,wisesight_sentiment,neg,95,master,False,
361,ชิปปี้ก็ยังคงพูดเสียงแบ๊วเหมือนเดิม ดูที่โปรโมทบาบิก้อนในเฟส555555 แต่ก็ไม่แบ๊วขนาดแต่ก่อนแล้ว,negative,wisesight_sentiment,neg,94,master,False,
362,คือกูแค่อยากรู้ว่าปลายทางที่โอนไปอะมันของที่ไหน จะได้ไปตามเงินถูก คือกั๊กกันมาก ไม่ยอมบอกซะที,negative,wisesight_sentiment,neg,93,master,False,
363,ป่ะๆๆ พี่แม้ว,positive,wisesight_sentiment,pos,13,master,False,
364,เป็นคนผิวหน้ามันและรูขุมขนกว้าง ผิวมันแต่ขาดน้ำ วันไหนไม่ได้แต่งหน้าคือ หน้าสดไม่รอดค่ะ😅 แต่ยังโชคดีที่มาเจอน้ำตบLife Plankton ของBiotherm ใช้ขนาดทดลองมา2ขวดเอง รู้สึกว่าผิวหน้าชุ่มชื้น ผิวใสขึ้นมาก นี่ขนาดใช้ในปริมาณเล็กน้อยเท่านั้นนะคะ ผลลัพธ์ปลื้มมาก ช่วงมีสิว ตบน้ำตบก่อนนอนตื่นมาสิวยุบ เลยอยากได้ AQUASOURCE AURA มาเป็นคู่ซี้อีกตัว จะได้เปิดเผยหน้าสดแบบไม่อายบ้างค่ะ😘 #Beautygalerie #CentralDepartmentstore #BIOTHERMTHAILAND #AQUASOURCEAURA #หน้าสดแต่ไม่เศร้า,positive,wisesight_sentiment,pos,464,master,False,
365,จะบอกว่า นั่งเฝ้าเลยค่ะ คุณแหม่ม พอเปิดมาก็เป้นงี้เลย เสียใจ,negative,wisesight_sentiment,neg,60,master,False,
366,พาไปหน่อยจ้าาาา,positive,wisesight_sentiment,pos,15,master,False,
367,ความสนุกจากการได้ร้องเพลง ได้กระโดด พร้อมจิบเบียร์ลีโอเย็นๆ ให้มันชื่นใจ #LEOLUTION,positive,wisesight_sentiment,pos,83,master,False,
368,กรณีของแถมหมดพนักงานควรแจ้งลูกค้าก่อนน่าจะดีอย่างน้อยจะได้ไม่เสียความรู้สึก,negative,wisesight_sentiment,neg,75,master,False,
369,อยากกิน555นะๆๆๆๆ,positive,wisesight_sentiment,pos,16,master,False,
370,คือมันดีจริงๆ แบบไม่คิดว่าดีขนาดนี้อ่ะ ตัด 4u2 ทิ้งเลยตอนนี้ 5555555 เนื้อก็เบาปาก สีก็สุภาพ ถูกอีก โอเคสามผ่านนนนน,negative,wisesight_sentiment,neg,115,master,False,
371,ไม่เป็นค่ะ ราคาไหนก็กินเพราะอร่อยมาก😍,positive,wisesight_sentiment,pos,37,master,False,
372,เข้าไปกดทำตามขั้นตอน ได้บะหมี่ฟรี อิอิ,positive,wisesight_sentiment,pos,38,master,False,
373,มีทุกวันเบียร์ช้างตกกระป๋อง15 บาทเอง เหล้าก็เยอะแต่ของก๊อป บุรี่ก็เยอะ,negative,wisesight_sentiment,neg,70,master,False,
374,สงสัย HONDA จะงานเข้าแน่ มีคนตายเนื่องจากระบบกลไกพับเบาะท้ายของรถ ขนาด TOYOTA ที่มีปัญหาระบบเบรก จนเกิดอุบัติเหตุ อเมริกายังเรียกประธาน toyota ญี่ปุ่นไปขึ้นศาลแถมโดนค่าปรับจนอ่วม รอบนี้ HONDA คงมีหนาว,negative,wisesight_sentiment,neg,200,master,False,
375,ไปกะพ่อ พ่อคนเดิมเพิ่มเติมเด่วบอก 55555,positive,wisesight_sentiment,pos,39,master,False,
376,เอ็มเคไม่เอา เบื่อ,negative,wisesight_sentiment,neg,18,master,False,
377,แพ๊คของเรียบร้อยดี,positive,wisesight_sentiment,pos,18,master,False,
378,เดี๋ยวตอนเยนไปดีกว่า,positive,wisesight_sentiment,pos,20,master,False,
379,ดีแม็กไม่มีสักรุ่นครับ ยกเว้นตัวท็อปยกสูงที่มีมาให้ งกจริงๆ ผมใช้ยกสูง4ประตูรองท็อปยังไม่มีพับไฟฟ้าเลย,negative,wisesight_sentiment,neg,102,master,False,
380,ผมชักไม่มั่นใจในนิสสันแล้ว,negative,wisesight_sentiment,neg,26,master,False,
381,ลาบลุงน้อยนี่พวกเหี้ยเลิกคาบเช้า ยกแสงโสมไปกลมนึง น้ำแข็งฟรีน้ำเปล่าฟรี แดกตอนเที่ยงแล้วเมามาเรียนคาบบ่ายต่อ,negative,wisesight_sentiment,neg,108,master,False,
382,อยู่ภูเก็ตเอาใจช่วยครับ,positive,wisesight_sentiment,pos,23,master,False,
383,เอามะ จัน-ศุกร์ไม่จำกัดเวลา,positive,wisesight_sentiment,pos,27,master,False,
384,ใส่ผ้าอนามัยนั่งจนตูดเป็นแผลละอ่ะ โห้ว,negative,wisesight_sentiment,neg,38,master,False,
385,วันที่หิวมากๆ จะดี,positive,wisesight_sentiment,pos,18,master,False,
386,บาบีกอนรออยู่น๊าาา,positive,wisesight_sentiment,pos,18,master,False,
387,คุณภาพต้องยกให้โตโยต้าแหละครับทุกๆด้านเหนือกว่าทุกค่าย..แต่ถ้าพูดถึงรูปลักษณ์..วีโก้ก่อนจะเปลี่ยนเป็นรีโว้ตัวนั้นถูกใจผมสุดๆ,negative,wisesight_sentiment,neg,124,master,False,
388,กลับไปต้องโดนปะ,positive,wisesight_sentiment,pos,15,master,False,
389,L'Oréal Paris ชอบเหมือนกัน,positive,wisesight_sentiment,pos,26,master,False,
390,มาสด้าติดอยู่ข้อเดียว ห้องผู้โดยสารข้างหลังแคบมาก,negative,wisesight_sentiment,neg,49,master,False,
391,เคยทำความรู้จัก ฝ ชาวออสซี่คนนึง เค้าจะมาเมืองไทยบ่อยมาก เราก็ใช้สกิลเสือกถามว่ามีภรรยาที่นี่เหรอ เค้าปฏิเสธว่าไม่ใช่ แต่มาหาหมอ เช่นหมอฟัน หมอผิวหนัง เพราะราคาที่ไทยถูกกว่าและบริการดีกว่ารวมถึงคุณภาพก็ไม่ได้แย่กว่า รวมแล้วคุ้ม,positive,wisesight_sentiment,pos,227,master,False,
392,ไวท์ ไวท์ฟอนคอล หิวววว,positive,wisesight_sentiment,pos,22,master,False,
393,ป้ายโฆษณาที่ตึกดันเป็นเบียร์ลีโอ อีก มันก็คล้าย ๆ เสือดำอยู่ ซวยจริง ๆ เปรมชัย โดนโยงไปหมด 😂,negative,wisesight_sentiment,neg,92,master,False,
394,นี่มันอะไรกัน หยุดปีใหม่กูไม่ได้เที่ยวอยู่แต่บ้านแถมยังทำงานบ้านทุกสิ่งอย่างขัดห้องนํ้ายันตัดต้นไม้ บาบีก้อนก็ไม่ได้กิน ร้องหั้ยยย,negative,wisesight_sentiment,neg,130,master,False,
395,อห!! เอาน้องมาขายผ้าอนามัย อิเวง 😂,negative,wisesight_sentiment,neg,34,master,False,
396,เพิ่งผ่าน แต่ยังไม่เทียบเท่าพรบ.คู่ชีวิต เพราะยังไม่ครอบคลุมเรื่องสิทธิ์ประกันชีวิตและอื่นๆ,negative,wisesight_sentiment,neg,91,master,False,
397,มีJo Maloneที่สนบ.ดอนเมืองค่า,negative,wisesight_sentiment,neg,29,master,False,
398,แพงกว่า fortuner mu x เอเวอเรส อีก,negative,wisesight_sentiment,neg,34,master,False,
399,ได้ๆถ้ารอพี่ถูกหวยสิ้นเดือนนี้พี่จัดให้,positive,wisesight_sentiment,pos,39,master,False,
400,อย่างนี้ต้องลอง,positive,wisesight_sentiment,pos,15,master,False,
401,เตือนภัยๆๆๆ ตอนนี้กำลังสะพรึงกันมากที่เกาหลีเรื่องผ้าอนามัยยี่ห้อดังที่คนใช้กันเยอะมากเพราะชอบ1+1 กำลังโดนแหกว่ามีผลข้างเคียงกับน้อง อีเว้งง,negative,wisesight_sentiment,neg,140,master,False,
402,เสียงมาสด้า Sky ท่อคู่ เสียงนุ่ม 📌📌📌,positive,wisesight_sentiment,pos,36,master,False,
403,ลงทีใหนคับ,positive,wisesight_sentiment,pos,10,master,False,
404,ทำไงดี ไดอารี่ สีชมพู ซื้อไม่เป็น,positive,wisesight_sentiment,pos,33,master,False,
405,วันนี้มีโอกาสได้ฟังการปราศรัยของพ่อรู้สึกชอบที่พ่อปราศรัย มันให้อารมณ์แบบนั่งคุยกันสบายๆ ให้ใช้ความคิดและการตัดสินใจของตัวเองในการเลือก แต่แอบมีหยอดว่าเลือกอนาคตใหม่ก็จะดี 😂😂😂 #ฟ้ารักพ่อ,positive,wisesight_sentiment,pos,186,master,False,
406,สนใจMG3ค่ะ,positive,wisesight_sentiment,pos,10,master,False,
407,คิดถึงสิบกวาปีที่แล้วแข่งรถโมแบบนี้ เร็วเกินหลุดรางไปเลยบอดี้หักกระจุย มีคนซื้อมอเตอรต่อห้าพันเราบอกให้ยืมถ้าชนะเลี้ยงhotpot สรุปมันได้ที่1เลย จนกลายเป็นนักโมติดอันดับตอนเด็ก5555 ต้องกลับไปลื้อกรุเก่าละซากมันยังอยู่ไหม,positive,wisesight_sentiment,pos,218,master,False,
408,อวสานโลกสวย ใครจะไปคิดว่าจะเจอกับตัวเอง อีเหี้ยยยเดินอยู่ดีๆมีกระป๋องเบียร์ลีโอลอยโดนข้างตาเฉยย คือเค้าแจกเบียร์ไง…,negative,wisesight_sentiment,neg,115,master,False,
409,ที่ เซนหาดไหญ่ หาม่ายอ่อ,negative,wisesight_sentiment,neg,24,master,False,
410,เดินหาหมูจุ่มมาตั้งแต่เพลาชาย... MK แก้ขัดไปก่อนละกันนะออเจ้า 😁😋💕,positive,wisesight_sentiment,pos,65,master,False,
411,สู้ๆครับพี่,positive,wisesight_sentiment,pos,11,master,False,
412,ไปๆ วันจันนะ,positive,wisesight_sentiment,pos,12,master,False,
413,ผมเลิกดูดบุหรี่ได้เพราะบุหรี่ไฟฟ้า ดูดมา10ปี ครับ,positive,wisesight_sentiment,pos,49,master,False,
414,ชอบ toyotabuzz จัดกิจกรรมตลอด คืนกำไรให้กับลูกค้า,positive,wisesight_sentiment,pos,49,master,False,
415,เพื่อนพร้อมใจก้อพร้อมดิ 55,positive,wisesight_sentiment,pos,26,master,False,
416,เอาให้ว่าวตรงกันก่อนเถอะ,positive,wisesight_sentiment,pos,24,master,False,
417,แนะนำ: จอมเวทฝึกหัดกับหมวกมหัศจรรย์ (วิบูลย์กิจ) ภาพสวยมาก เส้นละเอียด แถมเรื่องก้อสนุก ให้อารมโรงเรียนเวทมนตร์ แม่มดฝึกหัด อะไรเทือกนั้น ใครชอบแหรี่ พอตเต้อ น่าจาชอบเรื่องนี้นะ สนุกจริง ๆ ตอนนี้ออกมาสามเล่มแล้ว (มีอีบุ๊ก),positive,wisesight_sentiment,pos,222,master,False,
418,เมย่าก้ร่วมรายการ,positive,wisesight_sentiment,pos,17,master,False,
419,ผมอยู่ในกรุ๊ปเบียร์นั้น บอกเลยรำคาญป้านั้นเรียกไลค์มากๆ พอเขาเถียงก็แถ ลีโอขวดเดียวยังลงได้ตั้งสามครั้งแหนะคิดดู ถถถ,negative,wisesight_sentiment,neg,116,master,False,
420,ได้ข่าวว่าเมื่อวานบาบีก้อน เอดอกกก,positive,wisesight_sentiment,pos,34,master,False,
421,ตอนผมทำงานออฟฟิศ ผมขับ Honda City แต่พอออกมาทำงานค้าขายส่วนตัว ผมขับ Camry Hybrid บอกเลย เป็นลูกจ้างเหนื่อยอย่างเดียว ไม่สบายแน่ๆครับ,negative,wisesight_sentiment,neg,133,master,False,
422,ชอบความฮาร์ดคอ ความเถื่อน ตบคอเพื่อนแล้วบอก เร็วๆว้อยไอ้แช! ฮืออ555555555555,positive,wisesight_sentiment,pos,76,master,False,
423,รถมิตซูบิชิในดวงใจคือ ปาเจโร่ สปอร์ตใหม่ 4WD ค่ะ,positive,wisesight_sentiment,pos,48,master,False,
424,ค่า city ตัวท็อป ราคาคือ 7.4 แสน เกือบได้ MG กูอ่ะ 55555 แพงผีแต่รถดีอยู่ พี่สาวชื่นชมใหญ่เพราะนางขับกลับ แม่ยังขับไม่เป็น 55555,negative,wisesight_sentiment,neg,128,master,False,
425,ไปๆๆๆฉลองวันเกิด,positive,wisesight_sentiment,pos,16,master,False,
426,มันก็สูสีกับยาริสนะ,positive,wisesight_sentiment,pos,19,master,False,
427,ยังอยากกินเหมือนเดิม ไม่เปลี่ยนแปลง,positive,wisesight_sentiment,pos,35,master,False,
428,ปะ อาทิตนี้,positive,wisesight_sentiment,pos,11,master,False,
429,ไปๆเดียวพาไป,positive,wisesight_sentiment,pos,12,master,False,
430,5555555 เบื่อละช้ะ,positive,wisesight_sentiment,pos,18,master,False,
431,ป๊า เค้าอยากกินน 😁😁,positive,wisesight_sentiment,pos,19,master,False,
432,เพื่อนผมโดนไป50000จ่ายตรงนั้น เฮ้ยๆ ช่องทางชัดๆ,negative,wisesight_sentiment,neg,47,master,False,
433,ข้ารู้สึกว่าชุดมันอาจจะแพงกว่าค่าข้าวอีกนะเจ้าคะ😅,negative,wisesight_sentiment,neg,49,master,False,
434,พกเหล้าไปเองได้ป่ะกลัวเจมสันน,negative,wisesight_sentiment,neg,29,master,False,
435,จัดจ้านในย่านป้อมปราบศัตรูพ่าย @ Ba hao 八號,positive,wisesight_sentiment,pos,42,master,False,
436,ด้านหน้าตัวนี้ ไม่สวยเลยครับ ยิ่งเทียบกับคู่แข่ง mazda2 swift นี่ แพ้เห็นๆ เลย,positive,wisesight_sentiment,pos,78,master,False,
437,ท้าต่อยไปทั่ว แต่พอจำได้ลางๆ กูโดนหลายตีนอยู่นะ จากนั้นรู้ตัวอีกที ก็นอน อยู่โรงบาลละ #เลิกแดกของมึนเมา #ตอนนี้ลองกลับไปกินแปปๆเมาลิมิตกูลดโดนFullmoon2ขวดก็ไปแล้ว #เลิกกินตลอดชีวิต,negative,wisesight_sentiment,neg,180,master,False,
438,เด็ดตามชื่อนะจ๊ะ,positive,wisesight_sentiment,pos,16,master,False,
439,คุนแม่หิวจัดเลยนะช่วงนี้,positive,wisesight_sentiment,pos,24,master,False,
440,รอบบิลเดือน ม.ค.ขึ้นแจ้งว่าเกินกำหนดชำระและตัดด้วยแล้วคือสัญญาณห่วยตลอด อยู่ดีๆก็เล่นไม่ได้ ทรูวิชั่นก็ดูไม่ได้ โทรแจ้งทีไรก็บอกปกติดี ถ้าปกติจะโทรไปหาทำไม ไม่ได้ว่างขนาดนั้น,negative,wisesight_sentiment,neg,174,master,False,
441,ดีหยออ 555 #หิวบาบิก้อน,positive,wisesight_sentiment,pos,23,master,False,
442,#โจรเหี้ย...ม ชายอ้วนดำทำทีมาถามหาลูกชายป้าว่าอยู่มั้ยป้าบอกว่าไม่อยู่เลยขับรถกลับ มาอีกครั้งมาถามหาเบียร์ว่ามีกี่ขวดราคาเท่าไรป้าบอกถ้ายกลังให้ไปร้านเจี๊ยบมินิมารท์ คนร้ายบอกว่ากลับไปเอาเงินก่อน ใช้เวลาไม่ถึง10นาทีคนร้ายมาอีกรอบทีนี้พาเพื่อนมาด้วยลักษณะผอมขาวเข้าทางด้านข้างร้านค้าขณะป้ากำลังอยู่หลังร้าน ได้ยินเสียงขวดกระทบกันจึงรีบเดินออกมาดูพบคนร้าย2คนกำลังลักเบียร์ลีโอไปหมดตู้จำนวน9ขวด คนร้ายทั้งสองกระโดดข้ามโต๊ะรีบวิ่งขึ้นรถ จยย ที่จอดไว้หน้าร้าน ป้าจึงตะโกนออกไปว่าทำไมทำกับป้าแบบนี้คนร้ายทั้งสองได้หันหน้ามาเยาะเย้ยและหัวเราะด้วยความซะใจแล้วรีบขับรถหลบหนีไปทางแยกป่างิ้ว หลังจากสอบถาม คุณป้าให้การทั้งน้ำตาต่อเจ้าหน้าที่ตำรวจว่า #เมื่อวันเสาร์ที่ผ่านมาก็โดนคนร้ายเข้ามาลักบุหรี่จนหมดหีบ #และวันอาทิตย์เข้ามาลักโทรศัพท์มือถือ #จนมาวันนี้วันจันทร์โดนลักเบียรไปหมดตู้ ชุดสืบสวน สภ.เมืองอ่างทองเร่งติดตามตัวคนร้ายมาดำเนินคดีเหตุเกิดตรงข้ามร้านจับดูดก่อนถึงแยกป่างิ้ว,negative,wisesight_sentiment,neg,872,master,False,
443,น่ากินนนอ่ะ,positive,wisesight_sentiment,pos,11,master,False,
444,เย็นนี้ไปลองกันมั้ย กินเบาๆ,positive,wisesight_sentiment,pos,27,master,False,
445,ชอบ Honda CRV เพราะชอบเป็นรถ 7 ที่นั่ง ความนุ่มนวลและ เทคโนโลยี่ของ ผHonda อยากเป็นเจ้าของสักครั้ง,positive,wisesight_sentiment,pos,98,master,False,
446,หมดเกลี้ยง,positive,wisesight_sentiment,pos,10,master,False,
447,เทคนิคป้องกันแสงแดดที่ฟ้าจะแนะนำเพื่อนๆ คือ ก่อนออกจากบ้านทุกครั้งให้ทาครีมกันแดดก่อนออกบ้านอย่างน้อย 15 นาที และควรใช้ครีมกันแดดที่มีค่า spf50 ขึ้นไป เพราะจะมีประสิทธิภาพในการป้องกันแสงแดดได้ดีมาก ยิ่งอากาศประเทศไทยเราเป็นเมืองร้อน ทำให้ผิวคล้ำเสียง่ายและทำให้ใบหน้าเป็นฝ้ากระด้วยค่ะ ดังนั้นเราจึงควรดูแลผิวของเราให้สม่ำเสมอและเป็นประจำทุกวันค่ะ ฟ้าอยากได้ NIVEA Sun Instant Aura SPF 50 ไปลองใช้ค่ะ เพราะสรรพคุณเห็นว่าสามารถกันแดดด้วยค่า spf50+pa+++ ซึ่งกันแดดได้สูงมากๆ เนื้อครีมบางเบา เกลี่ยง่ายเรียบเนียน ไม่ตกร่อง ไม่ทำให้เป็นคราบ และผสมพิ้งค์ไพรมเมอร์ที่ช่วยปรับสีผิวให้สว่างขึ้น พร้อมสารที่บำรุงผิวให้ขาวกระจ่างใสอีกด้วย ซึ่งเชื่อว่ามันต้องดีกว่ากันแดดที่ใช้อยู่แน่ๆค่ะ,positive,wisesight_sentiment,pos,676,master,False,
448,เผ็ดกูกินไม่ได้ !!!,negative,wisesight_sentiment,neg,19,master,False,
449,พาเลท sivanna ในอีฟแอนบอย ขาย 259 ค่ะพี่ฝนนนนนนนน แง๊,negative,wisesight_sentiment,neg,53,master,False,
450,มีความอยาก,positive,wisesight_sentiment,pos,10,master,False,
451,จะรอ จะกินกับบเธออออแง,positive,wisesight_sentiment,pos,22,master,False,
452,ยอมแล้วกุ เมาสปาย5555,negative,wisesight_sentiment,neg,21,master,False,
453,ยังทำใจแป้งลอร่าหล่นแตกไม่ได้😭😭 แตกในห้องยังพอว่าโดยไม่ได้นี่หล่นกลางถนนอะ ฮืออออออออ,negative,wisesight_sentiment,neg,85,master,False,
454,มันน่ากินนะ แต่ขอพักแปป 555,negative,wisesight_sentiment,neg,27,master,False,
455,โอเคค่ะ ขอบคุณนะคะ,positive,wisesight_sentiment,pos,18,master,False,
456,เคยใช้ที่เมกาก็ดีจริงเพราะมันก็มีอยู่ไม่กี่ยี่ห้อ มาเดนมาร์กจ้ะถ้าสโตร์ธรรมดาก็นีเวียวนไปดีแบกมาเยอะไม่ซื้ออีกนาน,negative,wisesight_sentiment,neg,113,master,False,
457,อันนี้แหละที่จะพาไปกินเพราะโปรมันถึงสิ้นเดือนมกรา,positive,wisesight_sentiment,pos,49,master,False,
458,อยากไปเชียร์ขุ่นแม่เดียริส <3 เฮียนาตาเลีย และ เจ้าแม่แอนเน่ อยากไปดูด้วยตาของตัวเองจริง ๆ ไม่ใช่แค่ผ่านจอ แล้วก็ถ้าได้ไปเนี่ยจะได้อวดเพื่อนได้ด้วยว่าฉันได้ไปดูนะ! แซ่บ!! ขอให้บุญพา วาสนาส่งให้หนูได้ไปดูเถอะค่ะ สาธุ /ก้มกราบสามที #nyxcosmeticsth #Dragraceth,positive,wisesight_sentiment,pos,257,master,False,
459,ไม่อร่อยกินอย่างอื่นสิ,negative,wisesight_sentiment,neg,22,master,False,
460,ของชอบบ ไป555,positive,wisesight_sentiment,pos,13,master,False,
461,ไม่เคยกิน eristoff แต่เห็นเพื่อนชิมแล้วบอก รสชาติแปลกอ่ะะะ,negative,wisesight_sentiment,neg,58,master,False,
462,คนดี ไม่มีทางชนะคนมีอำนาจ มีแค่ในหนังในละคร เท่านั้นแหละ!,negative,wisesight_sentiment,neg,57,master,False,
463,พลาดแรงมาก ใช้ค่ายเดิมมา10กว่าปี อุตส่าย้ายค่ายมาเน็ตห่วยแตกกว่าค่ายเดิมอีก เลิกใช้แน่นอนรอบหมดรอบบิลนี้,negative,wisesight_sentiment,neg,104,master,False,
464,คุณลุงแท็กซี่เปิด K-POP ก็เริ่ดอยู่,positive,wisesight_sentiment,pos,35,master,False,
465,รอนานมากยังไม่ได้ทานไม่ไหวค่ะขอบอกสาขาพลัสมอลอมตะชลบุรีปรับปรุงด้วยโต๊ะว่างก้อไม่เคลียร์ให้ลูกค้าเข้าปล่อยโต๊ะว่างให้ลูกค้ายืนรอไหวไหมค่ะแย่ค่ะ,negative,wisesight_sentiment,neg,143,master,False,
466,ผ้าอนามัยบาดก้นอะ,negative,wisesight_sentiment,neg,17,master,False,
467,ลองแล้วว อร่อยยนเมิง,positive,wisesight_sentiment,pos,20,master,False,
468,ในขนาดที่เพื่อนๆรอบตัวนี่กินเหล้า เบียร์ เข้าผับได้แล้ว อีนี่ยังไม่เคยแตะสปายเลยอ่ะ555555555555556,negative,wisesight_sentiment,neg,98,master,False,
469,การเมืองไม่ใช่หน้าที่ของทหาร หน้าที่พวกมึงนู่นไปช่วยชาวบ้านจากปาบึกนู่น มึงไปสิอี่ตู่ ไป๊ #เลื่อนแม่มึงสิ,negative,wisesight_sentiment,neg,105,master,False,
470,ขอบคุณค่ะ ☺,positive,wisesight_sentiment,pos,11,master,False,
471,รอทีตังก่อนน้อออ.,positive,wisesight_sentiment,pos,17,master,False,
472,อาการหนักมาก ตั้งแต่เมื่อคืน มาวันนี้ใช้งานไม่ได้ตั้งแต่ช่วงบ่าย inbox ไม่แม้แต่จะอ่าน เจอแต่น้องมะลิ (iService ก็เช่นกัน) วันหยุด มาเจอเน็ตใช้งานไม่ได้อย่างเซ็ง..,negative,wisesight_sentiment,neg,163,master,False,
473,ครอบครัวรัก รักครอบครัว น่ากินจุง,positive,wisesight_sentiment,pos,33,master,False,
474,ไม่โดน ลาบาบีก้อนชั่วคราว,negative,wisesight_sentiment,neg,25,master,False,
475,เครื่อง VR38DETT ของ Nissan GT-R (R35),positive,wisesight_sentiment,pos,38,master,False,
476,สวยใจดี เเละน่ารักมากครับ #ToyotaBuzz #MOTORSHOWยกมาที่นี่,positive,wisesight_sentiment,pos,58,master,False,
477,NISSAN GTR R34 !! * คนไทยแต่งรถไม่แพ้ชาติใดในโลก,positive,wisesight_sentiment,pos,48,master,False,
478,เบากว่านิสนุง 555,negative,wisesight_sentiment,neg,17,master,False,
479,พึ่งไปซื้อมาตอนเย็นๆราคาร้านส่งแสงโสมแบนปกติ135ร้านส่งขึ้น150เบียร์ช้าง50ขึ้น55ขนาดร้านส่งยังขึ้นเยอะแล้วร้านธรรมดาจะเท่าไหร่รัฐบาลเฮงซวยไอ้พวกชิงหมาเกิดรังแกแต่คนจนมาอ้างสกัดนักดื่มหน้าใหม่ส้นตีนเถอะครับท่านผู้มีอำนาจ,negative,wisesight_sentiment,neg,218,master,False,
480,นิสสันเรื่องการบรรทุกหายห่วงจริงๆๆราคาประหยัดต้องลอง,positive,wisesight_sentiment,pos,52,master,False,
481,รบกวนผู้รู้ด้วยครับ ขับรถมาดีดี ตั้งนาน ไม่มีอะไร พอมาวันนี้ ขึ้นทางด่วน ความเร็วอยู่ที่ 90 กม/ชม แล้วก็เกิดเสียงแบบนี้ดังขึ้น ที่บริเวณฝั่งซ้าย ของรถ มันเกิดจากอะไรครับ พอลดความเร็ว เสียงก็หายไป ปล.รถผม honda civic ตัวใหม่ ขับมาได้ประมาณ 1 ปีครับ ไม่เคยชนอะไรทั้งนั้น รบกวนด้วยครับ จะได้แก้ไขถูก ?!!!,negative,wisesight_sentiment,neg,301,master,False,
482,เพื่อนดีๆ เพลงดีๆ festival ดีๆ เครื่องดื่มดีๆอย่าง BLEND 285 #TBC2018 #ใช้ชีวิตให้กลมกล่อม,positive,wisesight_sentiment,pos,90,master,False,
483,สงสัยเอ็มเคแน่ๆ,positive,wisesight_sentiment,pos,15,master,False,
484,กินยังงง ชาเย็น เห็นมีคนบอกอร่อย,positive,wisesight_sentiment,pos,32,master,False,
485,เจอถนนประเทศไทยคือพังตั้งแต่ลูกระนาดในซอย,negative,wisesight_sentiment,neg,41,master,False,
486,Singha is the best beer,positive,wisesight_sentiment,pos,23,master,False,
487,ไปกินบาบีก้อนกันมั้ยล่ะ?,positive,wisesight_sentiment,pos,24,master,False,
488,เหี้ยยยกูหยุด30-2,negative,wisesight_sentiment,neg,17,master,False,
489,โลตัสพัทยาเหนือ..คุ้มค่ะ ที่ไหนให้หมูน้อย มาที่นี่เลยค่ะ อร่อย คุ้ม,positive,wisesight_sentiment,pos,67,master,False,
490,นิสสันชัยนาท เลทการดาวและส่งไห้ด็ดูหน่อยครับ,positive,wisesight_sentiment,pos,44,master,False,
491,กินดิๆๆๆๆๆ,positive,wisesight_sentiment,pos,10,master,False,
492,ฟอร์จูนเนอร์เหมาะกับคนนั่งด้วยเยอะๆ แต่ถ้าคนโสด..ปาร์เจโร่ ใช่สุดครับ,positive,wisesight_sentiment,pos,69,master,False,
493,จะเอาไว้ดองศพคนเขียนสักวันเนี่ยแหละ,negative,wisesight_sentiment,neg,35,master,False,
494,อวสารบาบีก้อน,negative,wisesight_sentiment,neg,13,master,False,
495,55555 โครตดี,positive,wisesight_sentiment,pos,12,master,False,
496,เบียร์ช้างขวดละ 120บาท !!!!!!!!,negative,wisesight_sentiment,neg,31,master,False,
497,คร๊าบบ☺️☺️,positive,wisesight_sentiment,pos,10,master,False,
498,อุดรมีไหมค่ะ,positive,wisesight_sentiment,pos,12,master,False,
499,อยู่แถวสยามสแควร์ มีหัวปลาให้สั่งลงไปต้มในหม้อด้วยครับ เกี๊ยวกุ้งอร่อย ชอบมากกว่าเอ็มเค,negative,wisesight_sentiment,neg,87,master,False,
500,บอนชอนกันมึง กูไม่กินบาบีก้อนแล้วววววว,negative,wisesight_sentiment,neg,38,master,False,
501,เอาที่สบายใจจ้าา55 คิดถึงมากินบาบีก้อนกัน,positive,wisesight_sentiment,pos,41,master,False,
502,กลับมาเดี๋ยวพาไปจัด 😉,positive,wisesight_sentiment,pos,21,master,False,
503,คุ้มและอิ่มท้องอร่อยมากๆคะ,positive,wisesight_sentiment,pos,26,master,False,
504,เเล้วนุชอบกินสปายไหม พรี่ชอบมั่กๆเลย55555,positive,wisesight_sentiment,pos,41,master,False,
505,มีทั้งบัตรเครดิตและบัตรเดบิตครับ บัตรเครดิตแนะนำของกสิกรครับ ส่วนบัตรเดบิตแนะนำของกรุงเทพครับ,positive,wisesight_sentiment,pos,93,master,False,
506,ไปๆ กลับกรุงเทพไปเดอะเฟสชอปเลย เล็บผมที่บอกจะทำเลื่อนไปก่อน //ตายๆ อิพี่แม่งสวยกว่ากุอิก ดูจริตนาง😱,negative,wisesight_sentiment,neg,99,master,False,
507,บ้านอันเดรียไม่มีบาบิก้อนอะ,negative,wisesight_sentiment,neg,27,master,False,
508,สาขาเพลินนารี่ ถ้าไม่อยากขายก้อปิดเถอะคับ ดูแลไม่ดีแล้วพนง.ยังไม่มีจิตใจในการขายด้วย เวลา1ชม.กับหลายๆอย่างไม่ไหวคับ หาคนมาดูบ้างนะครับ,negative,wisesight_sentiment,neg,134,master,False,
509,หมูกระทะชาบูเอ็มเคจะเยียวยาทุกสิ่ง,positive,wisesight_sentiment,pos,34,master,False,
510,อ๋อย! แย่จุง!!,negative,wisesight_sentiment,neg,14,master,False,
511,ไม่เห็นน่ากินเลย,negative,wisesight_sentiment,neg,16,master,False,
512,รายปีถูกแน่นอน รีโว่ยังต้องจ่ายแพงกว่า,negative,wisesight_sentiment,neg,38,master,False,
513,รอเงินออกหน่องโอปะ อยากซื้อnyx มันลด50%,positive,wisesight_sentiment,pos,39,master,False,
514,No อยากปิ้งย่าง,negative,wisesight_sentiment,neg,15,master,False,
515,มันจันทร์กับศุกร์มั้ย,positive,wisesight_sentiment,pos,21,master,False,
516,สนใจ Nissan March ต้องมีฐานเงินเดือนเท่าไหร่ถึงจะดาวได้,positive,wisesight_sentiment,pos,55,master,False,
517,ค่ะ ขอบคุณค่ะ ช่วงเวลา สองทุ่ม ซื้อ2กล่อง อีกกล่องฝากคนละบ้าน โทรไปถามเค้า เค้าบอกได้น้อยเหมือนกันค่ะ สี่ชิ้นบางๆ แต่เค้ากินไปก่อนเลยไม่ได้ถ่ายรูปเก็บไว้,negative,wisesight_sentiment,neg,153,master,False,
518,นี่ งานไรครับพี่,positive,wisesight_sentiment,pos,16,master,False,
519,ยกให้เป็นอีก1เมนูในดวงใจ Chizu Brûlé ชานมไข่มุกวิปชีสเบิร์นน้ำตาล ตัววิปชีสหอมมันได้กลิ่นน้ำตาลไหม้นิดๆ ตัวชาไม่ได้หวานมากกำลังพอดีกับน้ำตาลที่มากับไข่มุกหนึบๆ กลิ่นน้ำตาลทรายหอมดีอะชอบ📍Kamu,positive,wisesight_sentiment,pos,190,master,False,
520,สายแสง!!!! ก่อน3ทุ่ม แสงโสม+มิกซ์เซอร์2ขวด น้ำแข็ง1ถัง 249 บาทโคตรถูก!!!!!! มาเด้อ #239Vintage #VintageRestaurant,positive,wisesight_sentiment,pos,113,master,False,
521,ลองออกสำรวจยังครับ..ข่าวมั่วนะใช่...แต่มันปรับขึ้นจิงๆเมื่อวานพวกผมไปซื้อหงส์ทองกลมละ290....ตอนเย็นไปถามซื้อเบียร์ที่ร้านขวดละ87...เรื่องจิงแต่บางร้านก้อยังราคาปกติขยับบ้างนิดหน่อย,negative,wisesight_sentiment,neg,180,master,False,
522,ถึงยุค...ผ้าอนามัย..ลายคิตตี้? โฆษณา...บอกอย่าลืมสะสมให้ครบ6แบบนะคะ... เดี๋ยวนะ...,negative,wisesight_sentiment,neg,82,master,False,
523,ตกลงฮอตพอตไปอยู่ร้านไดโดม่อน หรืออะไรยังไง งง...,positive,wisesight_sentiment,pos,48,master,False,
524,เมเบลลีนสีที่กำลังดราม่าอยู่เราทาก็ไม่ได้เหมือนพี่ทรายนะ เป็นชมพูนมไปเลย สีลิปบนปากมันจะไปตรงกันทุกคนได้ไง อันนี้เร…,negative,wisesight_sentiment,neg,116,master,False,
525,ตัวนี้ไม่ขายในไทยนะครับ อยากได้สั่งนำเข้า ผมก็ใช้โฟกัส 2012 ใช้มา5ปี เจอหลายปัญหา แต่ตอนนี้ขายทิ้งแล้วครับ ไปใช้ EV แทน ไม่เข็ดครับ ชอบฟอร์ด ขับมันดี,negative,wisesight_sentiment,neg,149,master,False,
526,มันก็เอาเราติดคุก1คืน วันรุ่งขึ้นส่งฟ้องศาลเสียค่าปรับครับ,negative,wisesight_sentiment,neg,58,master,False,
527,เน้นคนละเรื่องเด่นคนละอย่างน่ะใช่ safety ต้องมาก่อนครับ แต่เรื่อง จุดด้อยของ toyota นี่มันเกี่ยวกับความเป็นความตายนะครับ,negative,wisesight_sentiment,neg,120,master,False,
528,ห่อสีเขียวทุกลาย#ลอรีเอะซูเปอร์อัลตร้าสลิมHelloKittyLimitedEdition#บาง1มม#ซึมซับมาก200เท่า,positive,wisesight_sentiment,pos,90,master,False,
529,เลิกกินแสงโสมดีกว่า,negative,wisesight_sentiment,neg,19,master,False,
530,ไปกินกันนะคะ,positive,wisesight_sentiment,pos,12,master,False,
531,เห็นดราม่าบาบีก้อนว่ามีพยาธิตัวตืดอยู่ แล้วมีคนถามว่าถ้าสุกจะกินได้ไหมคะ? ไม่เท่าไหร่ มีคนถามว่า ถ้าเคี้ยวละเอียดๆ…,negative,wisesight_sentiment,neg,115,master,False,
532,หัดดื่มเหล้า(หงส์ทอง)ครั้งแรกในงานหนึ่ง แก้วที่3ปุ้ปกูไปเลยค่ะ😂 เมาไม่พอเสือกไปอวกให้แฟนเก่ามันเห็นอีก55 มันคงทนไม่ไหวเห็นเราเดินโซซัดโซเซเลยช่วยมาเข้าพยุง แล้วเอาน้ำมาให้เราล้างหน้าพร้อมกับบอกว่า แดกแล้วเป็นแบบนี้อย่าแดกอีกนะ😂😂 เป็นอะไรที่เหี้ยมากสำหรับกู!,negative,wisesight_sentiment,neg,257,master,False,
533,เอาน่าแอด อย่างน้อยอะไรพังมาก็รออะไหล่แป๊ปๆจบแล้วกัญ ถึงแม้ว่าแอดจะเจ็บใจที่ไม่ได้เห็น C-HR กลายเป็นแท็กซี่ก็ตาม ถถถถถถถถถถถถถถถถถถถถถถถถถถถถถถถถถถถถถถถถถถถถถถถถถถถ+ ข้างหลังพื้นที่เหมือนนั่งวีออสเห็บหมานะแอด แต่หน้าต่างหลังเหมือนนั่งด้านหลังรถบัสฉิ่งฉับทัวร์ติดแอร์ช่วงที่กระจกกับเสาแม่งบรรจบกันพอดี เวลาจะมองอะไรต้องโน้มตัวหน่อยลำบากชีวิตฉิบหาย,negative,wisesight_sentiment,neg,346,master,False,
534,แต่งชุดไทยนะ ไม่ไหวๆ 555,negative,wisesight_sentiment,neg,24,master,False,
535,แต่กางเกงเลายังไม่ฟิตนะ 🤔,positive,wisesight_sentiment,pos,25,master,False,
536,ชอบhondacity 1500cc ซื้อมาแล้วคุ้มค่าคุ้มราคา สวยด้วย สวยมากๆมีแต่คนชม (ชมรถนะ) ไปดูหนังกัน #ฮอนด้าที่รัก #EnjoyHondaThailand,positive,wisesight_sentiment,pos,125,master,False,
537,ผมคิดว่ามันก็ไม่ดีหรอกนะครับ ตอนนี้ก็สูบบ้านผมอากาศหนาวมาก10องศาสังเกตสูบตอนเช้ารู้สึกว่าจะปวดหัวอยู่หน่อยๆ ผมว่าถ้าเลิกได้ก็เลิกนะครับ แต่ผมยังไม่เลิกมันอร่อยดีเหมือนสูบแทนน้ำ 5555555555 ข้อความอาจจะไม่เกี่ยวกับโพสนะครับขออภัยด้วยนะครับ. แฮร่,negative,wisesight_sentiment,neg,243,master,False,
538,ไม่เคยป้ายยาใครสำเร็จเลย เอาเป็นว่า ไปอ่านเฮตาเลียกันนะคะทุกคน สาระดีๆที่ทำให้คุณสนใจโลกมากขึ้นค่ะ แล้วการเมืองระหว่างประเทศจะไม่ใช่เรื่องน่าเบื่ออีกต่อไป เชื่อใจช้อยนะคะ,positive,wisesight_sentiment,pos,170,master,False,
539,เชิญแม่นาง กะละมัง เถิดข้าจ่ายต็มราคาแล้วกัน,negative,wisesight_sentiment,neg,44,master,False,
540,ถ้าตอนนี้เจอพี่ตำนวดค้นเจอก็โดนจับครับถ้าอยากซื้อเวลาก็ให้ค่าผ่านทางเค้าไป ถ้าอยากสู้ก็ไปจบที่ศาลล่ะครับ อย่างว่าคนมันจะเอา+มีกฏหมายอยู่ในมืออ่ะครับ,negative,wisesight_sentiment,neg,148,master,False,
541,อยากกิน mc griddle ค่ะ,positive,wisesight_sentiment,pos,22,master,False,
542,เรื่องกินขอให้บอก 😂,positive,wisesight_sentiment,pos,19,master,False,
543,จันทร์-ศุกร์ อี้กกกกก,positive,wisesight_sentiment,pos,21,master,False,
544,นิสสัน เป็นรถที่ใครๆ ก็รู้จัก รู้จักดีในด้านประสิทธิภาพสูง ขณะนี้มีข้อเสนิพิเศษ,positive,wisesight_sentiment,pos,79,master,False,
545,จะดีมั้ยยยยย,positive,wisesight_sentiment,pos,12,master,False,
546,Vios e ดาวน์/ค่างวด เท่าไรค่ะ,positive,wisesight_sentiment,pos,29,master,False,
547,โทรไป9สายไม่รับพนักงานเอากันอยู่หรือไง นั่งรอสายจนเงินหมด อี***,negative,wisesight_sentiment,neg,63,master,False,
548,สมิติเวช สุขุมวิด มีคลอดในน้ำ กุ๊บกิ๊บก็คลอดในน้ำ แต่มันแพง,negative,wisesight_sentiment,neg,59,master,False,
549,ระบบความปลอดภัยของ mgทำให้เรามั่นใจในการขับขี่เพราะสมรรถนะของรถคันนี้ดีมากครับ,positive,wisesight_sentiment,pos,78,master,False,
550,เบียร์สิง. เบียร์ช้าง แม่งโคตระรวย,negative,wisesight_sentiment,neg,34,master,False,
551,show dcนี่ยังไม่เปิดจริงจังไปอีกหรอ,negative,wisesight_sentiment,neg,35,master,False,
552,รู้จักแต่บาบีคิวพลาซ่า,positive,wisesight_sentiment,pos,22,master,False,
553,เดี๋ยวพรุ่งนี้เที่ยงจะพาไปกิน เครป่ะ,positive,wisesight_sentiment,pos,36,master,False,
554,ตามคิว โตรอบเทียง อิอิอิ,positive,wisesight_sentiment,pos,24,master,False,
555,ได้ฟมดถ้าคนเลี้ยง6555,positive,wisesight_sentiment,pos,21,master,False,
556,งงมากค่ะ ประชารัฐ นึกว่าเพจคำคมมุกเสี่ยว อ่านแล้วอึดอัด ฝืนมาก พรรคนี้ก็คือควรพักก่อนเลย 55555,negative,wisesight_sentiment,neg,94,master,False,
557,มือใหม่ หรือ ใครที่ชอบแต่งตา โทนน้ำตาล แนะนำพาเลทของ NYX Professional Makeup Thailand เลยค่ะ เม็ดสีชัด ติดทน ชิมเมอร์เนื้อนุ่ม แต่เนื้อแมทเนื้อจะแป้งๆหน่อย แต่สีสวย ติดทน โทนสีใช้ได้ทุกโอกาส หาซื้อก็ง่าย ราคาหลักร้อย ถ้าจำไม่ผิด น่าจะ 700++ ค่ะ,positive,wisesight_sentiment,pos,244,master,False,
558,สำนักงานทรัพย์สิน เป็นองค์กรเดียวในประเทศไทยที่เป็นเจ้าของที่ แต่ลงทุนส่งนักสังคมสงเคราะห์ลงไปอยู่กับชุมชนเพื่อพัฒนาชุมชนยั่งยืน,positive,wisesight_sentiment,pos,128,master,False,
559,ลิปมันของเเบร์น Mistine ราคากลาง ๆ ไม่แพงมาก ราคาสามารถเอื้อมถึงได้ #LASHESactivity,negative,wisesight_sentiment,neg,83,master,False,
560,ทานบ่อยมาก โดยเฉพาะช่วงมีน้อง สงสัยลูกในท้องชอบค่ะ,positive,wisesight_sentiment,pos,50,master,False,
561,จัดๆ2ทุ่มบ่,positive,wisesight_sentiment,pos,11,master,False,
562,ทุกวันนี้ดื่มน้ำ สิงห์ค่ะพูด //การตลาดถูกใจมาก,positive,wisesight_sentiment,pos,46,master,False,
563,ใครจะจ่ายวะนี้คิดหนักเลย555,positive,wisesight_sentiment,pos,27,master,False,
564,สวยโดนใจเลยคะ Nissan Almera ชอบภายในกว้างขวาง ไปไหนไปด้วยกันได้ทั้งครอบครัว สนใจสอบถามรายละเอียดกันเลย,positive,wisesight_sentiment,pos,102,master,False,
565,ผ้าอนามัยมึงไปต้องเพิ่มการซึมเปื้อนหรืออะไรแล้ว แค่เพิ่มกาวที่มันเหนียวหนาแน่นกว่านี้ได้ม่ะ จะเยี่ยวแต่ละทีกูต้องกังวลว่ามันจะหลุดมั้ย,negative,wisesight_sentiment,neg,134,master,False,
566,เป็นคนแพ้ผ้าอนามัยค่ะ ยี่ห้อที่เย็นๆนั่นแหละค่ะเราแพ้ ใช้ไม่ได้ผื่นคันคะเยอขึ้นทันทีเลย ต้องเลี่ยง...เลยอดสัมผัสความเย็นกับเค้า 😅,negative,wisesight_sentiment,neg,129,master,False,
567,กูไม่แดกอยู่ดี ไม่แดกเนื้อ5555,negative,wisesight_sentiment,neg,30,master,False,
568,แป้งเจ้านาง ดีงามค่ะ,positive,wisesight_sentiment,pos,20,master,False,
569,ผ้าอนามัยติดทุกอย่างยกเว้นกางเกงในค่ะ,negative,wisesight_sentiment,neg,37,master,False,
570,กาวผ้าอนามัยมีพลังสามารถดึงขนได้แต่ไม่สามารถติดเกงในได้เเน่น5555,negative,wisesight_sentiment,neg,64,master,False,
571,บันทึกหน้าสุดท้ายของ 'โรงแรมดุสิตธานี' ตำนานตั้งแต่รุ่นพ่อที่เป็นที่รักของคนไทย https://readthecloud.co/dusit-thani/ ยิ่งอ่านยิ่งผูกพัน พรุ่งนี้จะได้เป็นแขกกลุ่มสุดท้ายเข้าชมโรงแรมดุสิตธานีในยุครูปโฉมเดิม ก่อนที่นี่จะปิดแล้วกลับมาเปิดให้บริการอีกครั้งอีก 4 ปีข้างหน้า ดีใจมาก ตื่นเต้นมากกกกก,positive,wisesight_sentiment,pos,291,master,False,
572,มอบความสุขผ่านเสียงเพลง 🎤🎧🎼 #ลานเบียร์สิงห์ #NANN #boxxmusic #nann_fc,negative,wisesight_sentiment,neg,69,master,False,
573,เหล้าเบลล์รสชาติเหี้ยสุด จะไม่แดกอีกละ,negative,wisesight_sentiment,neg,38,master,False,
574,จะกินนๆ555,positive,wisesight_sentiment,pos,10,master,False,
575,ก็อร่อยดีนะ มันได้ 2 อารมณ์ในอันเดียว,positive,wisesight_sentiment,pos,37,master,False,
576,รบกวนขอเบอร์ติดต่อกลับค่ะ เครือโตโยต้าดีเยี่ยมเหมือนกันค่ะ,positive,wisesight_sentiment,pos,58,master,False,
577,5555เบาๆๆๆๆ,positive,wisesight_sentiment,pos,11,master,False,
578,ขนม Turkish Delight คนตุรกีเรียกว่า โลคุม ตอนแรกเพื่อนบอกว่าอย่าซื้อกลับมานะ หวานมาก ไม่อร่อยเลย แต่พอไปชิมพบว่า ที่ว่าไม่อร่อยกันคือแบบที่ทำจากน้ำตาล ราคาถูกกว่า คนชอบซื้อไปฝากกัน แต่แบบที่ทำจากน้ำผึ้งอร่อยมากกกก แพงกว่าน้ำตาล แต่คุ้ม เขาขายเป็นแท่งแล้วชั่งน้ำหนักเอา,positive,wisesight_sentiment,pos,268,master,False,
579,กันเลี้ยงเลย คิดถึง,positive,wisesight_sentiment,pos,19,master,False,
580,กานิเย่แพ้ยันมือ เคยเอาโฟมของแม่มาลองใช้ มือลอกไปด้วย แรงเกิน แล้วตอนล้างนี่ใช้ perfect weep นี่ก็ได้ใช้มะ,negative,wisesight_sentiment,neg,106,master,False,
581,ไปแล้วบ่อยด้วยชอบมาก..แต่ปลาหมึกยัดไส้ไม่เคยมีเลยเสียตรงนี้เเหละ,negative,wisesight_sentiment,neg,64,master,False,
582,นี่มันกะลาแลนด์,negative,wisesight_sentiment,neg,15,master,False,
583,คุณลุงคนขับแท็กซี่ ทำฉันหัวร้อน!!!!,negative,wisesight_sentiment,neg,35,master,False,
584,รีฟิลปีนี้มาช้ามากกกกกกกกกก,negative,wisesight_sentiment,neg,27,master,False,
585,แดกลีโอสะด้วยไอ้เวน,positive,wisesight_sentiment,pos,19,master,False,
586,mazda2 ยกสูง แปะ cx3 ราคาเกือบ 1m คุณพี่ใช้อะไรคิดครับนั่น 555,negative,wisesight_sentiment,neg,62,master,False,
587,accord ใหม่เหมือนรถไปชนมา,negative,wisesight_sentiment,neg,25,master,False,
588,ช้าง3ขวดไหลผสมไอ้เหี้ยนี่เอาอยู่ คนเดียวนะถ้ากินกะเพื่อนเปลือง,negative,wisesight_sentiment,neg,62,master,False,
589,กรี้ดดดดด ชอบตรงกาวแน่น5555555 ปกติใช้โซฟีตีกับกาวม่างงงงทุกเดือน,negative,wisesight_sentiment,neg,65,master,False,
590,หิวจุงเลยยยยยยยย,positive,wisesight_sentiment,pos,16,master,False,
591,เอออชั่งแม่มันเถอะ ร้านอื่นก็ไม่ได้สะอาดไปกว่ากันหรอก 555555555,positive,wisesight_sentiment,pos,63,master,False,
592,เย็นนี้ต้องจัดเลยนะ,positive,wisesight_sentiment,pos,19,master,False,
593,เด่วพาไปกินน่ะจ่ะ,positive,wisesight_sentiment,pos,17,master,False,
594,ขนาดบาบีก้อนโว้ยย ที่เคยเล่าไข่พยาธิอะ,negative,wisesight_sentiment,neg,38,master,False,
595,คนจะไม่ด่าว่าตอแหล ถ้ายกเลิกบุหรี่มวนไปด้วยพร้อมกัน นี่มันปากว่าตาขยิบ,negative,wisesight_sentiment,neg,70,master,False,
596,ขอบคุณที่ไว้วางใจในเวชสำอางสมูทอีนะคะ,positive,wisesight_sentiment,pos,37,master,False,
597,จาอาววววววว Jack Daniel,positive,wisesight_sentiment,pos,23,master,False,
598,ซื้อแล้ว อย่าลืมเข้าศูนย์ให้ตลอดนะครับ เดี๋ยวเคลมคอนโซลไม่ได้เหมือนเทียน่านะเอ่อ,negative,wisesight_sentiment,neg,80,master,False,
599,เป็ด MK สุดยอดมาก,positive,wisesight_sentiment,pos,17,master,False,
600,ยอดทั้งแชมปและโตโยต้า,positive,wisesight_sentiment,pos,21,master,False,
601,มิตซูผมรับประกันห้าปี ฟรีค่าแรงมาตั้งนานแล้วคับ นิวไทรทัน,positive,wisesight_sentiment,pos,57,master,False,
602,หนูก็ขับแอททราจนะคะ ป้าลิ่งพาเลาะตลอดเรยประหยัดดีชอบๆ😂,positive,wisesight_sentiment,pos,54,master,False,
603,Yaris 1.2 ใสพักกลางแคปซูลจำไม่ได้ใส้ไร ปลายสั้นใส้เยื้อง ต้นอืดมาก รอบมาช้า ควรเปลี่ยนรึเพิ่มตัวไหนคับ อยากเหยียบติดเท้าคับ,negative,wisesight_sentiment,neg,123,master,False,
604,ที่บ้านก็ใช้นิสสันใช้งานดีกี่ปีเครื่องก็ไม่รวนสุดยอดค่ะในราคาที่เป็นเจ้าของได้,positive,wisesight_sentiment,pos,78,master,False,
605,พอหลุดเจ เริ่มต้นมื้อแรกด้วย หมูกระทะ เนื้อย่างเกาหลี บาร์บีก้อน ปิดท้ายด้วยเอมเค สวยๆค่ะ,positive,wisesight_sentiment,pos,89,master,False,
606,รุ่นปัจจุบันตอนนี้ผมก็เห็นไม่ค่อยเยอะนะ ตามท้องถนนจะเห็นแคมรี่เยอะกว่าบ่อยกว่าอีก ชอบตัว G8 มากกว่าครับ,positive,wisesight_sentiment,pos,103,master,False,
607,พอๆกะมึงอะไปกินเอมเคกันไหม,positive,wisesight_sentiment,pos,26,master,False,
608,กูก็กินนะสิงห์น๊ะแต่ตอนนี้มันแพงกินไม่ไหวขวดนึงตั้ง50/60บาท😅😅😅,negative,wisesight_sentiment,neg,62,master,False,
609,หล่อแบบนี้ไม่ต้องบอกก็รู้ว่า Ford Ranger,positive,wisesight_sentiment,pos,40,master,False,
610,ไม่มีรสชาติอะไรเลย เสียใจ,negative,wisesight_sentiment,neg,25,master,False,
611,หลังจากเจอคนที่ไม่ชอบขี้หน้าในช็อป innisfree ทุกครั้งหลังจากนั้นเวลาเดินผ่านแล้วมองเข้าไปคือหลอนแล้วไม่ชอบตลอด,negative,wisesight_sentiment,neg,110,master,False,
612,คหสตนี่ว่าลีโอไม่อร่อยอะให้กินลีโอกุกินช้างดีกว่า นุ่มคอกว่าเยอะ,negative,wisesight_sentiment,neg,64,master,False,
613,อีเหี้ย ผ่าน etude เปิด twilght อีก,negative,wisesight_sentiment,neg,35,master,False,
614,หาดใหญไม่มีแล้ว..เสียใจจัง,negative,wisesight_sentiment,neg,26,master,False,
615,กุ้งแน่นอน เด่วนี้ไม่มีแล้ว,negative,wisesight_sentiment,neg,27,master,False,
616,ทำไมป้าย hbd ใน mrt มีแต่ของไอดอลเกาหลีชายวะ เสียอารมณ์,negative,wisesight_sentiment,neg,55,master,False,
617,ไปทานที่เมกะบางนา มา 2 ครั้ง เจอประสบการณ์ไม่ดีทุกครั้ง จนเลิกเข้าไปหลายปี ล่าสุด เมื่อปลายเดือนก.พ. อยากกินมาก เลยเดินเข้าไป เพราะคิดว่า การบริการคงดีแล้ว หลายปีแล้ว สุดท้าย ... คงบ๊ายบายถาวร ส่วนสาขาที่ยังกินสม่ำเสมอ ก็ที่เซ็นทรัลบางนา ทั้ง 2 สาขา บริการนี่แบบว่า คนละเรื่องกับ mega bang na เลยนะก้อน Bar B Q Plaza แต่คิดว่า คงเลิกกินถาวรละ,negative,wisesight_sentiment,neg,342,master,False,
618,ถ้าไม่ใช้คูปอง ส่งมาทางนี้ได้นะคะ,positive,wisesight_sentiment,pos,33,master,False,
619,ไหนจะเที่ยวไหนจะของขวัญ55555,positive,wisesight_sentiment,pos,28,master,False,
620,ผ่อนถูกจริงๆครับงวดแรก2000กว่าบาทต่อไป694วีออส2011ครับคุ่มครองเลยครับดีจรองรู้ใจ,positive,wisesight_sentiment,pos,80,master,False,
621,แพ้อินนิสฟรีชาเขียวระเบิดระเบ้อ ดีนะที่ของแถมดี เท่ากับซื้อโปสลูกในราคา 850เนาะ ไสยๆ,negative,wisesight_sentiment,neg,84,master,False,
622,ลืมอ่าน จ-ศ ก่อน 5 มงเยนใครจะไปว่ะ,negative,wisesight_sentiment,neg,34,master,False,
623,อยากอยู่นานแล้วนิ 😘😘,positive,wisesight_sentiment,pos,20,master,False,
624,สมเจียมเคยบอกว่าหลังยุค ร9. สลิ่มที่เคยโหนเจ้า จะสลับขั้วกับแดงที่เคยถูกตราหน้าว่าล้มเจ้า แม่งจริงว่ะ 5555 สมเจียมผู้มาก่อนกาล,positive,wisesight_sentiment,pos,126,master,False,
625,เดี๋ยวนี้พนักงานที่สนามบินบางคนทำไมถึงพูดจาและแสดงกิริยาออกมาแย่จัง เห็นเป็นต่างชาติแล้วเหวี่ยงภาษาไทย ถึงเค้าจะฟังไม่ออก แต่กิริยาที่ออกมาไม่น่าดูเลย เป็นคนไทยเองเห็นยังแย่,positive,wisesight_sentiment,pos,173,master,False,
626,กุชอบเบียร์ช้างงงงง...😁,positive,wisesight_sentiment,pos,23,master,False,
627,อร่อย เคยไปกินกะแม่วันเกิด เนื้อละลายในปาก บุฟเฟ่,positive,wisesight_sentiment,pos,49,master,False,
628,ได้เลยครับ ผมยินดีให้ครับ,positive,wisesight_sentiment,pos,25,master,False,
629,"เค้าแถลงแล้วว่าไม่ใช่พยาธิ แต่เป็น""ฝีหนอง"" สบายใจแล้วกลับไปกินต่อได้🙄",negative,wisesight_sentiment,neg,69,master,False,
630,หลังจากลบsocial media appทุกอันออกจากมือถือและตั้งกฏกับตัวเองไม่ให้เข้ามาเช็คอะไรทั้งสิ้น (ยกเว้น HBD เพื่อน พิมพ์ก่อนและเข้าโพส เวลาทั้งหมดห้ามเกิน 1 นาที) และตั้ง habit ใหม่คือทำโจทย์เลข ผลคือหลัง 30 วัน cognitive functioningดีขึ้นมาก คิดอะไรเร็ว งานเสร็จ เครียดน้อยลง หลับสบาย,positive,wisesight_sentiment,pos,279,master,False,
631,จิบเพียๆทีล้ะนิดคงฟิน,positive,wisesight_sentiment,pos,21,master,False,
632,งื้ออออ มะไรดีๆ,positive,wisesight_sentiment,pos,15,master,False,
633,กุ้งสด ก็ไม่มี ราคานี้ชาบูที่แบรนด์ไม่ดังก็ยังมี เป็นบุฟเฟ่ต์นานาชาติ แต่ชาติไหนๆเค้าก็มีกุ้งสดกัน ควรปรับปรุงค่ะ,negative,wisesight_sentiment,neg,113,master,False,
634,เตรียมท้องรอ,positive,wisesight_sentiment,pos,12,master,False,
635,กินนนนนนนน,positive,wisesight_sentiment,pos,10,master,False,
636,ปัญหาก็คือรัฐบาลไม่ต้องการให้ประชาชนฉลาดมากขึ้น อยากให้โง่ดักดานอยู่แบบนี้ จะได้ปกครองง่ายๆ ฉลาดมากรู้มากเดี๋ยวจะมาโจมตีรัฐบาล,negative,wisesight_sentiment,neg,126,master,False,
637,น่าโดนจังเลย,positive,wisesight_sentiment,pos,12,master,False,
638,แท๊กแลเผื่อสนใจ,positive,wisesight_sentiment,pos,15,master,False,
639,หมูบางมากกกกก,negative,wisesight_sentiment,neg,13,master,False,
640,ไม่มีปัญหา​กับการนั่งแกร็บ แท็กซี่ คนขับ ไม่ค่อยมึน เรื่องเดียวที่มีปัญหา​คือ กูชอบเจอรถนั่งไม่สบาย เคยเจอ Nissan March เกร็งคอเหี้ย ๆ ล่าสุด Isuzu Dmax แม่เย้ดดดด,negative,wisesight_sentiment,neg,163,master,False,
641,โปรโมชั่นดีๆต้องศูนย์นิสสันค่ะ สนใจแวะชมได้ค่ะ,positive,wisesight_sentiment,pos,46,master,False,
642,เศร้าเพราะฮงวอน ตื้นเต้นสงสัยงุนงงกับกฎของงานกับshow dc และตกใจกับงงค่ดๆกับงานbslกูณตอนนี้,negative,wisesight_sentiment,neg,90,master,False,
643,คุนหลอกดาว ขมคอเลย,negative,wisesight_sentiment,neg,18,master,False,
644,ไปวันนี้เลย,positive,wisesight_sentiment,pos,11,master,False,
645,อย่าให้คลอดก่อนเด้อ55555,positive,wisesight_sentiment,pos,24,master,False,
646,อยากกินนนนนกับเตง,positive,wisesight_sentiment,pos,17,master,False,
647,ทาง มาสด้า เขาขอแค่ เสนอความคิดเห็น ว่าควรทำอย่างไร ถ้าคนไม่รู้เค้าจะได้รู้ครับ ว่าควรจะทำอย่างไรกับแบตเตอรี่ ถ้าจอดรถไว้นานนานๆถ้าคุณไม่ซื้อก็ไม่ต้องไปว่าให้ทางมาสด้าครับ ไปดูข่าวดีๆครับว่าทำไมต้องมีการฟ้องครับ 🙏🏻🙏🏻🙏🏻😘,negative,wisesight_sentiment,neg,219,master,False,
648,สมูทอีเป็นบ้าไรไม่รู้อ่ะ ใช้แล้วแสบชิบหาย แต่ถามว่าสะใจมั้ย เออ เช้ามาสิวหายเรย,negative,wisesight_sentiment,neg,79,master,False,
649,หนักสุด คือ นาวาร่า กับฟอร์ด,negative,wisesight_sentiment,neg,28,master,False,
650,อ้วกไม่พอ ท้องเสียอีกจร้าาาาา ออกทั้งบนทั้งล่าง กุว่าไม่ใช่เพราะบาคาดี้ละ เป็นเพราะกุแดกเยอะเนี่ยแหละ,negative,wisesight_sentiment,neg,101,master,False,
651,ขอบคุณมากค๊าา..เดี๋ยวไปทานแล้วจะถ่ายรูปสวยๆมาให้นะคะ ^^,positive,wisesight_sentiment,pos,55,master,False,
652,ไปเดวเลี้ยง,positive,wisesight_sentiment,pos,11,master,False,
653,ให้กำลังใจนะคะ ยังไงก็ยังมั่นใจมาตรฐานของก้อนมากกว่าร้านหมูกระทะชาบูข้างนอกบางร้าน😂,positive,wisesight_sentiment,pos,83,master,False,
654,รถเพื่อนผมสรุปคือเครื่องน็อควิ่งจากชลบุรีไปไม่ถึงบ้านเคว้งคว้างกลางทางไปไหนต่อไม่ได้แถมเสียเงินค่าลากรถเข้าศูนอีกคนที่ใช้แล้วไม่พังก็ไม่ต้องมาว่าเจ้าของเม้นเขาหรอกเพื่อนมันใช้มาสด้าบีที50จนเก่าเห็นฟอร์ดสวยเท่มันก็เอาบีทีไปเทินทั้งที่หมดงวดแล้ว4*4ล้านกว่าบาทจ่ายค่างวดไป4เดือนกลับปีใกม่รถพังแล้วถามว่ารถคันล้านกว่ายังต้องมาเสี่ยงดวงอีกหรือไงแล้วถ้าบอกว่าขับไม่เป็นถึงพังแล้วยี่ห้ออื่นใช้จนหมดงวดทำไมไม่พังวะคิดสิคิดนึกถึงตัวเองก็ได้ถ้าเป็นเราจะรู้สึกยังไงออกรถใหม่ราคาหลักล้านแต่ต้องมาใช้รถลากเข้าศูน ทั้งๆที่สภาพรถดูแล้วยังใหม่เอี่ยมเงาวับอยู่เลยแต่ขับไม่ได้แถมต้องพาครอบครัวมานั่งกินข้าวลิงอีกโหคิดแล้วทั้งเหนื่อยทั้งท้อนะแบบนี้รถใครไม่พังคือคนโชคดีแต่ของคนที่เขาพังคือเขาโชคร้ายจะมาว่าเขาขับไม่เป็นมันก็เกินไป,negative,wisesight_sentiment,neg,711,master,False,
655,เอ้า แสนสิริ ทำไมทำงี้,negative,wisesight_sentiment,neg,22,master,False,
656,แพ้อากาศผื่นขึ้นไม่พอแพ้อากาศขึ้นตา แพ้เหงื่อ ล่าสุดแพ้ผ้าอนามัย นี้เกิดมาทำไม เสียชาติเกิด,negative,wisesight_sentiment,neg,91,master,False,
657,สงสัยเบียร์ช้างเป็นเหตุ กินแล้วภาคภูมิใจ กูได้เป็นนักมวย,negative,wisesight_sentiment,neg,56,master,False,
658,อินิสฟรีพันห้า อีฟโรเช่สองพัน ทรุด,negative,wisesight_sentiment,neg,34,master,False,
659,"งานเข้า! ""มาสด้า"" ฟ้องลูกค้า ""เรียกค่าเสียหาย 95 ล้าน"" แจงเหตุผลทำไมถึงฟ้อง ?!",negative,wisesight_sentiment,neg,78,master,False,
660,ตอนมาเสิร์ฟก็เซ็งๆ ขี้เกียจเรียก พนง เห็นยุ่งๆ ก็กินตามที่ได้ พอเก็บตัว คุยกะน้อง พนง เอารูปคุยกะทางร้าน ลดราคาให้ 10% ทางร้านตอบว่า เมนูใหม่เพิ่งทำวันแรก ลืมใส่หมูต่างๆมาให้ ฮาาาาา สภาพเหมือนน้ำซุปเหลือ มีเศษหมูสับติดมาในน้ำซุป,negative,wisesight_sentiment,neg,228,master,False,
661,ไม่ก็ไม่ถูกกับผลิตภัณฑ์ไลน์ bija ของอินนิสฟรีอ่ะ ตอนแรกไม่เป็นสิวแล้วไปใช้เลยเหมือนไปกระตุนให้สิวออกมาหรือเปล่า 😂,negative,wisesight_sentiment,neg,113,master,False,
662,มีแค่สาขาเดิมๆที่มีโปร แถมหลายจังหวัดก็จัดพร้อมกัน2-4สาขาเลย,negative,wisesight_sentiment,neg,60,master,False,
663,เรื่องการตลาด กับการดูแลซ่อมแซมรักษาครับ... อันนี้เครื่องช่วงล่างโตโยต้า มีศูนย์เยอะ ดิวง่าย อะไหล่เยอะ... ฟอร์ดนี่บางที่เข้าไปยังให้ไปเข้าศูนย์ที่ซื้อมาเฉย ช่างก็แย่นะ ส่วนตัวว่าโตโยต้าซ่อมง่ายสุด,negative,wisesight_sentiment,neg,197,master,False,
664,ต้องไปฉลองที่ฮอตพอต,positive,wisesight_sentiment,pos,19,master,False,
665,น้ำเปล่ากินคริสตัล ไม่กินเนสเล่เพราะรู้สึกว่าไม่อร่อย และสิงห์คือบับ แดรกไม่ได้ แง;-;,negative,wisesight_sentiment,neg,85,master,False,
666,ไปซีคอนบางแค ฝนตก น้ำท่วมถนน เจอกันครั้งแรกหัวใจเต้นแรง แล้วพากันกินบาบีก้อน อาหารมื้อแรกของเรา,positive,wisesight_sentiment,pos,95,master,False,
667,ไม่เคยกล้าซื้อครีมที่ขายตามเน๊ตอ่ะ คือแบบ กูกลัว คือครีมทาหน้าของพวก นีเวีย กานิเย่ อะไรแบบนี้ก็ไม่แพงนะ ทำไมถึงเห็…,negative,wisesight_sentiment,neg,116,master,False,
668,ถึงจุดๆนั้น จะรุ้เองคับว่า เราจะพุดอะไรไม่ได้เลย จะไม่สามารถต่อรองหรือสู้อะไรได้เลย #ประสบการตรงกับตัวย้ำว่ากับตัว ใช้มา 2 ปียังไม่เคยโดนคับ มาแจคพอต แค่ ตัวทำมือ ถ่านก้อนเดียว อตอม ug โคลนเก่าๆเลย สุดท้ายรอขึ้นศาล ทิ้งของที่บ้านหมดเลยคับ 6 พันกว่าบาท,negative,wisesight_sentiment,neg,251,master,False,
669,ไม่กล้าใช้นิกซ์อะ คนแพ้เยอะ กลัวใช้ละแพ้,negative,wisesight_sentiment,neg,40,master,False,
670,เช่นถ้าคนติดคุกเพราะเสพกัญชา แล้วถ้ามีการแก้กฎหมายว่ากัญชาไม่ใช่สิ่งเสพติด คนที่ติดคุกเพราะกัญชาก็ต้องถูกปล่อยตัวครับ แต่กรณีบุหรี่ไฟ้าเป็นการปรับหรือยึดของ ยังไงก็ต้องคืนของครับ ส่วนค่าปรับไม่แน่ใจครับว่าจะคืนได้มั้ย,negative,wisesight_sentiment,neg,217,master,False,
671,สู้ๆครับอย่าไห้ผลประโยชน์มันอยุ่เหนือความถุกต้อง,positive,wisesight_sentiment,pos,48,master,False,
672,คือน่าจะมีปัญหาจุกจิกอื่นๆ มาเรื่อยๆ ตั้งแต่ 3 วันแรกน่ะครับ เกียร์เพิ่งมาพังตอนเลยปีที่ 3 ซึ่งเลยประกันไปนิดหน่อย แต่ honda ไม่ช่วยเหลืออะไรเลย,negative,wisesight_sentiment,neg,144,master,False,
673,อะไรก็ได้ที่ไม่ใช่สเมอร์นอฟ,negative,wisesight_sentiment,neg,27,master,False,
674,ราคานาทีทองNissan Teana 200xl ปี2011,positive,wisesight_sentiment,pos,36,master,False,
675,เสียจุยยยย,negative,wisesight_sentiment,neg,10,master,False,
676,tint ของ etude ค่า เมื่อก่อนทำอะไรไม่เป็น ทาปากเป็นอย่างเดียว 😂,negative,wisesight_sentiment,neg,63,master,False,
677,รถก็มีข้อผิดพลาดด้วยกันทุกค่าย... แต่ดูแลลูกค้าอย่างไร ตรงที่ mazdaเป็นปัญหาอยู่เนี่ย ดีเซล cx5 mazda 2 อดีตช่างพอมีข้อมูลอะไรเพิ่มเติมไหมครับ เผื่อได้ความกระจ่าง ผมถาม mazda ไปไม่เห็นตอบอะไรเลย ... แกล้งตาย ซะงั้น,negative,wisesight_sentiment,neg,214,master,False,
678,นิสส้น นาวารา กึ่งรถเก๋งกึ่งรถปิคอ้พ เเข็งเเรง ปลอดภ้ยไช้งานคุ้ม มืบ้ตรเติมน้ำม้นให้อืกด้วย,positive,wisesight_sentiment,pos,91,master,False,
679,แม้แสงแดดจะร้อนแค่ไหน กันแดดยูเซอรีนเอาอยู่แน่นอน รับรองหน้าสวยเหมือนเดิม ไม่หมอง ไม่คล้ำ ไม่ต้องกลัวแดดเลยค่ะ,positive,wisesight_sentiment,pos,110,master,False,
680,อยากกินเอ็มเค็ม 55,positive,wisesight_sentiment,pos,18,master,False,
681,ทำบัตรเสียค่าสมัครเท่าไรค่ะ,negative,wisesight_sentiment,neg,27,master,False,
682,ว้าว่าจะถอยมาสด้า3เสียหน่อยฟ้องมาจะเอาเงินที่ใหนผ่อนล่ะ555,negative,wisesight_sentiment,neg,58,master,False,
683,เสาร์นี้เลยรอรับเงินวันศุกร์ก่อน,positive,wisesight_sentiment,pos,32,master,False,
684,กินหม่าล่าไม่เป็นๆ,negative,wisesight_sentiment,neg,18,master,False,
685,รวมญาติ เพื่อbig cleaning บ้านสะอาดรับปีใหม่ สรงน้ำพระ เพื่อสิริมงคล #สวยกล้าท้าทุกแสง #คู่หูท้าแดด #kmacosmetics,positive,wisesight_sentiment,pos,113,master,False,
686,ลิปจิ้มจุ่มเนื้อแมท Mille My Little Pony Magic Matte Liquid Lip สี 03 ค่ะ จิ้มไป4ครั้งเอง ใช้น้อยมากก ส่งต่อ150-.เองน้า ทักมาก่อนได้ แท้เด้อ!! สีน่ารัก สีของมิ้นชี่ #mille #ส่งต่อเครื่องสําอาง #ของแท้ #ส่งต่อคสอ #เครื่องสําอางมือสอง,negative,wisesight_sentiment,neg,232,master,False,
687,ไปจัดเลยมั้ย555,positive,wisesight_sentiment,pos,15,master,False,
688,ไปซื้อ 10ชิ้นก็ไม่เห็นลดงงใจ 😔,negative,wisesight_sentiment,neg,30,master,False,
689,เออสรุปไม่มีใครไป อย่ามาๆกันดีนัก,positive,wisesight_sentiment,pos,33,master,False,
690,กูตื่นเต้นมากกกกกกกกกกกกกกกกจะหมดเวลาปิดหีบแล้ววววอีกไม่กี่นาที,positive,wisesight_sentiment,pos,63,master,False,
691,ชอบๆชอบมากๆคัพกินทุกวันกับเบียร์ไฮเนเก้นเบียร์อื่นไม่เอาเลย,positive,wisesight_sentiment,pos,59,master,False,
692,ไปรวมกันนี้ไม่เอา ตัว vape ไปเเน่นอน 555555,positive,wisesight_sentiment,pos,43,master,False,
693,55555 ไหนสายเปยเค้า,positive,wisesight_sentiment,pos,19,master,False,
694,จะกินชุดนี้,positive,wisesight_sentiment,pos,11,master,False,
695,กินสเมอนอฟ แล้วมันเบากว่า 285 ที่ตัวเองชงตอนเหงาๆมากอะ,negative,wisesight_sentiment,neg,54,master,False,
696,เชียร์ NARS นะ,positive,wisesight_sentiment,pos,14,master,False,
697,ไม่ถูกกับเบียร์ช้างครับ,negative,wisesight_sentiment,neg,23,master,False,
698,"ผิวบอบบางยิ่งต้องดูแลเป็นพิเศษ… ใหม่! กันแดดสูตรอ่อนโยน เนื้อน้ำนม บางเบา เพื่อผิวแพ้ง่าย ANESSA Essence UV Sunscreen Mild Milk SPF 35 PA+++ และ ANESSA Perfect UV Sunscreen Mild Milk SPF 50+ PA++++ ปกป้องได้ทั้งผิวหน้า และผิวกาย ปราศจากสารเติมแต่งทั้ง น้ำหอม แอลกอฮอล์ และพาราเบน เพื่อดูแลผิวบอบบางแพ้ง่ายโดยเฉพาะ หาซื้อได้แล้ววันนี้ที่ Watsons, Boots, EVEANDBOY, Tsuruha, Matsumoto และ Home Fresh Mart #ANESSA #ANESSABeautySuncare #Sunscreen #ANESSAThailand",positive,wisesight_sentiment,pos,458,master,False,
699,ลงชื่อด้วยคนคับ,positive,wisesight_sentiment,pos,15,master,False,
700,เกิดเป็น ญ. แพ้ผ้าอนามัยนี่เป็นอะไรที่โคตรเหี้ย....,negative,wisesight_sentiment,neg,51,master,False,
701,เลี้ยงด้วยนะ😍😍,positive,wisesight_sentiment,pos,14,master,False,
702,มึงมันน่ากินน,positive,wisesight_sentiment,pos,13,master,False,
703,สูบบุหรี่ทำเป็นหมันมากกว่า,negative,wisesight_sentiment,neg,26,master,False,
704,เสียดายพึ่งวันอาทิตย์ไปทานมาไม่รู้ว่ามีเล่นเกมด้วย,negative,wisesight_sentiment,neg,50,master,False,
705,ใช้ Civic Fb เกียร์ธรรมดา (2012) ตอนนี้เหยียบคลัชแล้วรู้สึกแข็ง เมื่อขับในขณะขับรถติดนานๆ เกินสองชม. ทำให้รู้สึกเมื่อยขา มีวิธีแก้ไขอย่างไรให้ฟิลลิ่งเวลาเหยียบคลัชนุ่มขึ้นครับ,negative,wisesight_sentiment,neg,175,master,False,
706,วันนี้ไปกินที่ฮอตพอทที่สาขาบิ๊กซีราชดำริมา สั่งน้ำซุปไป 4 อย่าง หมาล่า ต้มยำ สุกี้ญี่ปุ่น และต้มซุปเปอร์ สิ่งที่ได้คือ น้ำซุปซุปเปอร์จืดๆ จืดแบบน้ำเปล่าเลย จึงถามกับพนง ไปว่าทำไมจืดทำไมรสชาติแบบนี้ ปกติที่เคยกินมันจะออกเปรี้ยว มีพริกใสไรงี้ พนง ก็เดินไปเอาพริกมาให้เรา คือ? ที่เราบอกไปเราจะให้ไปเช็คว่าทำไมน้ำซุปมันไม่มีรสชาติอะไรเลย พนงถามเรากลับถามว่าให้ทำไงคะ เราก็อ้าว พี่ไม่ชิมหรือเช็คหน้อยหรอว่าทำไมรสชาติแบบนี้ พนงก็พูดคำเดิมว่าให้ทำยังไง แล้วก็เอาหม้อเราไปเปลี่ยน สักพักเดินกลับมาถามว่าเปลี่ยนเป็นน้ำซุปอื่นแทนได้มั๊ย เราเลยถามกลับไปแล้วซุปเปอร์ล่ะ พนง บอกว่าหัวเชื้อที่ผสมมันหมด รสชาติเลยเป็นแบบนั้น คืออะไรหรอคะ หัวเชื้อหมด แล้วให้ลูกค้ากินน้ำเปล่างี้หรอ แล้วทำไมไม่บอกว่าของหมด เราก็ไม่สั่งแล้วป่ะ แล้วตลอดเวลาที่เกิดเรื่องมีพนง ออกมาจากครัวมายืนมองโต๊ะเราตลอดเวลา ทำแบบนี้กับลูกค้าก็ได้หรอคะ???? และเวลาที่เสียไปกับการรอการแก้ปัญหาจากทางร้านก็ไม่ได้ทดเวลาให้ อันนี้ช่างมัน อ้อ ลืมอีกเรื่องนั่งกินอยู่แล้วมีเบบี๋แมลงสาบออกมาเดินเล่นอยู่ข้างโต๊ะ ฝากดูแลน้องด้วยนะคะ ปล. เหตุเกิดจากซุปซุปเปอร์นะคะ #hotpotbufHot,negative,wisesight_sentiment,neg,1020,master,False,
707,สังคมไทยมีค่านิยมเรื่องการประสบความสำเร็จในชีวิต คือการเป็นคนรวยใจดี สิ่งนี้เป็นสาเหตุของกับความเหลื่อมล้ำ อย่างไร หากใช่ควรทำอย่างไร ลับสมองกันได้ที่มติชนรายสัปดาห์เล่มล่าสุดโดย kamphaka เขียนไว้ดีมาก,positive,wisesight_sentiment,pos,201,master,False,
708,กินบาบีกอนนนนกัน,positive,wisesight_sentiment,pos,16,master,False,
709,แล้วพี่แท็กซี่ก็เปิดเพลงบิ้วไปอีก เออดี,positive,wisesight_sentiment,pos,39,master,False,
710,สมูทอีตัวนี้เลยครับแพงหน่อยประมาณหกร้อยกว่าแต่คุ้มทาตอนนอนเอาเพราะมันออกมันเช้ามาก็ล้างหน้าปกติ,negative,wisesight_sentiment,neg,95,master,False,
711,รถดีที่ไม่น่าซื้อเป็นอย่างยิ่ง ประเภท ดูแต่ตามืออย่าต้อง ซื้อรถแถมแพด้วย 😊😊 เวลามีปัญหา พี่ฟอร์ดทิ้งสถานเดียว,negative,wisesight_sentiment,neg,109,master,False,
712,ส่วนตัวชอบ Room 39 แต่อยากไปงานนี้เพราะว่าตรงกับวันเกิดเพื่อน อยากได้บัตรไปเซอร์ไพร์ส เพื่อนชอบjetset'erมากๆค่ะ เพื่อนเคยทะเลาะกับแฟนเพราะเปิดแต่เพลงjetset'er แล้วเพื่อนทั้งกลุ่มก็เป็นคอเบียร์ช้างเลยค่ะ สุดท้าย!!ใกล้หน้าหนาวบรรยากาศของงานคงดีมากๆ อยากได้มากจริงๆค่ะ,positive,wisesight_sentiment,pos,265,master,False,
713,ทำไมถูกจังมะนเป็นโปรอ่อ,positive,wisesight_sentiment,pos,23,master,False,
714,ไปขับรีโว่เทียบดีแมก ตัดสินใจถอยรีโว่ทันที ทั้งที่ตอนแรกผมว่าดีแมกสวยกว่า 555,positive,wisesight_sentiment,pos,77,master,False,
715,ปัญญาอ่อน แค่นี้ติดคุก งง ไอควายกับคดีฆ่าหั่นศพต่างกันชั่วโคตร หน้าส้นตีน คำพูดปัญญาอ่อนคิดบ้างป่ะวะ รถแม่งคงดูดบุหรี่ไฟฟ้าอ่ะเลยยึด หน้าหนังควย,negative,wisesight_sentiment,neg,144,master,False,
716,ล้อปรกติก็วีดขึ้นครับ ลองสังเกตตอนเราวิ่งตอนฝนตก พอรถเเห้งจะเห็นเลยครับ ตรงนั้นไปโดนมาทีล้อเดิมๆ(วีออส) ต้องค่อยๆคลานไปจนหมดเสียงกระเด็นอ่ะ,negative,wisesight_sentiment,neg,139,master,False,
717,ยอมใจ พวก พี่ ๆ ๆ เลย ขอบคุณคาฟ,positive,wisesight_sentiment,pos,31,master,False,
718,นครศรีธรรมราชไม่มีแล้วเสียดายจัง,negative,wisesight_sentiment,neg,32,master,False,
719,หิวจริงแต่งด,negative,wisesight_sentiment,neg,12,master,False,
720,มาสด้า 2 น่าจะมาตอบโจทย์ 2 กลุ่มหลักๆ 1.คนรุ่นใหม่ นักศึกษา/วัยเริ่มต้นทำงาน ครองใจไปทั้งดีไซน์ การขับขี่ และความประหยัด ซึ่งกลุ่มนี้มักยังโสด ไม่มีลูก 2.คนมีครอบครัวสมัยใหม่ ซึ่งปกติจะมีรถคันอื่นที่ใหญ่กว่าอยู่แล้ว เช่น PPV SUV หรือเก๋งคันโต เลยต้องการรถเล็กๆ ขับสนุก คล่องตัว แต่ก็ประหยัด แน่นอน 2 กลุ่มนี้น่าจะไม่แคร์พื้นที่ใช้สอยที่กว้างขวางมากนัก โดยคนที่ต้องการพื้นที่ใช้สอยจริงๆ คงไป Yaris/Yaris Ative/Almera แทนละกระมังครับ คหสต.ล้วนๆ ^^,positive,wisesight_sentiment,pos,445,master,False,
721,เซฟโรเลตจัดไหม,positive,wisesight_sentiment,pos,14,master,False,
722,ไม่เห็นจะเผ็ดอะไรเลยสักนิด,negative,wisesight_sentiment,neg,26,master,False,
723,แล้วผ้าอนามัยของยี่ห้อ ซ. ติดแล้วยังไม่ทันจะใส่เลย กาวหลุดแล้ว 😆,negative,wisesight_sentiment,neg,64,master,False,
724,สรุปว่าพรบ.คู่ชีวิต ก็สามารถได้สิทธิหลายอย่างที่สำคัญนะเนี่ย ได้สิทธิจัดการความยินยอมเรื่องรักษาพยาบาล หนี้สิน ทรัพย์สิน ก็พอจะโอเคในระดับนึง,positive,wisesight_sentiment,pos,141,master,False,
725,ใครว่าจะเลี้ยงกันแน่,positive,wisesight_sentiment,pos,20,master,False,
726,W7 colour pop sleek น่าสน ราคาไม่แพงด้วย แต่เก่งมากค่ะลูก ปรบมือออ,positive,wisesight_sentiment,pos,66,master,False,
727,นิสสัน navara PPV? เชย แก่ โบราณ,negative,wisesight_sentiment,neg,32,master,False,
728,ไปสอยมาแล้ว the saem multi color ด้วยความรีวิวมันทำให้อยากได้ ก็ไม่ผิดหวังนะสีสวยจริงๆ สีเหมือนที่เห็นในรีวิวเลย ดีทุกอย่างเสียอย่างเดียวคือ ปริมาณน้อยไปไหมเล็กมากเลย อยากได้อีกหลอดเลย ลิปเนื้อกึ่งแมทจร้าติดทนระดับนึง ราคาถูกนะคุ้มก็ได้ #FLLรีวิว,negative,wisesight_sentiment,neg,246,master,False,
729,รอลุ้นกล้องค้า อยากได้มากกก😍,positive,wisesight_sentiment,pos,28,master,False,
730,ไอเหี้ย คิดว่าประชาชนโง่มากหรอ มันไม่ใช่ละป้ะ เลื่อนมาสี่ครั้งละมะ มึงเลื่อนออกไปอีกร้อยครั้งพรรคพลังประชารัฐก็ไม่ชนะหรอก คว้าย,negative,wisesight_sentiment,neg,127,master,False,
731,ปัดตั้งแต่เช้าตอนเย็นสียังแน่น ปัดแล้วแก้มดูบ่มแดดตลอดเวลาเว่อร์😍😍😍😍 #4u2 #4u2cosmetics #4u2thailand,positive,wisesight_sentiment,pos,100,master,False,
732,แถวพระราม2ค่ะ,positive,wisesight_sentiment,pos,13,master,False,
733,เมื่อวานพึ่งไปทานมา สาขาโลตัสท่านา นครปฐม น้ำจิ้มไม่เหมือนเดิม ดำเข้มขึ้นและเค็มมาก ไม่รุ้แต่ละสาขาน้ำจิ้มสูตรเดียวกันป่าว,negative,wisesight_sentiment,neg,122,master,False,
734,อยากกินงวงช้าง เอ้ย เบียร์ช้าง พ่ามมมมมท,positive,wisesight_sentiment,pos,40,master,False,
735,ขอบคุณทุกท่านที่เสียสละเวลาเพื่อพวกเรา,positive,wisesight_sentiment,pos,38,master,False,
736,ฮาจะเลิกกิ๋นเบียร์ลีโออะหยังกู้อย่างตี้เกี่ยวกับBG ถ้าหมู่สูยังทำกับทีมเกิดบ้านฮาจะอี้...ควย,negative,wisesight_sentiment,neg,92,master,False,
737,เชฟโรเลตเพิ่งได้มาป้ายแดงใส่ล้อขอบ255/5518รุ้สึกวิ่งอืดๆครับ เกียร์6แซงไม่พ้น ว่าจะใส่กล่องคันเร่งไฟฟ้าจะมีปัญหามั้ยครับ,negative,wisesight_sentiment,neg,120,master,False,
738,บางทีคือดู Netflix แต่ไม่ชอบซีรีส์ฝรั่งตรงที่เริ่มมาแม่งไม่รู้อะไรเลยแต่ทำเหมือนกูรู้แล้ว บางทีเป็นฉากคนกำลังทำห่าอะไรก็ไม่รู้ บางทีเป็นฉากคนวิ่งหนีอะไรสักอย่าง บางทีเป็นฉากมืดๆ ลับๆล่อๆ ไม่เหมือนอนิเมหรือหนังญป เปิดเรื่องมาบอกเลยผมคือใคร เป็นอะไร เกิดอะไรขึ้น ง่ายดี ดูสบ๊ายสบาย,negative,wisesight_sentiment,neg,279,master,False,
739,สนใจนิสสันมาร์ชค่ะ,positive,wisesight_sentiment,pos,18,master,False,
740,แค่มื้อเที่ยง มื้อเย็นก็วิ่งไงแกรรรร☺️,positive,wisesight_sentiment,pos,38,master,False,
741,กูชี้ให้มึงดูและ,positive,wisesight_sentiment,pos,16,master,False,
742,แต่อยากไปกินบุฟเอมเคนะ มีบุฟบาบีก้อนด้วยอะ,positive,wisesight_sentiment,pos,42,master,False,
743,พาไปหน่อยย,positive,wisesight_sentiment,pos,10,master,False,
744,อยากให้ลองใช้ BrowArtistXpert สี 106 สีน้ำตาลเทาค่ะ เพราะในอาชัพแบบเราแล้ว ไม่สามารถทำผมสีๆได้ ผมสีเทาเหมาะกับ 106 ไม่ดำเกินไป ไม่แข็งเกินไป ไม่อยากให้เป็นผู้หญิงโนคิ้วเดินออกนอกบ้าน BrowArtistXpert ในรูปแบบดินสอเขียนง่าย ลื่น พกพาสะดวก หัวแปรงก็นุ่ม เหมาะกับมือใหม่อยากมีคิ้วมากค่ะ #YourPerfectBrowColor #ParisianChic #LOrealParisTH #BrowArtistXpert,positive,wisesight_sentiment,pos,350,master,False,
745,เสียใจค่ะ เหมือนโดนหลอก 555,negative,wisesight_sentiment,neg,27,master,False,
746,โซน yg ที่ show dc เมื่อไหร่จะเสร็จ อยากไปจัดแล้วนะ 555555,negative,wisesight_sentiment,neg,58,master,False,
747,สรุปว่า ต้องนี้ผิดกฎหมาย 100% แล้วใช่ไมคับ #คนพกใช้,negative,wisesight_sentiment,neg,51,master,False,
748,ดูอาหารว่าถูกหรือแพง ดูที่ปริมาณและราคาคัฟไม่ใช่ดูที่จำนวนคน 1)ทะเลลวก700สำหรับผมแพง 2)เบียร์ช้างตกขวดละ120 3)น้ำแข็ง80 ผมว่า3อย่างนี้แพงคัฟ,negative,wisesight_sentiment,neg,140,master,False,
749,่ hada labo ใช้ได้นานจริง แต่นอกจากเรื่องหน้าไม่มันก็ไม่เหงช่วยอะไรเลย 😂,negative,wisesight_sentiment,neg,72,master,False,
750,เคยใช้เหรอครับ เดิมๆผมก็ว่ามันก็แรงใช้ได้ ขนาดตัวเก่าเทียบกับวีโก้หรือดีแม็กผมก็ว่าแรงกว่าเห็นๆ,negative,wisesight_sentiment,neg,95,master,False,
751,สู้คับพี่ๆเพื่อน ไม่ว่างไปด้วยส่งใจไป,positive,wisesight_sentiment,pos,37,master,False,
752,ครีมของชั้นจะต้องเทียบชั้นลาแมร์ให้ได้ เครื่องสำอางนะเหรอ บ๊อบบี้บราวน์ก็อย่าหวังจะสู้ หึ,negative,wisesight_sentiment,neg,89,master,False,
753,เพราะว่าใช้เองแล้วรู้สึกว่าดี แล้วทางsnail whiteทราบ เลยขอให้เป็นพรีเซนเตอร์,positive,wisesight_sentiment,pos,76,master,False,
754,ใช้กานีเย่ไม่ได้อ่ะเจ้,negative,wisesight_sentiment,neg,22,master,False,
755,เริ่มต้นไม่เคยชอบ spy เรามันสาย เหล้า เบียร์ทุกการดื่ม ผมจำเจกับรสชาติเดิมๆของเหล้าเบียร์ ก็อยากเปลี่ยนรถชาติลองหันมาดื่มไวน์บ้างในเวลาดูบอล เลยจัดspy มาแพ็คนึง แล้วนั่งชิวกับการดื่ม spy cooler ที่เข้ากันได้ดีกับ หมูย่าง ในบรรยกาศกลางคืนตอนดูบอล เป็นอ่ะไรที่ชิวมาก แล้วยิ่งมีเพื่อนมาดูบอลด้วย โอ๊วววว(เหมาะ)ถ้าพวกคุณสายเหล้าเบียร์แบบผม คุณไม่จำเป็นต้องทิ้งสายคุณ แต่แค่เพิ่มspyเข้ามาในสายของคุณอีกเท่านั้นเอง ลองดู wow,positive,wisesight_sentiment,pos,418,master,False,
756,กลิ่นหงส์ทองเต็มไปหมด มึน,negative,wisesight_sentiment,neg,25,master,False,
757,เอาใจช่วยนะครับพี่,positive,wisesight_sentiment,pos,18,master,False,
758,อยากกินก๋วยเตี๋ยวคั่วไก่ที่เยาวราช อร่อยสุดๆเลย,positive,wisesight_sentiment,pos,47,master,False,
759,ปีนี้นิสสันออกมาแต่ละตัวแจ่มแจ่มทั้งนั้น สวยทุกคัน,positive,wisesight_sentiment,pos,50,master,False,
760,ไปป่ะ อยาก,positive,wisesight_sentiment,pos,10,master,False,
761,ปานนั้นคือว่าเบื่ออยู๋หล่า,negative,wisesight_sentiment,neg,26,master,False,
762,ค่ะไปมามาวานค่ะขอบคุนคร้า,positive,wisesight_sentiment,pos,25,master,False,
763,ก็น่าจะอร่อยนะ ดูจากรูปแล้ว เนื้อน่ากินสุดๆ เหมือนบาบีคิวพลาซ่า,positive,wisesight_sentiment,pos,63,master,False,
764,น้ำสิงห์รสชาติแดกไม่ได้จริงๆ,negative,wisesight_sentiment,neg,28,master,False,
765,อยากกิน mk ด้วย วันนี้อะ,positive,wisesight_sentiment,pos,24,master,False,
766,เหตุผลที่เลือกใช้ Eucerin Sun DP60+เป็นครีมกันแดดที่เหมาะสมกับสภาพผิวไม่แพ้ง่ายในช่วงที่แดดแรงทำให้ผิวคล้ำเสียมีฝ้ากระและจุดด่างดำเพราะต้องทำงานออกแดดเป็นประจำEucerinคือกันแดดที่ทำให้เชื่อมั่นในคุณภาพทำให้เชื่อมั่นได้ว่าในเวลากลางวันผิวจะไม่ถูกทำร้าย,positive,wisesight_sentiment,pos,250,master,False,
767,มันไม่ลดแล้วอะ ฮือออ,negative,wisesight_sentiment,neg,20,master,False,
768,โป้งแอดมิน โปรนี้ไม่มีพิษณุโลก😢,negative,wisesight_sentiment,neg,31,master,False,
769,เบียร์ยูจืดจิง แต่เบียร์ใหม่นี้ผลิตภัณฑ์ดูล้ำสมัยดี แปลกตา น่าลิ้มลองมาก,negative,wisesight_sentiment,neg,72,master,False,
770,พุ่งนี้ไหม,positive,wisesight_sentiment,pos,10,master,False,
771,อยากกินอันเน้😍,positive,wisesight_sentiment,pos,14,master,False,
772,ปะะ ๆ พรุ่งนี้,positive,wisesight_sentiment,pos,14,master,False,
773,Dmax G1 ที่บ้าน 15 ปีเครื่องเดิมๆไม่เปลี่ยนไม่เคยมีปัญหา ซื้อใหม่อีกคันสงสัยคงต้องเอา Dmax กลับมาพิจารณาใหม่,negative,wisesight_sentiment,neg,108,master,False,
774,ต้องจัดสักวัน,positive,wisesight_sentiment,pos,13,master,False,
775,อดเลยฮืออออออ,negative,wisesight_sentiment,neg,13,master,False,
776,รักเจ้ บิวตี้บ๊อคเกอร์คนต่อไป,positive,wisesight_sentiment,pos,29,master,False,
777,สั่งน้ำเป็ดถ่วยนึงไปก็ไม่ได้กิน ทำงานกันเหมือนต้องมาขอกิน พนักงานชุดนี้โครตแย่จริงๆทั้งหมด ไม่เหมือนชุดเก่าที่เคยมากิน ยิ้มแย่ม สดใส เอาใจใส่บริการ เมื่อว่านบอกตรงๆเลยท่าไม่ติดว่าให้เกรียจน่ะมีระเบิดแน่กับพนักงานชุดนี้,negative,wisesight_sentiment,neg,218,master,False,
778,ใช่เลย 5555,positive,wisesight_sentiment,pos,11,master,False,
779,กุแพ้กานิเย่เหลืองจ้าาาา 😅,negative,wisesight_sentiment,neg,26,master,False,
780,สงสัยพ่อมันเป็นมะเร็งตายแหง๋มๆ,negative,wisesight_sentiment,neg,30,master,False,
781,ใส่ชุดไทยไปติ..เงินซื้อชุดไทยแพงกว่าส่วนลดอีก..,negative,wisesight_sentiment,neg,47,master,False,
782,เบียร์ยูเป็นเบียร์ที่กูจะกินครั้งนี้ครั้งแรกและครั้งสุดท้าย รสชาติ.... มาก,negative,wisesight_sentiment,neg,74,master,False,
783,ลดน้อยจุง 😂,negative,wisesight_sentiment,neg,11,master,False,
784,ไหนว่าเปลี่ยนกะทะละไง,negative,wisesight_sentiment,neg,21,master,False,
785,ม่ายไหวๆจิงๆ 5555 เอาแอคคอร์ดที่ยอดขายเน่าในเมกา มาจับทุบหน้าทุบตูด ทำไมฮอนด้าออกแบบล้าหลังไงไม่รุ้ ชอบฮอนด้ามาตลอดนะ แต่มันไม่สวยจิงๆอ่ะแล้วแต่คนชอบละกันคับ,negative,wisesight_sentiment,neg,157,master,False,
786,ผมคนนึง ที่เลิกบุหรี่มวนเกือบจะ 100% แล้วครับ,positive,wisesight_sentiment,pos,45,master,False,
787,พอกินอาหารทำเองบ่อยมากๆ เข้า ก็เพิ่งรู้สึกว่าเอ็มเคนี่เค็มแฮะ,negative,wisesight_sentiment,neg,61,master,False,
788,เอ้าาาา Issariya Homudom สปาย ที่แปลว่าเหล้า กินแร้วไม่เมา แต่เพลีย,negative,wisesight_sentiment,neg,67,master,False,
789,บ่รุ55555.,positive,wisesight_sentiment,pos,10,master,False,
790,ใครน้อออ อีนัตเอาไปหมดแล้ว 5555,positive,wisesight_sentiment,pos,31,master,False,
791,โอ้ยย อยากไปคลอด บำรุงราษ สมิติเวช น่ารักหมดเลยอ่า,positive,wisesight_sentiment,pos,50,master,False,
792,ป่ะๆ กินเอมเคกันค่ะพี่เบียร์,positive,wisesight_sentiment,pos,28,master,False,
793,อยากกินนะแต่กลัว55555,positive,wisesight_sentiment,pos,21,master,False,
794,พี่ที่ทำงานไปทานมาและเสียความรู้สึกมากค่ะ รอนาน บริการแย่ สาขาบิ๊กซี นวนคร แค่น้ำรอ 15 นาที ของขาดแต่กว่าจะเดินมาบอกอีก 20 นาที แล้วบอกว่าคนเยอะ แต่มีนั่งอยู่แค่ 5-6โต๊ะ และสภาพอาหารที่ได้ ไม่สมกับเวลาและราคาที่ต้องเสียเลยค่ะ,negative,wisesight_sentiment,neg,225,master,False,
795,"นิสสัน นาวารามีโปรโมชั่นพิเศษ ดีๆ เริสๆ เนอะ ดอกเบี้ย 0% ฟรีประกันภัยชั้น1 และมีบัตรน้ำมันมูลค่า 5,000 บาท ด้วยดีเนอะ",positive,wisesight_sentiment,pos,117,master,False,
796,อีก๊องอยากกินแล้ว.,positive,wisesight_sentiment,pos,18,master,False,
797,อย่างนี้ต้องนีเวียจ้า,positive,wisesight_sentiment,pos,21,master,False,
798,มันได้โปรแค่วันธรรมดาอ่ะเบล จันทร์-ศุกร์😂😂,negative,wisesight_sentiment,neg,42,master,False,
799,น่ากินดีอ่ะพี่,positive,wisesight_sentiment,pos,14,master,False,
800,"อีกหน่อย น่าจะมีวันรำลึกถึงเหตุการณ์การเลือกตั้งในครั้งนี้ที่งงกันเกือบทั้งประเทศ คำขวัญแบบ ""24 มีนา ชาวประชา อิหยังวะ"" #เลือกตั้ง62",negative,wisesight_sentiment,neg,132,master,False,
801,เกลียดไฟหน้า Revo กะ Fortun แยงตาชิบหาย ส่องเห็นทางแต่ตัวเอง...,negative,wisesight_sentiment,neg,63,master,False,
802,การตลาด nissan ชัดๆ แกร่งจริงๆ ถถถ ทั้งขวาน ทั้งจอบทำไรไม่ได้ ถถถถถถถถถถถถถถถ,positive,wisesight_sentiment,pos,77,master,False,
803,เหนแม่งห้ามโพสเหล้า งงหวะ,negative,wisesight_sentiment,neg,25,master,False,
804,รอที่รักมาเลี้ยงนร้😍,positive,wisesight_sentiment,pos,20,master,False,
805,อยากกินน้ำๆแบบนี้,positive,wisesight_sentiment,pos,17,master,False,
806,ถึงแค่ 28 กุมภานี้เอง เสียดายน่าจะมียาวๆไปเลย,negative,wisesight_sentiment,neg,45,master,False,
807,อีเหี้ย ไฟ HRV สว่างโคตรบ้านพ่อบ้านแม่ แถมมี brake hold อีก ทำไมดีอย่างงี้ อยากเปลี่ยนมาขับคันนี้แล้ว เอา city น้องไปเก็บที,negative,wisesight_sentiment,neg,123,master,False,
808,🎄 Mangwon Tiramisu...ทิรามิสุนุ่มๆ 🍓🍃 ละมุนมาก สตรอเบอรี่ลูกโตๆ ฉ่ำๆ มีเนื้อสตรอเบอรี่ด้วย ใครชอบทิรามิสุต้องหลงรัก แถมร้านนี้ถ่ายรูปสวย 😘 📍 สถานีรถไฟฟ้า Hapjeong ทางออกที่8,positive,wisesight_sentiment,pos,173,master,False,
809,พวกเราดูดก็ไม่ได้ทไให้ใครเดือดร้อน,negative,wisesight_sentiment,neg,34,master,False,
810,ชอบกินช้างครับพี่น้ำ,positive,wisesight_sentiment,pos,20,master,False,
811,ป้ะ เย็นนี้,positive,wisesight_sentiment,pos,11,master,False,
812,อยากกินแล้ว,positive,wisesight_sentiment,pos,11,master,False,
813,นิสสันนาวารา เท่มากคับ แข็งแรงทนทาน อยากได้มาก,positive,wisesight_sentiment,pos,46,master,False,
814,เสร็จเรียบร้อยครับ งานโอเวอร์ฮอลโช๊ค GAB SS ของ Suzuki Swift อาการรั่วซึม และนิ่มไม่หนึบ หลังจากถอดเชค น้ำมันดำเก่ามากแล้ว เสื่อมตามการใช้งาน และรั่ว 3 ต้น (หน้า 2 หลัง 1 ซึมๆ) จัดการตามขั้นตอนเรียบร้อย ลูกค้านำกลับไปใช้แล้วแจ้งมาว่าหนึบดีเลย ถูกใจ น่าจะเอาไปทำนานแล้ว ขอบคุณมากๆครับ ยินดีที่ได้ทำให้คนเล่นโช๊คซิ่งมีความสุขจากการขับขี่ที่ดีขึ้นครับ,positive,wisesight_sentiment,pos,348,master,False,
815,ชูป้ายไฟ “แป้งเจ้านาง” ค่ะ ถูกและดีศรีปลื้มมมมมมม,positive,wisesight_sentiment,pos,49,master,False,
816,พร้อมเสมออ😁😁😁😁😁,positive,wisesight_sentiment,pos,15,master,False,
817,ใช้มิตซูบิชิอยู่ 2 คันคือปาเจโร่สปอร์ตโฉมใหม่ และ แอททราจชอบทั้งคู่ใช้งานได้ดีจริงๆ,positive,wisesight_sentiment,pos,83,master,False,
818,แง อยากเจอแท็กซี่คันนี้,positive,wisesight_sentiment,pos,23,master,False,
819,ชิสสันนาวาร่า สวยแกร่งบึกบึน กับราคาสบายๆน่าสนใจมากครับ,positive,wisesight_sentiment,pos,55,master,False,
820,แจ้งความก่อน ธนาคารบัตรมึงแม่งจะไม่ทำเหี้ยไรเลย ไม่ดำเนินการใดๆทั้งสิ้น,negative,wisesight_sentiment,neg,71,master,False,
821,ข้างในใจฉันเหน็บ หนาว เงียบ เหงา วันเวลาเก่าๆที่ฉันเคยมีเธอ ความ เหงา กับความ หนาว เป็นอะไรที่ช่างปวดร้าวเมื่อต้องเจอ จะผ่านให้พ้นคืนหนึ่งก็เป็นเรื่องยากเย็นเสมอ ยิ่งคนที่ใจเคว้งคว้าง ยิ่งไม่มีทางจะผ่านได้เลย อยากไปเพราะจะได้พักผ่อนพาใจไปฟังเพลงเพราะๆที่งานOvercoat Music Festival 8 อยากไปดูทุกวงเลยค่ะ มีแต่วงดี เพลงดี อากาศเย็นสบายต้องบวกกับ เบียร์ช้าง โหยยยยยทมันฟินนะคะ อยากได้มากกกกกก 😝🍻✨,positive,wisesight_sentiment,pos,393,master,False,
822,ขอบคุณทุกท่านที่เป็นปากเป็นเสียงเพื่อคนอื่นครับ ความดีที่ทำไม่แพ้ตูนที่วิ่งขอเงินบริจาคเลยครับ,positive,wisesight_sentiment,pos,94,master,False,
823,บุหรี่ไฟฟ้าคงอันตรายกว่ายาบ้าใช่มั้ย เพราะฉะนั้น ดูดม้ากันเหอะ,negative,wisesight_sentiment,neg,62,master,False,
824,พี่ครับผมใช้สมูทอีแล้วสิวขึ้นอีกและหน้าแดง,negative,wisesight_sentiment,neg,42,master,False,
825,ไปกินที่สาขาโฮมโปรที่ชุมพรมาเมื่อวัน ที่ 30 ธันวาคม ไม่มีของอะไรเลย เมนูหลายเมนูถูกยกเลิก เซ็งมาก สอบถามจากพนักงาน,negative,wisesight_sentiment,neg,114,master,False,
826,เป็นเมดที่สิงคโปร์เงินไม่ดีเท่าไหร่หรอกค่ะ แค่เมดที่บ้านใช้ sk-ii ครบเซทแค่นั้นเอง 5555555555555555555555,negative,wisesight_sentiment,neg,105,master,False,
827,จัดป๋ายยยย😋😉,positive,wisesight_sentiment,pos,12,master,False,
828,เม็ดเลือดขาวที่ตายแล้ว เคๆๆ,negative,wisesight_sentiment,neg,27,master,False,
829,เอาไง วันไหน,positive,wisesight_sentiment,pos,12,master,False,
830,กดชิ้นเนื้อแล้วดังแป๊ะๆๆๆใครจะกินลง ต่อให้เอามาเปลี่ยนให้กินเป็นกิโลก็กลืนไม่ลงแล้วค่ะมีแต่จะอวก น้องเค้าไม่ได้ตรรกะหรอกค่ะ ทางร้านพลาดเองค่ะ น้องเค้าตั้งใจไปทานกันไม้ได้ว่าจะไปจับผิดทางร้านหรือว่าอยากดังหรอกค่ะ,negative,wisesight_sentiment,neg,211,master,False,
831,Honda รถญี่ปุ่นรถกากๆ แถมยังบริการ ได้ห่วยอตกอีก ไอ้เหี้ย,negative,wisesight_sentiment,neg,57,master,False,
832,เสียดายจังพิษณุโลกไม่ได้ร่วมรายการ 😭😭😭,negative,wisesight_sentiment,neg,38,master,False,
833,ไม่เคยมีปลาหมึกยัดไส้เลย,negative,wisesight_sentiment,neg,24,master,False,
834,มาเหอะ แสงโสมกับเบียร์ช้างอย่างตีไอเหี้ย55555,negative,wisesight_sentiment,neg,45,master,False,
835,เดวน้องออมกลับบ้านก่อนนะนุ้งยิ้ม,positive,wisesight_sentiment,pos,32,master,False,
836,ชอบตั้งแต่ตัวก่อน ตัวนี้ยิ่งสวยกว่าอีก รักเลยซีวิค,positive,wisesight_sentiment,pos,50,master,False,
837,คนเอาcx5 มาซ่อมนี่พนักงานแทบจะกราบตีน mazda2อย่างกุเหรอ รอไปค่ะ,negative,wisesight_sentiment,neg,63,master,False,
838,ลองแล้วอร่อยจริง😘,positive,wisesight_sentiment,pos,17,master,False,
839,น่าลอง รสชาติเป็นไง,positive,wisesight_sentiment,pos,19,master,False,
840,show dc รีบเอาทัวร์จีนมาลงจัง ห้างยังเปิดไม่หมดเลย,negative,wisesight_sentiment,neg,50,master,False,
841,บะหมี่หยกน่ากินอ่ะ,positive,wisesight_sentiment,pos,18,master,False,
842,ล่ะผ้าอนามัยลอรีเอะอันใหม่นี่แพงอะไรอะ 16ชิ้น 60บาท น้ำตาจิไหล,negative,wisesight_sentiment,neg,62,master,False,
843,ขอบพระคุณที่ชื่นชอบในผลิตภัณฑ์บิโอเรค่า^^,positive,wisesight_sentiment,pos,41,master,False,
844,เมื่อสงสัยว่าตัวเองแพ้แอลกอฮอล์มั้ย แล้วไปเจอคห.นี้ ก็รู้เลยว่าน่าจะแพ้อ่อนๆ คือกินSmirnoff ที่แอลกอฮอล์แค่5% แก้วเ…,negative,wisesight_sentiment,neg,116,master,False,
845,5555 ล่าสุดปิ่นเกล้าก็ไม่อร่อย,negative,wisesight_sentiment,neg,30,master,False,
846,อัพหรือยังงงงง เมื่อไหร่จะได้กิน 2000 งะะะะะ,positive,wisesight_sentiment,pos,44,master,False,
847,บาบิก้อนหรือไรก็ได้จ้า,positive,wisesight_sentiment,pos,22,master,False,
848,แต่เอมเคคือกินง่ายมากเลยนะ ... 5555555555 เครื่องเทศไม่เยอะ แต่โซเดียมเยอะ,negative,wisesight_sentiment,neg,74,master,False,
849,ห่วงผลประโยชน์ประเทศ ..ก็ดีสิ ... กลัวห่วงผลประโยชน์นายทุนนำเข้า ซะมากกว่า,negative,wisesight_sentiment,neg,74,master,False,
850,คือว่าเซากินเผ็ด สิคุ้มค่าพบแพทย์บ่ค่ะ,negative,wisesight_sentiment,neg,38,master,False,
851,ปลาการ์ตูน #สวยกล้าท้าทุกแสง #คู่หูท้าแดด #kmacosmetics,positive,wisesight_sentiment,pos,55,master,False,
852,ถ้าแดกแสงโสมจะชวนกูทำไมอ่า รู้อยู่ไม่ใช่เหรอว่าเพื่อนไม่ถูกกับแสงโสม ไม่เนียนน้าาาาา,negative,wisesight_sentiment,neg,84,master,False,
853,พรุ่งนี้จะไปกิน เห็นแล้วแซ่บ,positive,wisesight_sentiment,pos,28,master,False,
854,ชอบ Honda Jazz เพราะขนาดกะทัดรัด ขับขี่ง่าย จอดรถได้สะดวก ประหยัดน้ำมัน #ฮอนด้าที่รัก #EnjoyHondaThailand,positive,wisesight_sentiment,pos,105,master,False,
855,Honda แมร่ง ดี จริง ไม่ ล้ม สัก คัน,positive,wisesight_sentiment,pos,35,master,False,
856,แต่มีหนอง ??? จากผลอ่านพยาธิ,negative,wisesight_sentiment,neg,28,master,False,
857,อุสา ออกมาห้างจะกินเอมเค แม่ง ปิดละ อะไรว่ะ ปิดเรวเวอรรร,negative,wisesight_sentiment,neg,56,master,False,
858,กลุ่มใหญ่คนเปนแสนก็จริงแต่คนโพสเยอะน่ารำคาญบางคนก็ปิดแจ้งเตือนไม่ติดตามอาจไม่เห็นก็ได้ครับ,negative,wisesight_sentiment,neg,90,master,False,
859,ให้ก็ไม่เต็จัดทั้งทีต้องใครแต่งมาให้สิทธิ์หมดทุกโต๊ะซิเจ้าคะ​ ขุ่นมังกร,negative,wisesight_sentiment,neg,71,master,False,
860,ไลค์ลี่แฮปปี้แลนด์ ผจญภัยในแดนวัสดุภัณฑ์,positive,wisesight_sentiment,pos,40,master,False,
861,ทำไมไม่มีเสาร์-อาทิตย์ค่ะ,negative,wisesight_sentiment,neg,25,master,False,
862,ยาริสเอทีฟสภาพดีๆถูกสุดเท่าไหร่คับ,positive,wisesight_sentiment,pos,34,master,False,
863,เราไปกินบาบีกอนกันไหม,positive,wisesight_sentiment,pos,21,master,False,
864,ฟานี่ใช้น้ำหอม Chanel Chance eau Tendre อ่อ ฮือออออ นี่ชอบมากกกกกกกกก แต่ราคาไม่ใช่เล่นเลอ ฮอลลลล รอมีเงินเดือนเป็น…,negative,wisesight_sentiment,neg,116,master,False,
865,X Trail ครับสนใจมาก,positive,wisesight_sentiment,pos,19,master,False,
866,ถ้ามีตังอีกนิด ดูMazda 3ก้ดีนะคะ นิสสันนี่ไม่รู้ว่าจะซ่อมอู่ไหน อะไหล่หายากมั้ย แพงมั้ยด้วยค่ะ,negative,wisesight_sentiment,neg,94,master,False,
867,น่ากินมากๆ,positive,wisesight_sentiment,pos,10,master,False,
868,คืนนั้นของเดือนเป็นกังวลใช่ไหม นอนหลับไม่สนิทเป็นกังวลกลัวซึมเปื้อน ทำให้ไม่สบายตัวใช่ไหม ลองเปลี่ยนมาใช้ลอรีเอะ ซอฟท์แอนด์เซฟ เอ็กซ์ตร้าโพรเทคชั่น แอนตี้แบคทีเรียแบบกลางคืนสิแผ่นเดียวเอาอยู่ ไม่มีกลิ่นอับชื้นแถมด้วยไซด์บล็อคหยุดการซึมเปื้อนด้านหลังทำให้นอนหลับสนิทตลอดคืน รับรองฝันดีจ้า ลองใช้ดูนะ ดีจริงๆจ้า,positive,wisesight_sentiment,pos,309,master,False,
869,ดื่มง่าย ดื่มคล่อง ไม่ต้องบีบจมูกเวลาดื่มด้วยจ้า จะไปซื้อกันยังนะ,positive,wisesight_sentiment,pos,65,master,False,
870,วันนี้ก็ลองมา สาขาไอทีหลักสี่ค่ะ ไม่เผ็ดไม่อะไรเรย เหมือนซดน้ำใส 555 แต่ก็เฉพาะบางสาขาเนาะ แต่ก็okทุกอย่างล่ะ ยกเว้นร้ำชุปทุกรส ไม่โอเค,negative,wisesight_sentiment,neg,135,master,False,
871,ตอนแรกอยากได้ jazz ไปๆมาๆ แม่บอก พ่อขับไม่มรถมันเล็ก เอาคันที่ขับได้ทั้งครอบครัว จบที่ civic จ้า งงๆไปอีก,negative,wisesight_sentiment,neg,105,master,False,
872,ตั้งแต่ใช้คุชชั่นก็ไม่ต้องเสียตังให้ลอร่าอีกเลย,negative,wisesight_sentiment,neg,47,master,False,
873,ปวดฉี่รอห้องน้ำ ญ ไม่ไหว เข้าห้องน้ำชายไปเลยจ้าาาาาาาาาาา #chang,negative,wisesight_sentiment,neg,64,master,False,
874,Webขายเยอะแยะทำไม่ไม่จับบุหรี่ไฟฟ้าตเองขยายผลว่าชื้อมาจากไหนใครเป็นคนขายต้องแก้ปัญหาที่ต้นเหตุนะครับ,negative,wisesight_sentiment,neg,100,master,False,
875,โหหหห หนุ่มเขินน่ารักมาก ;———-;,positive,wisesight_sentiment,pos,31,master,False,
876,สั่งเซต 399 Delivery เมื่อวันจันทร์ที่แล้ว ขาดลูกชิ้นลักบี้ค่ะได้ของไม่ครบ เสียความรู้สึก ควรเช็ครายการอาหารให้ครบก่อนส่งถึงมือลูกค้านะค่ะ ครั้งก่อนสั่งสุกี้ ก็ลืมน้ำจิ้มสุกี้ เป็นบ่อยๆก็ไม่ไหวนะคะ ครั้งแรกยังพอให้อภัยได้ พึ่งจะมาเห็นรูปอาหารว่าในเซตได้อะไรบ้างถึงรู้ว่าได้อาหารไม่ครบ เซ็ง และก็ต้องการคำตอบด้วยค่ะ😠😠😠,negative,wisesight_sentiment,neg,317,master,False,
877,ช้างหรือไม่ก็แสงโสม,positive,wisesight_sentiment,pos,19,master,False,
878,เมื่อกี้ไปซื้อเบียร์ร้านขายส่งแถวตลาด เบียร์ขึ้นราคาแล้วอะ ปกติซื้อช้างใหญ่ขวดละ49 ตอนนี้ 52 แล้วอะ แง่งงงงง,negative,wisesight_sentiment,neg,108,master,False,
879,ไปปปปป อยากมากกกกก,positive,wisesight_sentiment,pos,18,master,False,
880,ทำไมเราเช้าสบายตายตอนเที่ยง,negative,wisesight_sentiment,neg,27,master,False,
881,ผักล้วนๆ 😁😁,positive,wisesight_sentiment,pos,11,master,False,
882,เวลาใช้นี่เย็นหอมไม่มีกลิ่น เราใช้สองสามครั้งรู้สึกดีมากๆ แต่เวลามีไรกะแฟนมันไม่พีคเพราะความเย็นของผ้าอนามัย อยากมีความสุขกับแฟนมากกว่าเลยเลิกใช้ (มีใครเป็นแบบเราไหม),negative,wisesight_sentiment,neg,166,master,False,
883,จริงๆแจกผ้าอนามัยก็ดีนะ แต่อย่าเอาแบบเย็นมาแจก เย็นมากเว่อร์ 55555 กลิ่นค่ดชวนปวดหัว,negative,wisesight_sentiment,neg,84,master,False,
884,แหมมม ทันสมันอินเทรนด์มากก MK,positive,wisesight_sentiment,pos,29,master,False,
885,วันนี้ไปกินเอมเคละแบบพนงที่เปนเด่กมัดยมแบบบริการไม่ดีมากๆๆๆๆๆๆแต่กุก้ทำรัยมั่ยดั้ย,negative,wisesight_sentiment,neg,82,master,False,
886,อยากกินอ่า😳😋❄️☃️,positive,wisesight_sentiment,pos,16,master,False,
887,ทุนแรงงี้ ได้อยู่ๆ แต่น่าหมั่นไส้มาก เจอทุกวันตอนนั้นเบียร์สิงห์คือแพงสุดซะด้วย 5555,negative,wisesight_sentiment,neg,84,master,False,
888,แม่นายใช้ มิสทีน ซุปเปอร์แบล็ค ฟิค ไลเนอร์ แท่งแดง เจ้าค่ะ ชั่งถูกใจข้ายิ่งนัก เพราะแม่นายคอมเฟิร์มว่าเส้นคมดำสนิท ติดทนนาน อยากลองใช้แจกให้ข้าได้มาใช้สักแท่งเถอะหนา ข้าจะกรีดไปแข่งกับแม่นาย นะเจ้าค่ะ โชกุน ครับ,positive,wisesight_sentiment,pos,211,master,False,
889,กินไปเรื่อยๆจะอ้วก,negative,wisesight_sentiment,neg,18,master,False,
890,ไม่อยากก้ไม่ต้องกินเพราะตังของคุนแต่จะมาพูดให้คนที่เขายังกินอยุ่รุ้สึกแย่กันเพื่อ??ต่างคนต่างมีดุลพินิจไม่เหมือนกันปะ,negative,wisesight_sentiment,neg,117,master,False,
891,ราคาต้องอย่างนี้ถึงจะเป็นรถพี่โตของจริงแพงคงเส้นคงวาถ้าขึ้นชื่อว่าโตโยต้า,negative,wisesight_sentiment,neg,73,master,False,
892,ลิป wet n wild สี 913 ไม่ติดทน เอาว่าทาแตะๆแล้วธรรมชาติดี,negative,wisesight_sentiment,neg,57,master,False,
893,อยากกินนะแต่แพงอยู่นะ555,positive,wisesight_sentiment,pos,24,master,False,
894,ไม่คิดจะเลี้ยงเมียมั่งรึไง 🙄,positive,wisesight_sentiment,pos,28,master,False,
895,ลดความอ้วนไว้ก่อน ราคาHot pot กำลังลด,positive,wisesight_sentiment,pos,37,master,False,
896,ออกตัวกดคันเร่งปรกติ น่าจะเหมือนคัมรี่ผมแหละได้ยินแต่เสียงมอเตอร์เบาๆ แต่พอขับเกิน 60 เครื่องก็ทำงานขึ้นมาเอง ใช้ควบคู่กับไฮบลิด จะได้ยินก็ตอนเร่งแซงอะครับ เครื่องมาเต็ม,negative,wisesight_sentiment,neg,169,master,False,
897,ฮอนด้า ซีวิค สวยมากเลยคับ อยากได้สักคัน สวยหรู ออกแนวสปอร์ตเท่มาก,positive,wisesight_sentiment,pos,65,master,False,
898,สงกรานต์ปีนี้ ทำให้รู้ว่า -สปายขวดเดียว กุก็มึนละ -ดีนะกุตัดสินใจ​ที่จะไม่ใส่เสื้อกล้าม ทับด้วยคลุมไป -ปีนี้เหี้ยสุดละ ด้วยความที่ถูกโอบละให้ดื่มเหล้าของมึงเนี่ย กุคายทิ้งด้วยอิดอก -อิดอกถ้ามึงเปนผู้ ญ กุจะรุสึกแย่น้อยกว่านี้,negative,wisesight_sentiment,neg,225,master,False,
899,ช่วงแนะนำซีรีส์ญี่ปุ่น RE:MIND กลุ่มเด็กผู้หญิง (วง Keyakizaka46) ถูกจับล็อกขาติดกับโต๊ะอาหาร เหลือเก้าอี้ว่างตัวเดียวที่ต้องนึกให้ออกว่าเป็นของใคร ตอนที่มีใครเริ่มนึกอะไรบางอย่างออก จะมีคนหายไป ทั้งเรื่องมีแต่ฉากนั่งโต๊ะคุย ลึกลับดี แต่ตอนจบอาจไม่ว้าวเท่าไหร่ มีใน Netflix เด้อ,positive,wisesight_sentiment,pos,278,master,False,
900,หยุดใกล้ๆก็ 13,positive,wisesight_sentiment,pos,14,master,False,
901,ส่วนตัวใช้Chevrolet Captiva เบนซินปี 12 เกียร์มาพังหลังจากหมดประกัน 3ปีแสนโล เลยลองลากเข้าศูนย์​ดู ปรากฏ​ทางศูนย์บอกว่า เขายืดการรับประกันเฉพาะเกียร์ออกไปเป็น 5ปี 1.4แสนโล สบายเลยครับ เคลมลูกใหม่ให้ ไม่งั้น หมดเป็นแสนแน่นอน ที่สำคัญรอเกียร์ไม่นานด้วย ไม่ถึง1อาทิตย์​ครับ ถือว่ายังพอมีความรับผิดชอบอยู่บ้างครับ,positive,wisesight_sentiment,pos,309,master,False,
902,เราไม่ได้เป็นสมาชิกนี่นา,negative,wisesight_sentiment,neg,24,master,False,
903,บุหรี่ไฟฟ้านะ ไม่ใช่ยาบ้า มึงก้บ้า เกินไป,negative,wisesight_sentiment,neg,41,master,False,
904,อิ่มกว่าแดกหมูอีก 55555,positive,wisesight_sentiment,pos,23,master,False,
905,อีก หกสิบวัน เดี๋ยวมาเปลี่ยน คิอชื่อไม่ออก จัดเลยไหม,positive,wisesight_sentiment,pos,52,master,False,
906,6.ไม่สามารถกินของขมได้ คือกินโซดาสิงห์แม่งก็รู้สึกขมแล้ว...,negative,wisesight_sentiment,neg,59,master,False,
907,ทำไมชอบชวนกินๆๆตลอด,positive,wisesight_sentiment,pos,19,master,False,
908,ชอบมากเลย..เบียร์สิงห์,positive,wisesight_sentiment,pos,22,master,False,
909,พน.เลี้ยงบาบีก้อน 555,positive,wisesight_sentiment,pos,21,master,False,
910,แต่ไม่กล้าลอง แต่ก่น่าลอง สักแบนก่อน,positive,wisesight_sentiment,pos,36,master,False,
911,ขอกราบตรงหัวใจผู้บริหารโตโยต้าทุกๆท่านด้วยความเต็มใจที่เห็นคุณค่าของคนไทยที่ทำชื่อเสียงให้กับประเทศชาติ,positive,wisesight_sentiment,pos,103,master,False,
912,ก้อนและน้องๆพนักงานยินดีให้บริการคร้าบ <3,positive,wisesight_sentiment,pos,41,master,False,
913,ไม่ต้องซื้อมันละ Honda Civic พร้อมปรับแต่งเครื่องเสียง (555) นั่ง Taxi นี่ละ มีคนขับให้พร้อม,negative,wisesight_sentiment,neg,92,master,False,
914,Nissan Terra รุ่นใหม่ล่าสุดดีไซน์เก๋มาก รูปทรงทันสมัย น่าสนมากค่ะ,positive,wisesight_sentiment,pos,65,master,False,
915,พนักงานทุกคนต้อนรับและดูแลดี,positive,wisesight_sentiment,pos,28,master,False,
916,จริงๆชอบบรรยากาศบนรถสาธารณะ ทั้งรถเมล์ รถไฟฟ้า ตั่งต่าง มันมีความอบอุ่นแปลกๆดี เออตอนมัธยมก็มีรถเมล์สายหนึ่งที่ขึ้นประจำ แล้วรอนานมาก คือกระเป๋ารถเมล์จำฉันได้ คือตอนม.6 ป้ากระเป๋ารถเมล์บอกดีใจด้วยนะลูกที่เรียนจบแล้ว เออประทับใจอ่ะ,positive,wisesight_sentiment,pos,230,master,False,
917,นึกว่าย้าย เสียดายเลยจะกินที่ไหนล่ะทีนี้,negative,wisesight_sentiment,neg,40,master,False,
918,เบียร์ช้างอร่อยน้า,positive,wisesight_sentiment,pos,18,master,False,
919,ผมเงินเดือน5หมื่นยังไม่กล้าซื้อเลย...เสียดายเงินที่ผ่อน...ใช้แอคคอดล้านกว่าบาท สำหรับผมก็พอละ..,negative,wisesight_sentiment,neg,95,master,False,
920,กดหัวใจหน่อยครับพี่น้อง,positive,wisesight_sentiment,pos,23,master,False,
921,วันสุขไปกินบาบีก้อนน,positive,wisesight_sentiment,pos,20,master,False,
922,โคตรแม่งหยิบผ้าอนามัยผิดเสือกหยิบคูลลิ่งเฟรชมาไอ่ควายยยเย็นเจี๊ยบ,negative,wisesight_sentiment,neg,65,master,False,
923,อันนี้ใช่บุฟเฟ่มั้ยอ่ะ,positive,wisesight_sentiment,pos,22,master,False,
924,คือจะเดินไปหยิบที่แต้มสิวของสมูทอีมาลองใช้ เเล้วพี่พนักงานเดินมาบอกว่าอันนี้ใช้ดีกว่า อีเวงแพงกว่าด้วย555555555…,negative,wisesight_sentiment,neg,112,master,False,
925,สงสัยชอบกินลีโอมากกว่าสิงห์ 😢,negative,wisesight_sentiment,neg,29,master,False,
926,ความญี่ปุ๊นญี่ปุ่นคือเขาออก Product ออกมาตอบสนองทุกความต้องการได้ อย่างตอนนี้ญี่ปุ่นเป็นสังคมผู้สูงอายุ บริษัทเครื่องเขียนชื่อ Kokuyo เลยทำชุดพินัยกรรมสำเร็จรูปพร้อมคู่มือแบบเข้าใจง่าย และยังมีสมุดบันทึกข้อมูลสำคัญ บัญชีธนาคาร รหัสผ่านต่างๆ เผื่อตายไปคนอื่นจะได้ช่วยจัดการต่อได้,positive,wisesight_sentiment,pos,278,master,False,
927,ขอดูรายละเอียดนิสสันอะเมร่าหน่อยคับ ผ่อนเดือนละกี่บาท,positive,wisesight_sentiment,pos,53,master,False,
928,ไม่เถียงครับที่อีโคตรอืด..ออกตัวต่างกันราวกันโตโยต้า.ฟ้ากับดิน..โตออกตัวง่าย.แรง.พุ่ง.เบาหวิว..วิ่ง90-100..เหมือนรถมันลอยๆไม่เกาะถนนเลย..ส่วนอี.รถออกตัวอืด.แต่ได้รอบมาแค่นั้นล่ะ.หนัก.แน่น.หนึบ.นิ่ง..โต้กินฟอร์ดได้ทุกค่อยแกได้ตลาดกว่าเค้านะ.แต่เป็นรองอีสุแค่ค่ายเดว.ตังใคร.รักไรชื้อเอาครับ.ส่วนผม1..อี.2.ฟอร์ด.3.นาวารา.จบป่าว,positive,wisesight_sentiment,pos,324,master,False,
929,อยากกินนนน สอบเสร็จจัดไปคะ5555,positive,wisesight_sentiment,pos,30,master,False,
930,Graduate - School of Performing Arts Seoul (SOPA) จบการศึกษาอีกคนแล้วฮยอนจินนี่ของพี่ เมมเบอร์ไม่ได้มาด้วยแต่น้องอินมาเป็นเพื่อน คนเก่งของพี่ทำได้อีกขั้นนึงแล้วนะ ยินดีด้วยลูก 💐 150219,positive,wisesight_sentiment,pos,184,master,False,
931,ป่ะ บาบีกอน บุฟเฟ่คิดถึงเซลมอล กับน้ำจิ้ม,positive,wisesight_sentiment,pos,41,master,False,
932,กวนตีนป่าวล่ะ ปีใหม่เก็บเต็มราคา พ่องงงงงง,negative,wisesight_sentiment,neg,42,master,False,
933,มันหายกันได้ด้วย พนง เทพ มาก,negative,wisesight_sentiment,neg,28,master,False,
934,ขอเหล้าขวดนึงไม่เอา 285,negative,wisesight_sentiment,neg,23,master,False,
935,มันไม่ใช่ไข่พยาธิ #แต่มันคือตัวอ่อนพยาธิเลย!!!!!!!! https://m.facebook.com/story.php?story_fbid=10154963647346455&id=51620386454,negative,wisesight_sentiment,neg,128,master,False,
936,ตกลงพาเลต glossy play ของ holika holika นี่ดีมั้ย แต่ถ้าไม่ดีก็ไม่ทันแล้ว ฝากป้าซื้อมาแล้ว ฮือ,negative,wisesight_sentiment,neg,94,master,False,
937,เห้ออออ ค่าเช่าชุดน่าจะแพงกว่าค่าอาหาร,negative,wisesight_sentiment,neg,38,master,False,
938,รายละเอียดมิว7ปีไหน เกียร์อะไร ผ่อนดาวน์เท่าไร ถ้ามีรายอะเอียดดูแล้วสนใจผมจะติดต่อกลับขอบคุณ,positive,wisesight_sentiment,pos,92,master,False,
939,เดินทาง🚝🚌🚖 #bchilldayandnight -จากBTSช่องนนทรี -ลงมาต่อด้วยBRTลง​ B7วัดปริวาส (ออกทางวัดเลยนะคะ) ต่อด้วยแท็กซี่หรือวินก็ได้นะคะ. ไปหลายคนแนะนำแท็กซี่จะดีกว่า -บอกไปบ้านอิฐมอญ เข้าซอย จะมีลานจอดรถ. ร้านจะอยู่ชั้น2. ไปนะคะไปกันร้านบรรยากาศดีเฟ่อ. อาหารก็อร่อย👍🏼😉🎶,positive,wisesight_sentiment,pos,261,master,False,
940,ทำไมถึงแพ้สกินฟู้ดวะ เคยใช้ไลน์อื่นมาก็ไม่แพ้ หรือว่าแพ้ทุกอย่างที่เป็นอีมัลชั่น เสียดายย,negative,wisesight_sentiment,neg,89,master,False,
941,ขอวแถมอีกอย่างนึงคือตรงที่ช่วยยืดอายุแบตเตอรี่นี่แหล่ะ ผมติดมาจะ3ปีและ แบตยังใช้ดีอยู่ เพื่อนๆในกลุ่มมาสด้า3เห็นบ่นเรื่องแบตเสียแบตพังไวเกินแค่ปีกว่าๆเองพังซะและ ผมเลยแนะนำให้เพื่อนๆในกลุ่มที่มีปัญหาเรืรองแบตไปติดกล่องแดงซะมันช่วยยืดอายุแบตได้จริงๆ ของดีจริงจึงบอกต่อ,negative,wisesight_sentiment,neg,267,master,False,
942,ชอบใช้ oil เหมือนกัน เพราะกลัวหน้าเหี่ยว (คิดไปเอง) ลองใช้แบบจริงจังมาสามแบบ 1. softymo ขวดเหลือง ตอนแรกดีมาก ใช้ไปก้นๆขวด สิวอุดตันมา ไม่แน่ใจว่าเพราะเขาหรือไม้ แต่เลิกเลย 2. Positif ซื้อตอนลด 50% ขวดเล็ก ใช้ดี หน้าอุ่นๆ สะอาดเกลี้ยง สิวไม่อุดตัน จะซื้อต่อแต่ราคาเต็ม เลยไม่ซื้อ 3. Hadalabo ขวดเหลือง ตอนใช้ก็ลุ้นกลัวเหมือนซอฟติโมะ แต่ก็ผ่านฉลุย ตอนนี้ยังไม่หมด ถ้าหมดก็จะซื้อต่อ ราคาดี ได้เยอะด้วย อยากใช้ของ three แต่ราคาแรง สู้ไม่ไหว เพราะแต่งหน้าทุกวัน เหอๆ,positive,wisesight_sentiment,pos,462,master,False,
943,ห้องและบริเวณโรงแรมสะอาดเรียบร้อย เงียบสงบ มีที่จอดรถเยอะ มีกาต้มน้ำร้อนในห้อง ห้องน้ำสะอาดแบ่งห้องเปียกและแห้ง,positive,wisesight_sentiment,pos,111,master,False,
944,"Nissan นาวารา คิงแค็บ ดาวน์แค่ 9,999 บาท แล้วผ่อนเพียง 4,500 บาท จริงเหรอ ต้องไปจองแล้ว ฟรีประกันภัยชั้น 1 ด้วย",positive,wisesight_sentiment,pos,111,master,False,
945,อ้าว ไปกันๆ,positive,wisesight_sentiment,pos,11,master,False,
946,ขอบคุณมาก ๆ เลยนะคะ ^^,positive,wisesight_sentiment,pos,22,master,False,
947,เพื่อนรอบวกละ สอบเสด14,positive,wisesight_sentiment,pos,22,master,False,
948,Friendships everywhere! มิตรภาพ หน้าปากกระบอกปืน เป้ายิง..ทหารไทยและทหารสหรัฐอเมริกา ฝึกทักษะพลแม่นปืน (Basic rifle skills and markmanship) เพื่อแลกเปลี่ยนเทคนิคในการใช้อาวุธแต่ละชนิด เพื่อความแม่นยำต่อเป้าหมายในสภาวะที่มีลมและแสงแดดเป็นอุปสรรค,positive,wisesight_sentiment,pos,244,master,False,
949,ใช่ๆคันผ้าอนามัยพึ่งเปนครั้งแรกเลยคันมากเมื่อก่อนไม่เคยคันนะ,negative,wisesight_sentiment,neg,60,master,False,
950,ขอบคุณนะเสี่ย🙏,positive,wisesight_sentiment,pos,14,master,False,
951,ถ้วยอนามัย ทางเลือกใหม่ของสาวๆ ที่ใช้แทนผ้าอนามัยได้ อ่อนโยนต่อจุดซ่อนเร้น มาน้อยมามากก็เอาอยู่!!,positive,wisesight_sentiment,pos,97,master,False,
952,แต่ทั้งหมดทั้งมวล ทั้งสองแบรนด์แห้งเร็วมากกก แต่กลิ่นก็แรงมากกก โดยเฉพาะ skinfood ฉุนกลิ่นยาทาเล็บสุดๆ etude ก็แรงพ…,negative,wisesight_sentiment,neg,116,master,False,
953,หิวหราาาาาา,positive,wisesight_sentiment,pos,11,master,False,
954,พึ่งซื้อมาถ้าแล้วหน้าเทามากคะเสียดาย เปนที่เฉดผิวไม่ตรงรึป่าวคะ ต้องเป็นเบอร์อะไร ไม่เทา ปกติทาแต่รองพื้นแป้งเด็กหน้าไม่เทา พอมาเปลี่ยนดูเนียนคะแต่หน้าคล้ำไปเรย,negative,wisesight_sentiment,neg,160,master,False,
955,ไปกินสาขาที่ไม่ร่วมรายการราคานี้พอดี โฮมโปรบางนา เพิ่งมาเห็นราคาโปรนี้ ทำไมคะ จะเว้นสาขาไว้ทำไม,negative,wisesight_sentiment,neg,95,master,False,
956,อาชญากรรมทางการแพทย์.. หลอกลวงคนไข้ผ่าตัด ตัดหมอนรองข้อเข่าอำพราง รพ.กรุงเทพภูเก็ตปลอมเวชระเบียน ตอนที่๓,negative,wisesight_sentiment,neg,104,master,False,
957,Ford Focus RS บ้านเราน่าจะมีนับคันได้เลย เป็นรถที่น่าใช้แต่ราคาโหดเกิน,negative,wisesight_sentiment,neg,70,master,False,
958,[ซับไทย] อาลัมบรามายาพิศวง ตอนที่ 11 Netflix มาแล้วค่า ใครรอลุ้นความรักของฮีจูกับประธานยู มาลุ้นกันต่อได้เลยค่า,positive,wisesight_sentiment,pos,111,master,False,
959,ร้อนต้องกราบขออภัยทีทำให้ไม่ได้รับความพึงพอใจในคุณภาพการบริการ และอาหารด้วยนะครับ...ทั้งนี้ ก้อนยินดีขอน้อมรับทุกๆคำแนะนำ/ติชม เพือนำข้อมูลที่ได้รับไปปรับปรุง แก้ไข และพัฒนา ให้ดียิงขึ้นต่อไปนะครับผม :'(,negative,wisesight_sentiment,neg,203,master,False,
960,หาแต่แนวกิน,positive,wisesight_sentiment,pos,11,master,False,
961,ไปลองกันนนน!!!!!,positive,wisesight_sentiment,pos,16,master,False,
962,มีแบบนี้ด้วยหรอ เราไม่เคยรู้เลย พนักงานไม่เคยบอกเลย,negative,wisesight_sentiment,neg,51,master,False,
963,civic ผมมาแค่ 60 ขับผ่านครั้งแรก ไม่รู้ มองไม่เห็น เจอลอนถนนตอหม้อ ตอนทางเบี่ยงพอดี ท้ายยังมีอาการสะบัดนิดๆเลย ไม่ต้องพูดถึง ในข่าวเวลาตี 2 น่าจะมี 100+ ทำถนนพังเสียหายแบบนี้จริงๆควร ทาเส้นขวางถนนให้เป็นเขตชะรอความเร็ว บางคนไม่รู้ ก็ซัดมาเต็มที่เห็นถนนโล่ง,negative,wisesight_sentiment,neg,256,master,False,
964,คนพาล ใช้กฎหมายเป็นข้ออ้าง ? ยุคนี้ในปทท.มิใช่เรื่องนี้เป็นเรื่องแรกและจะเยอะขึ้นเรื่อยฯ ยุคโจรครองเมืองรู้ป่ะ ?,negative,wisesight_sentiment,neg,112,master,False,
965,MK delivery จากบิ๊กซีติวานนท์นะคะ ส่งช้ามากและทำอาหารผิดแบบน่าเกลียดมากเลย 😰 สั่งอาหารตอน 18:08 น. ได้รับตอน 19:30 น. โดยสั่งเมนูอูด้งหมูห่อชีส ตกใจตั้งแต่คนส่งบอกว่ามีเขาส่งอยู่คนเดียวทั้งร้าน! ให้เช็คอาหารก็บอกว่ามั่นใจว่าถูกต้อง พอเปิดกล่องมาตกใจเลยค่ะ ไม่มีหมูชีส ไม่มีกุ้ง ที่สำคัญไม่มีเส้นอูด้ง! มีแต่เศษอะไรก็ไม่รู้ ทานไม่ได้เลย! คือแบบนี้รับผิดชอบยังไง เสียเวลาและก็เสียความรู้สึกมากเลย เป็นลูกค้าเอ็มเคมานาน ปรับปรุงด่วนค่ะ!!!!,negative,wisesight_sentiment,neg,436,master,False,
966,nissan concept car สวยนะ แต่ผลิตจริงไม่ได้เรื่อง,negative,wisesight_sentiment,neg,48,master,False,
967,ไปวันไหนดี 555,positive,wisesight_sentiment,pos,14,master,False,
968,ไปกินแต่น้ำนะ,positive,wisesight_sentiment,pos,13,master,False,
969,ไปกินกันๆๆๆๆๆๆๆๆ,positive,wisesight_sentiment,pos,16,master,False,
970,ลดมาเดือนนึง ตอนขึ้นอาทิตย์เดียว เพลียค่ะ,negative,wisesight_sentiment,neg,41,master,False,
971,ปกติกินแต่ smirnoff breezer อ่ะ spy นี่ไม่ค่อยกินละหลังๆ full moon ยิ่งไม่ค่อยกิน,negative,wisesight_sentiment,neg,81,master,False,
972,ขอลายล้ะเอียด มาสด้า2,positive,wisesight_sentiment,pos,21,master,False,
973,ซักวันเน้อะ,positive,wisesight_sentiment,pos,11,master,False,
974,"HELLO MG! แรงไม่หยุด NEW MG ZS ดันยอดจองรถยนต์ เอ็มจี พุ่งทะลุ 1,994 คัน โตขึ้นจากปีที่แล้ว 77%",positive,wisesight_sentiment,pos,95,master,False,
975,ผมว่าฮอนด้ากั๊กกว่าน่ะครับ,negative,wisesight_sentiment,neg,26,master,False,
976,อันนี้แปลกดี อาจารย์ ม.รังสิต ไปทวงถามจุดยืนทางกฎหมายเรื่องกัญชากับพรรคการเมือง วันนี้ก็ไปพรรคพลังประชารัฐ จนท.ประชาสัมพันธ์ โผล่แต่มือมารับหนังสือ ... สงสารรรร หวังว่าพรรคอื่่นๆจะไม่ทำแบบนี้นะ รับก็รับไป ถถถถ,negative,wisesight_sentiment,neg,209,master,False,
977,อินเตอเนตห่วย แจ้งซ่อมมาสามวัน ไม่มาคิวเต็ม คือต้องมารออะไรปัญญาอ่อน พูดได้แค่ไม่มีคิว ก้อจ้างช่างเพิ่มดิถ้ารุ้ว่าเนตตัวเองห่วย ขนาดนี้ ทนมาหลายวันละนะ,negative,wisesight_sentiment,neg,151,master,False,
978,สลัดไข่ ใส่หอย คับพี่ถ้าทันไปแน่นอนคับ,positive,wisesight_sentiment,pos,38,master,False,
979,เหลืบสายตาแล้ว,positive,wisesight_sentiment,pos,14,master,False,
980,แอดมินเดอะเฟสช็อปแม่ง 55555,negative,wisesight_sentiment,neg,27,master,False,
981,บาร์บีก้อนก็มีบุฟเฟต์แล้วนะ,positive,wisesight_sentiment,pos,27,master,False,
982,ออกรถมาเสร็จ พอมีปัญหา ศูนย์บริการของฟอร์ดห่วยแตกอีก จะซ่อมได้รึป่าว ?,negative,wisesight_sentiment,neg,70,master,False,
983,โหวว..เซ็ตนี้ภาพสวยคมชัด..โมเม้นท์ดีงามมากเรยค่ะ..ขุ่นพิลิงขราา^^ ขอบคุณสำหรับภาพนะค้าา^^,positive,wisesight_sentiment,pos,89,master,False,
984,ใส่ผ้าอนามัยแบบเย็น แล้วรู้สึกจิ๋มชา 55555555555555555555555,negative,wisesight_sentiment,neg,60,master,False,
985,นิสสันนาวารา มาพร้อมกับนวัตกรรมใหม่ กล้องมองรอบทุกทิศทาง เพิ่มความปลอดภัยในการขับขี่ น่าสนใจมากๆค่ะ,positive,wisesight_sentiment,pos,99,master,False,
986,เค้าเเพ้สเมอร์นอฟ​อ่ะตัว,negative,wisesight_sentiment,neg,24,master,False,
987,เบลนแม่งเหี้ยยยย รสชาติหมาไม่แดก,negative,wisesight_sentiment,neg,32,master,False,
988,ไม่ได้เทียบขนาดรถครับ เทียบความประหยัดน้ำมัน CRVดีเซล ประหยัดกว่า HRV อีกครับ ขับทางไกลว่ากันที่ 18-19 โลลิตร เลยอยากรู้ว่าไฮบริดตัวนี้วิ่งทางไกลจะได้ประมาณเท่าไหร่,negative,wisesight_sentiment,neg,164,master,False,
989,มาเปิดสาขาที่กระบี่สักทีเหอะก๊อน อยากกินมากๆ เบื่อจะต้องไปหากินที่จังหวัดอื่น,negative,wisesight_sentiment,neg,77,master,False,
990,ก็ยึดแนวพอเพียงไง จะมีกด ้กินแบลคกินเรด สู่ไม่ไหวหรอกโยมมันแพง,negative,wisesight_sentiment,neg,62,master,False,
991,ประตูหลังซ้ายขวา All New Suzuki Swift🚘โคตรเปรี้ยวตรงมือจับอยู่ด้านบนน่าจะเป็นจุดเด่นของรุ่นนี้ หน้าปัทกลมๆวินเทจสไตล์ Mini ช่องเก็บสัมภาระหน้าซ้ายเล็กมาก คงเพื่อเพิ่มพื้นที่วางขา😀😄,negative,wisesight_sentiment,neg,180,master,False,
992,ปกตินี่จะไม่ใช้น้ำหอมที่กลิ่นฉุนจนเวียนหัวอ่ะ ใช้ได้แต่พวกกลิ่นแป้งเด็ก ชอบสุดคือของ bvlgari (แต่ไม่ค่อยทนเพราะอากา…,negative,wisesight_sentiment,neg,116,master,False,
993,น่าเบื่อประเทศไทยเปนประเทศไม่เจริญ,negative,wisesight_sentiment,neg,34,master,False,
994,อร่อยค่ะ ชอบๆๆๆ,positive,wisesight_sentiment,pos,15,master,False,
995,ก็ยังรู้สึกแย่นะ ที่ได้รับคำตอบแบบนี้ เพราะทางสาขาเหมือนไม่แจ้งอะไรเลย,negative,wisesight_sentiment,neg,70,master,False,
996,ผ้าอนามัยที่ใช้อยู่ประจำ ทำไมอยู่ๆก็หายากขึ้นมา??,negative,wisesight_sentiment,neg,49,master,False,
997,สนไหมๆ 5555,positive,wisesight_sentiment,pos,11,master,False,
998,"สั่งเเล้วค่า 05,10 สีสวย",positive,wisesight_sentiment,pos,24,master,False,
999,เอ๋า เพิ่งเคยดูเนื้อคาราโอเกะ เพิ่งรู้ว่าร้องแบบนี้ ก่อนหน้านี้ร้องว่า ด๋าวด่าว ด๋าวได๋ ดะดิดง 5555555,positive,wisesight_sentiment,pos,102,master,False,
1000,"ขนาดนั้นเลยเหลอเมืองไทย ดีจ้าเลิกทั้งเมืองไทยก็จะดีนะ เลิกเบียร์ช้าง, สิงห์ กะทิงแรด..ประชาชนจะใด้ตายน้อยหน่อย",negative,wisesight_sentiment,neg,110,master,False,
1001,ผมไม่ค่อยเข้าใจตรรกะ ทำห่วงปปช. ปอดก้ของเรา อันตรายมากน้อยแค่ไหน ปปช.มีสิทธ์เลือกใช้,negative,wisesight_sentiment,neg,84,master,False,
1002,จะกินได้เน มะพร้าวด้วย,positive,wisesight_sentiment,pos,22,master,False,
1003,ไปค่ะ พี่ !,positive,wisesight_sentiment,pos,11,master,False,
1004,ชอบ civic ขับสบาย เดินทางไกล ปลอดภ้ย เมื่อเกิดอุบัติเหตุ honda ก็ดูแล ทั้งเราทั้งรถ,positive,wisesight_sentiment,pos,83,master,False,
1005,ได้รับของแล้วคะ,positive,wisesight_sentiment,pos,15,master,False,
1006,นี่คือตัวอย่างของมนุษย์มีสมอง vs ไดโนเสาร์ #เลือกตั้ง62 #ฟ้ารักพ่อ,positive,wisesight_sentiment,pos,66,master,False,
1007,มันอร่อยมาก ลืมอ้วนกันเลยทีเดียว,positive,wisesight_sentiment,pos,32,master,False,
1008,กลับมาเลี้ยงๆ,positive,wisesight_sentiment,pos,13,master,False,
1009,อีกสิบปีเบียร์ลีโอกู คงขวดล่ะร้อยล่ะมั้ง สึดดด.!!,negative,wisesight_sentiment,neg,49,master,False,
1010,สปายกินไม่ได้เรยแพ้แรง,negative,wisesight_sentiment,neg,22,master,False,
1011,รางวัลอะไร อินเตอร์ตายล่ะ #True เป็นบริษัทระดับชาติที่มี backend ห่วย ทำงานได้น่าเกลียดมาก และเดาได้ว่านั่นเป็นเพราะ KPI กดหัว call centre ให้โรยผักชีเปิด ticket กลบขี้งานปัญหาที่ตัวเองไม่ล้าง แถมทุกครั้งที่คุยกัน แกก็ไม่รู้มั่นหน้ามาจากไหน เถียงลูกค้าฉอดๆ ก่อนจะฟังว่าลูกค้ากำลังจะพูดเรื่องอะไร ร้อยละ 80 เกิดเพราะแกตกข่าวเอง และไม่ยอมรับแต่ต้นว่าตัวเองไม่รู้อะไร ยอมรับก่อนสิแล้วฟัง จะได้เข้าใจกันก่อนคุยต่อ ไม่ใช่ว่าเราไม่พยายามเข้าใจ เพราะเราทำงานพบลูกค้าโดยตรงเหมือนกัน เราขอโทษลูกค้าก่อนตั้งเท่าไรทั้งที่เราไม่ได้ทำผิด แต่บริษัทเราผิด เราฟังลูกค้าเป็นชั่วโมงทั้งที่ปัญหาเล็กนิดเดียวและไม่เกี่ยวกับเราโดยตรง คุณคือหน้าของบริษัทนะ ไม่ใช่ก้นของบริษัท เขาไม่ได้จ้างคุณมานั่งกับตด แต่คุณเป็นบริษัทที่ไม่โปรมากๆ ตั้งแต่ตอบว่า “ถ้าการเงินของลูกค้าอยู่ต่างประเทศต้องการเอกสารภาษาอังกฤษหรอคะ” - แกคิดว่าคนทั้งโลกพูดภาษาไทย? “เรามีบุคลากรที่พูดและทำภาษาอังกฤษได้จำกัด โทรติดต่อต่างชาติแผนกเราทำให้ไม่ได้ค่ะ หุากเราต้องติดต่อต่างประเทศเราต้องมีค่าใช้จ่ายเพิ่ม” - แล้วแกจะมีแผนกธุรกิจรับติดต่อต่างชาติทำไมคะ แล้วแกเป็นบริษัทเครือข่ายสัญญาณนะ “ลูกค้าทำเองไม่ผ่านฝ่ายต่างประเทศไม่ได้หรอคะ” - งั้นแกมาซ่อมเสาไฟของแกให้หน่อย เบื่อแกประสานงานกับช่างให้ฉันละ แกทำได้ไหมล่ะ “คือเราได้เมลวันนึงมากมาย อ้อให้หาชื่อลูกค้าจากชื่อเมลหรอคะ แล้วลูกค้าจำได้ไหมคะว่าส่งมากี่โมง แล้วยอดเงินนี้คือของบิลไหน อ้อ มี attachment หรอ อ้อ ฟอร์มก็กรอกแล้วหรอคะ นี่ไม่รู้เลยนะคะ” - ดิฉันก็ว่างั้นแหละค่ะ,negative,wisesight_sentiment,neg,1371,master,False,
1012,ผ้าอนามัยเย็นจิ๋มมันไม่ควรมีกลิ่นที่ดูเหมือนเฟรชแล้วผสมกับกลิ่นคาวเลือดแบบเนร้ กี๊ด,negative,wisesight_sentiment,neg,83,master,False,
1013,มอดดดชีสสสส,positive,wisesight_sentiment,pos,11,master,False,
1014,ไม่ต้องแหลกละลำคาน,negative,wisesight_sentiment,neg,18,master,False,
1015,มาวัดก่อนคะ ตอนนี้,positive,wisesight_sentiment,pos,18,master,False,
1016,ต้องจัดแล้วววว5555,positive,wisesight_sentiment,pos,18,master,False,
1017,Chlling out! #ubeer,positive,wisesight_sentiment,pos,19,master,False,
1018,วันนี้ฉีดสารเพิ่มการเจริญเติบโต ทดแล้ง ยืดลำต้นให้อ้อยของ ผจก มนัส ในโรงงานเบียร์ช้างกำแพงเพชร Cr.เอสบีวัน แอนด์ ซีนส์โบ,negative,wisesight_sentiment,neg,120,master,False,
1019,แฮปปี้มากๆกับเพื่อนรวมงานทุกคนเลยค่ะ แต่คนเรามันก็จะมีเพื่อนสนิทจริงๆที่สามารถคุยเรื่องงานได้คุยเรื่อง รวมทั้งเรื่องเม้าด้วยเกี่ยวกับงาน ที่คุยแล้วจบไม่มีการไปประสานงานต่อ ให้มีเรื่อง จึงอยากจะพาแก่ไปกินบาบีก้อนฃะหน่อยค่ะเพื่อนรัก ไปกับเรานะ #AdeccoThailand#OnlineActivity#NewYearGift,positive,wisesight_sentiment,pos,284,master,False,
1020,อ่อย...น่ากินนนนน,positive,wisesight_sentiment,pos,17,master,False,
1021,และ 25 ประเทศที่ The Face Shop เปิด ไม่มี Austria!!! เซงเบย T T #GOT7 #GOT7Official,negative,wisesight_sentiment,neg,83,master,False,
1022,เบียร์สิงห์ป่ะ? ขวดแม่งเหมือน 😂 รูปเก่าแล้วแหละ 🌝 เดาจากเหนียงคุณแซงส์เด้ออออ 55555555,negative,wisesight_sentiment,neg,86,master,False,
1023,Smirnoff อ่ะ ไม่อร่อย คล้ายๆ vodka batteri แน่ vodka batteri อร่อยกว่า 😂😂,negative,wisesight_sentiment,neg,73,master,False,
1024,แสดงว่ามาสด้าเครื่องเขาดีจริงตอนยี้ก้อประหยัดสุดในรถไม่มีไฟฟ้าและแก้ส,positive,wisesight_sentiment,pos,69,master,False,
1025,ว้าว.เสี่ยจะกินเป็ด MK,positive,wisesight_sentiment,pos,22,master,False,
1026,จุดๆนี้พยาธิจากบาบิกอนยังไม่หลุดออกจากหัวเลยค่ะ ขนลุกตลอดเลย โอย ออกไป๊!!! คือในตัวเราจะมีพยาธิอยู่ป่ะ อยากซื้อยาถ่ายมากินซะเดี๋ยวนี้,negative,wisesight_sentiment,neg,133,master,False,
1027,เพื่อนชวนกินลีโอ ไม่ได้โออิชิผสมนี่ตายไปละ พูดจิง ไม่อร่อยเลยง่ะ รสไม่นุ่ม กลิ่นก็ไม่หอม,negative,wisesight_sentiment,neg,88,master,False,
1028,ฮอนด้าเป็นตั้งแต่แอคคอร์ดแล้วครับจานเบรคบาง ส่วนเกียร์ไปดูร้านเกียร์ก็มีพังจริง แต่ไม่ค่อยออกสื่อ,negative,wisesight_sentiment,neg,97,master,False,
1029,สู้ๆๆๆๆๆๆๆๆๆขอให้ผ่านด้วยเถิดดดดดดดด,positive,wisesight_sentiment,pos,36,master,False,
1030,ไปค่ะป๋าหมี มารับน้องด้วยนะคะ,positive,wisesight_sentiment,pos,29,master,False,
1031,คงยากหน่อยนะครับ ต้องทำใจครับ ผมซื้อรถ นิสสันเทียน่า ระบบเนวิเกเตอร์ มีปัญหา พอแจ้งไปที่สำนักงานใหญ่ เค้าบอกว่ารออัพเดท จนป่านนี้รถผมได้ 2 ปีกว่าๆแล้ว ยังไม่ได้อัพเดทเลยครับ แย่มากครับ ถ้ารู้อย่างนี้นะ ซื้อยี่ห้ออื่นดีกว่าครับ,negative,wisesight_sentiment,neg,226,master,False,
1032,ก็ต้องใช้ครีมกันแดด KA UV Babyface กันนะเพื่อนหน้าร้อนแล้วมาหน้าใสหน้าเด็กท้าแสงแดดกัน #KAx7Eleven #KAUVBabyFace,positive,wisesight_sentiment,pos,112,master,False,
1033,น่าสงสาร นาวาร่าจัง รถดี แต่การตลาดส้นตีน,negative,wisesight_sentiment,neg,41,master,False,
1034,555555555 เอ้าบอกตรงๆสิ,positive,wisesight_sentiment,pos,23,master,False,
1035,นั่นไงครับ!!!! แม่งหาคนหารบาคาดี้แล้วกูก็โดนด้วย หนูเห็นพี่เป็นคนมีเงินหรอเจี๊ยบ,negative,wisesight_sentiment,neg,80,master,False,
1036,แน่นอนว่าเรทสตาฟกับล่ามต่างกัน บริษัทสตาฟที่ว่ารู้แต่แรกว่าผู้ร่วมงานส่วนใหญ่เป็นชาวจีนอย่างน้อยสามหมื่นคน แต่ตอนประกาศงานไม่มีบอกว่าต้องพูดอิ้ง ไม่คิดเลยว่าถ้าคนพูดอิ้งไม่ได้จะทำไง เหมือนที่รับสมัครตามมหาลัยเป็นหลักเพราะมั่นใจว่านศต้องพูดอิ้งได้ #ไว้รีวิวห้ามขายของโว้ยยย,negative,wisesight_sentiment,neg,272,master,False,
1037,สามนัดต่อไปเป็นช่วงโปรแกรมนรกแตกสัสอ่ะ เสียวโดนเละเหลือเกิน เอาว่ะมาถึงขั้นนี้สู้กันสักตั้งให้รู้แล้วรู้รอดไป #เด็กสิงห์,negative,wisesight_sentiment,neg,120,master,False,
1038,แม่หญิงเบลล่าใช้ มิสทีนซุปเปอร์ แบลค ฟิคซ์ อายไลเนอร์ กรีดตาค่ะ ข้าก็อยากได้ อยากลองใช้ค่ะ จะได้กรีดตาแล้วตาคมสวยเหมือนแม่หญิง เขียนเส้นเล็กเส้นใหญ่ได้หมด คมกริบ ติดทน เขียนเสร็จไม่หลุดด้วย ไม่เลอะอีก ผิวตามันก็อยู่ติดท๊นทนนน เริสมากกกกก แล้วจะได้ไปชม้อยชม้ายชายตาให้คุณพี่ค่ะ และแม่หญิงคอนเฟิร์มว่าดีจริง ข้าก็เชื่อแม่หญิง :),positive,wisesight_sentiment,pos,326,master,False,
1039,สนใจ ฟอจูนเนอร์ สีขาวครับ,positive,wisesight_sentiment,pos,25,master,False,
1040,พาไปได้ แต่ต้องเลี้ยงพีา5555,positive,wisesight_sentiment,pos,28,master,False,
1041,ติดใจสุดๆ #TeamRoyal,positive,wisesight_sentiment,pos,20,master,False,
1042,ไฮไลท์กุหลาบของ smashbox สวยมากก หรูสุดๆ มีให้เลือก 2 สี -Rosemantic -Glided Rose พลาดไม่ได้เลย!!!,positive,wisesight_sentiment,pos,98,master,False,
1043,เบื่อพวกชอบสูบแล้วพ่นขี้ปากตัวเองออกมาให้คนอื่นดม แล้วก็มีหน้ามาบอกว่าหอม สะอิดสะเอียน,negative,wisesight_sentiment,neg,86,master,False,
1044,สเมอร์นอฟมิดไนท์เล่นกูแล้ว ไอ้ชิบหาย,negative,wisesight_sentiment,neg,36,master,False,
1045,อยากกินบาบีก้อน,positive,wisesight_sentiment,pos,15,master,False,
1046,บิโอเร แต่สิวขึ้นอะ,negative,wisesight_sentiment,neg,19,master,False,
1047,ตัวนิแซบกว่าเพื่อน,positive,wisesight_sentiment,pos,18,master,False,
1048,ชอบ mg3 ครับ,positive,wisesight_sentiment,pos,12,master,False,
1049,15. มูมิน 16. ไม่ 17. เคยดื่มสปาย แล้วเหมือนกำลังจะตาย คือเมา แต่นอนไม่หลับ แล้วก็ผื่นขึ้น,negative,wisesight_sentiment,neg,90,master,False,
1050,คุณอาร์โนด์ เบียเลคกิ ประธานบริหาร โซเด็กซ์โซ่ ประเทศไทย เป็นตัวแทนบริษัท มอบเช็คสินไหมกรณีเสียชีวิตของนายกฤษดา สำราญ (นักโภชนากรประจำที่สาขาโรงพยาบาลสมิติเวชศรีนครินทร์) จำนวนหนึ่งแสนบาท ให้แก่ครอบครัวตามที่ได้ระบุผู้รับผลประโยชน์ไว้ บริษัทขอแสดงความเสียใจมา ณ โอกาสนี้ด้วยค่ะ,negative,wisesight_sentiment,neg,277,master,False,
1051,ปะะ นับสี่เร้วว,positive,wisesight_sentiment,pos,15,master,False,
1052,อือหือ. น้ำไหล,positive,wisesight_sentiment,pos,14,master,False,
1053,น้ำตาไม่ช่วยอะไร บาบีก้อนสิจะเยียวยาเอง,positive,wisesight_sentiment,pos,39,master,False,
1054,วันเกิดพาไปหน่อย,positive,wisesight_sentiment,pos,16,master,False,
1055,เดี๋ยวนี้ไม่เห็นดอยสุเทพเลย มัวไปหมด,negative,wisesight_sentiment,neg,36,master,False,
1056,เบียร์ ลีโอ ช้าง สิงห์ เลิก ซัด ไทเกอร์,negative,wisesight_sentiment,neg,39,master,False,
1057,นั่นไง ราคา innisfree ในไทยกับเกา ต่างกันแค่ 40 บาทเองมั้ง == ดีนะไม่ซื้อมา,negative,wisesight_sentiment,neg,75,master,False,
1058,ขอบคุณของรางวัลมากนะคะ,positive,wisesight_sentiment,pos,22,master,False,
1059,Dmaxตัวซ่า ทั้งแรงหน้าชาและศรัทธาในเสียงดนตรี,negative,wisesight_sentiment,neg,45,master,False,
1060,ที่ทำงานมีกระบะ1.9กับรีโว่ตัวเตี้ย5เกียร์ เกือบทุกคนบอกว่าอยากขับรีโว่มากกว่า เหตุว่า1.9รอรอบช่วงออกตัว,positive,wisesight_sentiment,pos,103,master,False,
1061,เทอลดหุ่นอยู่นะ,negative,wisesight_sentiment,neg,15,master,False,
1062,แต่ถามเงินในกระเป๋าพี่ด้วยยยย,negative,wisesight_sentiment,neg,29,master,False,
1063,ยังไม่หายอะกินไรไม่รู้เรื่องไม่ได้กลิ่นไม่ได้รสชาติ,negative,wisesight_sentiment,neg,51,master,False,
1064,ไปงาน winterfest ของแสนสิริมาคือดีย์มากกกกก เพิ่งรู้ว่าเป็นคอมมูนิตี้ขนาดนี้ จัดงานก็ดีมาก pr จนอยากมีบ้านในนั้นเลยอ่ะ คือมีทุกอย่าง รพฟัน รร ร้านกาแฟ 24 ชม มีคาเฟ่ มีมอล โอ้ยยยยคือดีย์,positive,wisesight_sentiment,pos,185,master,False,
1065,ประเทศที่นาฬิกา รมต เป็นของศพ #ประเทศกูมี #นาฬิกาหรู,negative,wisesight_sentiment,neg,52,master,False,
1066,กินฟูลมูนทีไร เจ็บคอทุกที เหมือนลิ้นไก่จะบวม อาการเดียวกับตอนเป็นคอแดงเลย แต่ตอนกินเบียร์ไม่เป็นอ่ะ ใครเคยเป็นแบบนี้บ้าง นี่แค่ขวดเดียวนะ,negative,wisesight_sentiment,neg,137,master,False,
1067,ยั๊กดั๊ยยย,positive,wisesight_sentiment,pos,10,master,False,
1068,ลูกสูบของวีออสไม่ได้ออกแบบมาเพื่อติดแก้ส lpg ก็มีคนเอาไปติดแก็สไม่เกินปีลูกสูบมีปัญหาแน่นอน แต่โคโรลล่า เขาออกแบบมาเพื่อติดแก็สได้ มีทั้งติดตั้งที่โรงงานเลยและติดตามข้างนอก ถ้าเอาviosไปติดหมดประกันศูนย์แน่นอน ราคาซ่อมและเปลี่ยนลูกสูบก็หลายหมื่น แต่โคโรล่าเขาเกิดมาเพื่อสิ่งนี้,negative,wisesight_sentiment,neg,276,master,False,
1069,ยังไม่หายไข้เลยย,positive,wisesight_sentiment,pos,16,master,False,
1070,ไม่ได้กินนานแล้ว,positive,wisesight_sentiment,pos,16,master,False,
1071,สำหรับบางคน แค่การมีอยู่ของเขาก็เพียงพอแล้วสำหรับเรา มันคือแบบนี้อะ น้องแค่นั่งอยู่ตรงนั้น มองอะไรบางอย่าง คิดอะไรบางอย่าง แล้วเราก็มองเขาแล้วก็ได้แต่คิดว่าดีจังที่น้องอยู่ตรงนั้นแล้วเราสามารถเห็นเขาได้จากตรงนี้,positive,wisesight_sentiment,pos,211,master,False,
1072,ตอนนี้คือหลงmaybelline fit meมาก ถีบหัวส่งnarsไปเลย คุมมันนานกว่า พิสูจน์จากการลงไปอยู่กลางเบย์ หน้าเยิ้มน้อยกว่าna…,negative,wisesight_sentiment,neg,116,master,False,
1073,เอออันนั้นได้อยากกินพอดี มึงอยู่คนเดียวหลอ,positive,wisesight_sentiment,pos,42,master,False,
1074,ผ้าอนามัยกาวก็ไม่เหนียวหรอก แต่พอพลิกเท่านั้นแหล่ะ โอ้โหประสิทธิภาพติดทน,negative,wisesight_sentiment,neg,72,master,False,
1075,เรามาทดสอบการขับ All-New Subaru XV ว่าจะดีและสนุกแค่ไหน ซึ่งวันนี้แสงแดดก็ช่างร้อนแรงเสียเหลือเกิน,negative,wisesight_sentiment,neg,98,master,False,
1076,ถ้าฟรีจะว่างตลอดๆๆ แต่เสียตังอ่ะ ควบแน่น 5555,negative,wisesight_sentiment,neg,45,master,False,
1077,อยากให้ทางคุณบริหารเสาอาการให้เสถียรกว่านี้น่ะคะ พนักงานไม่ได้ผิดอะไรน่ะคะ แต่ทางช่างเทคนิคคุณทำเสาอาการที่ให้การบริการลูกค้าไม่ได้ดั่งใจ คือแพงก็แพง แต่ก็ไม่ได้ติดค้างถ้ามันดีเน็ตเสถียรไม่หลุดตามโปรโมชั่นที่คุณโฆษณาบ่อยๆเนี่ยให้เป็นตามจริงบ้าง ไม่ใช่ไม่แก้ไขอะไรก็ไม่ให้ซึ่งจะทำให้บริษัทคุณเนี่ยสูญเสียลูกค้าที่เขาไว้ใจคุณมานาน ทำให้เสียความรู้สึก เมื่อก่อนเครือข่ายคุณดีเสถียรกว่าไม่หลุด ตอนนี้ล่ะ หลุด ไม่เสถียร เรื่องโทรไม่มีปัญหาอยู่แล้ว รู้ว่าพนักงานคุณก็ไล่ตอบปัญหาคุณก็ทำถูกแล้ว ฝ่ายบริหารบริษัท Dtac ของคุณน่าจะทำให้เครือข่ายเสถียรกว่านี้ จะทำให้ลูกค้ากลับมาเมื่อเดิม ก็รู้ทางคุณแจกเน็ต 2GB มาแก้ปัญหา น่ะแต่ถ้าเน็ตไม่ดีไม่เสถียรคะอยากให้ปรับปรุงอยากมากน่ะคะหวังว่าจะเข้าใจลูกค้าที่ใช้บริการคุณอยู่,negative,wisesight_sentiment,neg,707,master,False,
1078,ต้องฆ่าหันศพ คับ ตำรวจเค้าจะจับแบบ ถนอมเนื้อถนอมตัว ผู้ต้องหา,negative,wisesight_sentiment,neg,61,master,False,
1079,ไปจ้าาา อยากที่ไหนนน,positive,wisesight_sentiment,pos,20,master,False,
1080,เข้าใจว่าผิดกฏหมายคะ แค่ตำรวจครวญให้น้องเข้าได้สอบถามทำใจนิดนึ่งอีกอย่างชุดกระชากแบบนี้มันไม่ดีคะอย่าลืมน้องเป็นผู้หญิงน น้องก็บอกขอทำใจนิดนึ่งอะ ก็ครวญให้เวลาและน้องนิดนึ่งอะ น้องกะไม่ได้คิดหนีนิคะ เเล้วค่อยเชิญน้องไปที่โรงพักอะ ขนาดคดีฆ่าหั่นศพยังไม่ทำแบบนี้เลยคะแถมกุญแจมือก็ไม่ได้ใส่อะ เรามองว่าครวญมองว่าตำรวจทำเกินเหตุอะ ไม่ได้บอกว่าบุหรี่ไฟฟ้าไม่ผิดนะคะ,negative,wisesight_sentiment,neg,360,master,False,
1081,ชอบspy classicกินง่ายอร่อยชอบ🍷💗,positive,wisesight_sentiment,pos,31,master,False,
1082,น่ากินน่ะ ว่ามั้ย,positive,wisesight_sentiment,pos,17,master,False,
1083,ไปไง พุธหน้า เลิก3ทุ่ม รอนะ,positive,wisesight_sentiment,pos,27,master,False,
1084,ใจเยนครับพูดจากันดีๆเห็นต่างไม่ผิด เพราะข้อสรุปมันไม่มีจนกว่าจะมีตัวอย่างรูปคดีออกมาให้ใช้เป็นบรรทัดฐาน อันนั้ผมเข้าใจถูกไหม,negative,wisesight_sentiment,neg,124,master,False,
1085,ฮ่วยยยยยยยยยยย หน้าแทบไม่เปลี่ยนเลย ดูเป็นไมเนอร์เชนจ์ มากกว่า โมเดลเชนจ์มากกกกก แล้วเราว่า กระจังหน้าปัจจุบันจะดูสวยกว่าตัวใหม่นี่อีก สัดส่วน เส้นสายรถก็ดูแทบจะเหมือนเดิม เอาว่า ตัวเดิมถูกมองว่าเชยยังไง ตัวใหม่นี่ก็ยังเชยอย่างนั้น เมื่อเทียบกับคู่แข่ง จะมีก็แค่ไฟท้ายที่ดูทันสมัยขึ้น นอกนั้น รู้สึกว่า ขับตัวเก่าไปเถอะ ไม่ต้องเปลี่ยนหรอก เหมือนรถออกมาในยุคปีเดียวกัน ปล. แล้วในภาพนี่ ด้านท้าย เลื่อนผ่านไปแว้บ ๆ นึกว่า MU-X ไปอีก,negative,wisesight_sentiment,neg,430,master,False,
1086,มี 😍😍😍😍😍😍😍,positive,wisesight_sentiment,pos,10,master,False,
1087,ชอบรถ C-HR สีแดงเพราะ สวย เฉีบบ น่าสัมผัส สี่ที่ตัวเองรักมากๆค่ะ,positive,wisesight_sentiment,pos,64,master,False,
1088,แท๊กกุบ้างก็ได้นะ,positive,wisesight_sentiment,pos,17,master,False,
1089,ถ้าหมายความว่าการใส่สวิงอาร์มคาบอนนั้นโกง เรียนว่าท่านเข้าใจผิดนะครับ หลายค่ายใส่มาก่อน บางทีมใส่มาแล้วเป็นสิบปีครับ ฮอนด้าเพิ่งเริ่มมาใช้เลยถูกจับตาแค่นั้นเอง,negative,wisesight_sentiment,neg,159,master,False,
1090,เพราะอินนิสฟรีเซตนี้น้องงานดีจริงๆ ถึงยอมซื้อราคาที่แพงจนหมดเงินแดก สำหรับนี่ราคานั้นคือแพงชิบหายแล้วใช้ผลิตภัณฑ์ไ…,negative,wisesight_sentiment,neg,115,master,False,
1091,สู้ๆคับ ผมเลิกได้แล้ว ไม่พกไปไหนด้วย เอาไว้ดูดเวลาอยู่บ้านอย่างเดียว,positive,wisesight_sentiment,pos,68,master,False,
1092,ไฮเนเก้นสักขวดไม่คร้,positive,wisesight_sentiment,pos,20,master,False,
1093,ซื้อแต่ผ้าอนามัยแบบเย็นมาค่ะ แบบว่าอีห่ากูนอนไม่ได้,negative,wisesight_sentiment,neg,51,master,False,
1094,มีสิ่งอำนวยความสะดวกเยอะดี ห้องสะอาด,positive,wisesight_sentiment,pos,36,master,False,
1095,smirnoff midnight max ค่อย ๆ จิบ,positive,wisesight_sentiment,pos,32,master,False,
1096,เบียร์ซาเบโกงัยกลุ่มช้างเพิ่งซื้อไป,negative,wisesight_sentiment,neg,35,master,False,
1097,แรมโบ้อีสาน แก้วปัญญา เฮงเฮงรวยรวยสาธุ ป่ะ,positive,wisesight_sentiment,pos,42,master,False,
1098,ต้นกล้า เตชะดำรงธรรม ไม่มีพยาธิๆ มีแต่อมาเกด้อน,negative,wisesight_sentiment,neg,47,master,False,
1099,ไม่มีสาขาเราว่ะ,negative,wisesight_sentiment,neg,15,master,False,
1100,"กด ha ha ชอบ spy cocktail หอมหวาน,อร่อย ดื่มเย็นๆสดชื่นดีครับ",positive,wisesight_sentiment,pos,61,master,False,
1101,เปลี่ยนเป็นโพสใบเสร็จแทนดีกว่ามั้ยครับ มันเสี่ยงมากอะ เกิดอะไรขึ้นมาใครรับผิดชอบ ㅠ ㅠ #breezerth #LiveLifeInColour,negative,wisesight_sentiment,neg,113,master,False,
1102,ถ้านั่งชิล พอลื่นๆคอ แต่ถ้ากะจะเมาเร็วๆ แนะนำกินช้างเหมือนเดิม,positive,wisesight_sentiment,pos,62,master,False,
1103,ชอบ Honda CR-V ครับ รถครอบครัวคันใหญ่นั่งได้หลายคน บรรทุกของได้เยอะดี,positive,wisesight_sentiment,pos,69,master,False,
1104,ใช่ครับ ตัวนี้บริษัทเดียวกันกับลุงจอนนี่เลยครับ รสดี,positive,wisesight_sentiment,pos,52,master,False,
1105,แพงมากค่าถ่ายนำ้มันเครื่องที่ศูนย์มาสด้าแพงเพราะไรแอดมิน?,negative,wisesight_sentiment,neg,57,master,False,
1106,เคเอฟซี บาร์บีกอน,positive,wisesight_sentiment,pos,17,master,False,
1107,อยากกินอันนี้อ่าา,positive,wisesight_sentiment,pos,17,master,False,
1108,รู้ว่าคูชั้น ysl ไม่คุมมันก็ยังทามาวันที่อากาศโคตรร้อนแบบนี้หนอ,negative,wisesight_sentiment,neg,63,master,False,
1109,#เมอา สั่นๆง่ายได้ใจความ ภาษาติ่งเค้าบอกให้ผมเรียก นูกู 55555555555555555555555555555555555555555555555555555555,positive,wisesight_sentiment,pos,112,master,False,
1110,ช่วงนี้ท้องออกเจ้าไม่ค่อยดี,negative,wisesight_sentiment,neg,27,master,False,
1111,กูช็อกกก ตะลึง ตะลึง ตะลึงตึงๆๆๆๆ ลิปไม่เท่าแต่ผ้าอนามัย คือ เมิง โลกเปลี่ยนไปจริงๆ อิเหี้ย 5555555555555,negative,wisesight_sentiment,neg,105,master,False,
1112,เป็นดีลที่ต้องจองโต๊ะผ่าน hungry hub นะคะ มีแค่ที่เทอมินอล21 กับวงเวียนใหญ่ค่ะ,positive,wisesight_sentiment,pos,78,master,False,
1113,ทักษิณนี่มันทักษิณจริงๆ เดินหมากนำคนอื่นตลอด มาแต่ล่ะที ศัตรูตายห่าหมด น้อยแต่มากของจริงชิบหาย #ทรงพระสเลนเดอร์ #ไทยรักษาชาติ,positive,wisesight_sentiment,pos,125,master,False,
1114,ดีแม็กมาแรง,positive,wisesight_sentiment,pos,11,master,False,
1115,มหาชัยก้อมี..ทานครบ1000รับกล่องข้าว,positive,wisesight_sentiment,pos,35,master,False,
1116,ดูข่าวที่ชวนปราศรัย เหมือนแกยังไม่รู้ว่า ทักษิณไม่ได้เป็นนายกแล้ว,negative,wisesight_sentiment,neg,65,master,False,
1117,ภาพหมูชิ้นใหญ่มาก. แต่พอไปทาน. มันเล็กมากอ่ะก้อน. ไปกี่ครั้ง. ก็เล็กเหมือนเดิม. สาขาบุรีรัมย์,negative,wisesight_sentiment,neg,93,master,False,
1118,ไม่ชอบซีวิค,negative,wisesight_sentiment,neg,11,master,False,
1119,TOYOTA FT 86 !! * มุมนี้ อย่างหล่อ,positive,wisesight_sentiment,pos,34,master,False,
1120,หนูนก ชีวิตดี๊ดี ค่ะ,positive,wisesight_sentiment,pos,20,master,False,
1121,ชุดไหนดี เพื่อนบ้านในอณาคตสนใจม้ายยยย,positive,wisesight_sentiment,pos,37,master,False,
1122,ได้ครบตามจำนวนคะ 3ขวด ขวดใหญ่ใช้คุ้ม,positive,wisesight_sentiment,pos,36,master,False,
1123,สั่งกลับบ้านได้ไหมก้อน,positive,wisesight_sentiment,pos,22,master,False,
1124,กูคงต้องใส่ผ้าอ้อมละ ผ้าอนามัยขนาดยาวสุด ก็ยังเล็ดลอดออกมาอีกนะ อิควัยยย 😠,negative,wisesight_sentiment,neg,74,master,False,
1125,ชื่อ เอสเปรสโซ คุณชาย กาแฟดำ MK นะมี แต่โปรโมชั่นนี้ สาขาฝางไม่ร่วมรายการ,positive,wisesight_sentiment,pos,73,master,False,
1126,ถ้าเปลี่ยนเตาแล้วไม่อร่อยก็ต้องปรับปรุงให้เหมาะสมอีกนะก้อน,negative,wisesight_sentiment,neg,58,master,False,
1127,นี่ก็แบบฝากสเมอร์นอฟดำไป ด้วยความที่ลื๊ม ลืมว่าแม่งมีขวดด้วย ละนางก็ไม่รู้จะเอาขวดหรือป๋องมาให้เลยเอามาสองอัน จากความยั้งใจที่จะไม่กินเยอะ,negative,wisesight_sentiment,neg,138,master,False,
1128,งดงามปลอดภัย แถมประหยัดนํ้ามัน สุดๆ ต้องยกให้ นิสสัน ตัวนี้ค่ะ ทันสมัยชอบๆ,positive,wisesight_sentiment,pos,74,master,False,
1129,ไม่ชอบแพกเกจ jo malone อันใหม่เรยว่ะ เมืลราคาถุก คิวเพรส ออเรียนทอล,negative,wisesight_sentiment,neg,67,master,False,
1130,เพิ่งดูไลฟ์แถลงจุดยืนของพรรคอนาคตใหม่ คุณธนาธรว่าโอเคแล้ว แต่คุณปิยบุตรที่เป็นเลขาคือสุดจริง นักข่าวถามจี้แค่ไหนก็ไม่หวั่นไหว ไม่จนมุม พูดยิ้มๆแต่ชัดเจน ตอบแบบคนที่มั่นใจในตัวธนาธรและมั่นคงในจุดยืนของพรรคมากๆ โคตรเจ๋ง,positive,wisesight_sentiment,pos,217,master,False,
1131,อยากกิงวุ้ย,positive,wisesight_sentiment,pos,11,master,False,
1132,จริง ใครซื้อ b segment มีเคือง mazda3 ทั้งส่วนลด ทั้งดอกต่ำ ราคาเบียดๆกันเลย,positive,wisesight_sentiment,pos,76,master,False,
1133,ชอบ 1. สีน้ำตาลแดงเพราะเข้าสีปากทาได้ทุกวันเลยค่าาาและดูไม่แก่เกินไป 2. สีส้มอมพีชค่ะ ดูสนใสและแอบซนๆเปรี้ยวๆ ทาคู่กับแก้มสีส้มพีชยิ่งน่ารักเลย 3. สีแดงกำค่ะ เอาไว้ทำออมเบลอ ให้ดูระเรื่อ ดูเป็นผู้ใหญ่มากขึ้นและดูเซ็กซี่คะ 4. ชอบสีชมพูนู๊ดค่ะ เพราะสุภาพทาไปที่ไหนก็ได้ เวลาทาแล้วให้ความรู้สึกเรียบร้อยขึ้นมา30%เลย #4u2 #4u2cosmetics #4u2thailand,positive,wisesight_sentiment,pos,344,master,False,
1134,พรุ่งนี้ติพี่ 😂😂😂,positive,wisesight_sentiment,pos,17,master,False,
1135,ทำไมน้ำจิ้มไม่อร่อยเลยครับ,negative,wisesight_sentiment,neg,26,master,False,
1136,ตอนแรกสนใจคอนโดของแสนสิริละทีนี้มันบอกว่ามีครัวส่วนกลาง ทางนี้เลิกสนทันทีอะ,negative,wisesight_sentiment,neg,75,master,False,
1137,อยู่ในจุดที่น้ำเปล่าที่บ้านไม่เย็น เลยกินฟูลมูนแทนนน้ำเปล่าอีควยเอ้ย,negative,wisesight_sentiment,neg,68,master,False,
1138,มานั่งคำนวนรายจ่าย ค่าเดินทางไปทำงานทาง bts+เรือ เทียบกะรถเมล์+รถกระป๋อง คือส่วนต่าง = 600 บาทเลยอะ bts แพงกว่าประมาณ 1.6 เท่าได้,negative,wisesight_sentiment,neg,129,master,False,
1139,ห้างโล่งแบบว่าเข้าห้องน้ำแล้วจะฉี่ดังแค่ไหนก็ได้อ่ะ ไม่มีคนเลย #เราอาจจะมาเร็วไป #showdc,negative,wisesight_sentiment,neg,88,master,False,
1140,โรงแรมขนาดเล็ก ห้องพักสะดวกสบาย ราคาประหยัด,positive,wisesight_sentiment,pos,43,master,False,
1141,15 ล้าน มันน่าจะซื้อคุณภาพได้เนอะ แต่ไม่เลย เจอปัญหาไม่ต่างจากบ้านหลังละ 1-2 ล้าน เครียดแทน จขกท. .. #แสนสิริ #อีกแล้ว,negative,wisesight_sentiment,neg,118,master,False,
1142,ทีมงานต้องขออภัยเป็นอย่างยิ่งครับ เนื่องจากรถยนต์รุ่นดังกล่าวได้รับความนิยมและมียอดการสั่งจองค่อนข้างมาก จึงทำให้อาจเกิดความล่าช้าในการส่งมอบ ทั้งนี้ ทาง MG กำลังดำเนินการอย่างเร็วที่สุด เพื่อตอบสนองทุกความต้องการของทุกท่านครับ,negative,wisesight_sentiment,neg,227,master,False,
1143,ลืมว่าเอ็มเค เซ็ตต้มยำชีสหมดเขตวันนี้ T___T อดกินเลย,negative,wisesight_sentiment,neg,52,master,False,
1144,อีดอกกูเกลียดแสงโสมมาก เหม็น ผู้มีอุปการะคุณของมึงคือเพื่อนสุดๆ 555555555,negative,wisesight_sentiment,neg,73,master,False,
1145,สนจัยนิสสันค่ะ,positive,wisesight_sentiment,pos,14,master,False,
1146,งงเลยสัสวันนั้นกูกินฮอตพอตทำไมอ่ะแดกนิดเดียว,negative,wisesight_sentiment,neg,44,master,False,
1147,ค่าเช่าชุดก็500฿ ล่ะ แพงกว่าปกติอีก555,negative,wisesight_sentiment,neg,38,master,False,
1148,สวย ทดลองขับแล้ว เกาะถนนดี เร่งได้ทันใจ ที่ชอบเพราะเป็น ไฮบริด ประหยัดดี ครับ เพราะที่บ้านก็ใช้พรีอุสอยู่อีกคันนึง,positive,wisesight_sentiment,pos,114,master,False,
1149,มึงลองให้รัฐแม่งเก็บภาษีได้เป็นเรื่องเป็นราวสิ สาธารณะสุขแม่งจะออกมาอวยว่าดีอย่างนั้นอย่างนี้ เป็นทางเลือก ช่วยลดนิโคติน บลาๆๆๆๆๆ เชื่อกูดิ กูเรียนมา!!!,negative,wisesight_sentiment,neg,152,master,False,
1150,แล้วแบบนี้ผลแลปน่าเชื่อถือไหมอ่ะ,negative,wisesight_sentiment,neg,32,master,False,
1151,บุหรี่ไฟฟ้าvs ฆ่าหันศพ,negative,wisesight_sentiment,neg,22,master,False,
1152,เห็นคุณองซัด smirnoff แอปเปิ้ล แล้วก็คิดถึงตอนตอนตัวเองซัดละตื่นมาแดงไปทั้งตัว,negative,wisesight_sentiment,neg,78,master,False,
1153,"ใช้ดีเหมือนกันค่ะ Ford focus เกียร์ Power shift DCT 6 speed เหมือนกันค่ะ ไว้ คม แม่นย้ำ ไมล์แท้นะค่ะวิ่งมา 283,953km ซื้อมาแต่ป้ายแดง อายุรถ 7 ปี แล้วค่ะ เปลี่ยนอะไหล่ตามการใช้งาน ไม่เคยได้นอนจอดกินข้าวลิงกลางทาง ไม่เคยขึ้นรถยก ประหยัดน้องๆๆ Eco car แต่ อะไหล่แพงจริงค่ะ ซ่อมหนักๆมียางรองแท่นเครื่อง 3 ตัวเกือบ 2หมื่น ชุดสายพานทามมิ่ง+ ช่วงล่างที่ชำรุด และก็ล่าสุด เปลี่ยน Blowerair มา *แต่ไม่เคยซ่อมเกียร์นะค่ะ ตั้งแต่ซื้อมา",positive,wisesight_sentiment,pos,425,master,False,
1154,เมื่อคืนกินสเมอนอฟไปป๋องนึง หน้าร้อน วิ้งๆที่หัว ง่วงนอน แต่พอนอนแล้วดันไม่หลับ รู้ตัวอีกทีก็ตอนเพื่อนขึ้นมานอนด้วย แต่ช้าแต่ ดันรู้สึกว่ายังไม่ได้นอน,negative,wisesight_sentiment,neg,150,master,False,
1155,อยากกินแสงโสม,positive,wisesight_sentiment,pos,13,master,False,
1156,บาคาดี้ยังหลอนปากกูอยู่ ไอ้เหี้ย ขมขื่นจริงๆ,negative,wisesight_sentiment,neg,44,master,False,
1157,ไม่กิน อยากดูหนัง จูแมนจี้,negative,wisesight_sentiment,neg,26,master,False,
1158,ไปป่ะ ชวน พ่อแม่ ไป,positive,wisesight_sentiment,pos,19,master,False,
1159,ถึงคราว MK ทำร้านขนมตัวเอง ชื่อ MK Harvest รสชาติโดยรวมไม่แย่ ราคาไม่แพง สมน้ำสมเนื้อ วาฟเฟิลฮ่องกงเนื้อเบาดี ชอบกว่าแบบต้นตำรับ ส่วนไอติมทับทิมกรอบข้างล่างมีวุ้นมะพร้าวด้วย อร่อยมาก ปิดท้ายด้วยชากุหลาบผลไม้แก้เลี่ยน พนักงานบริการดี ร้านอยู่แถวๆ MK Live เอ็มควอเทียร์,positive,wisesight_sentiment,pos,267,master,False,
1160,ขอบคุณพี่ ๆ ทุกท่าน ที่ช่วยเป็นกระบอกเสียงแทนพวกเรา ผู้ใช้บุหรี่ไฟฟ้าทุกคนครับ,positive,wisesight_sentiment,pos,78,master,False,
1161,เรื่องสีรถมาสด้าสองตัวเครื่องดีเซลที่มีปัญหามาจากโรงงานที่คุยกันไว้ จนป่านนี้แล้วยังไม่เห็นมีใครติดต่อผมมาเลยคับแอด,negative,wisesight_sentiment,neg,115,master,False,
1162,รู้สึกคิดถูก ที่เลี่ยงไม่ดูก่อนทาง Netflix ไม่แม้แต่ตัวอย่าง หรือ่านเรื่องย่อ เลี่ยงสปอยล์แบบสุดฤทธิ์ #Roma เป็นหนังที่งดงามทั้งในรูปธรรม และนามธรรมจริงๆ เชียร์ให้ดูในโรงเท่านั้น อย่าได้พลาดเชียว #movietwit,positive,wisesight_sentiment,pos,206,master,False,
1163,น้ำหนักไม่ลงไม่ต้องกิน5555,negative,wisesight_sentiment,neg,26,master,False,
1164,จะกินชุดนี้อ่ะนะ พอยาไส้ไหมเล่า ถถถถ,positive,wisesight_sentiment,pos,36,master,False,
1165,อิ่มจัง ตังค์ไม่มีแอแฮร่,positive,wisesight_sentiment,pos,24,master,False,
1166,น่าจัดมากคะ วันนั้นเข้าไปคิดว่าเปิดแล้ว,positive,wisesight_sentiment,pos,39,master,False,
1167,แดกแมคเถอะสัส,negative,wisesight_sentiment,neg,13,master,False,
1168,ดาว0%ต้องมีเงื่อนไขอะไรบ้างครับผมอยากได้ฟอร์จูนเนอร์,positive,wisesight_sentiment,pos,52,master,False,
1169,14.กูเมาง่าย แม่งแค่ได้กลิ่นก็เวียนหัวละ กินฟูลมูนกับเพื่อน2ขวดแม่ง มึนเลย,negative,wisesight_sentiment,neg,74,master,False,
1170,อยากกิน MK,positive,wisesight_sentiment,pos,10,master,False,
1171,ผ้าอนามัยติดหนึบทุกอย่าง!! ยกเว้น...กกน. ( กางเกงใน ) เวลาเอาแปะยากม๊ากกก!!,negative,wisesight_sentiment,neg,75,master,False,
1172,ชอบนะบาบีก้อนอ่ะ แต่ไม่ค่อยอยากกินหรอกแพง พีคสุดก็ตอนนี้ที่เห็นในทวิตมีพยาธิอีก จบแล้วชีวิต ไม่ไหวแล้ว,negative,wisesight_sentiment,neg,102,master,False,
1173,ลีโอ ต้องนครปฐมครับ สงสัยไปกิน ปทุมธานีเลย จืด,negative,wisesight_sentiment,neg,46,master,False,
1174,เอาจริงๆ กินคนเดียวก็ไม่อิ่มอ่าก้อน เมื่อก่อนสองคนกินประหยัดหมูชุดเดียวก็อิ่มแล้ว เดี๋ยวนี้หมูมันบ๊างบางจนน่าใจหายนะก้อน,negative,wisesight_sentiment,neg,120,master,False,
1175,ไปๆกันพี่ติ๊ก ป๋าแบงค์เค้าจะเลี้ยง,positive,wisesight_sentiment,pos,34,master,False,
1176,Urban decay all nighter concealer นอกจากปกปิดดีแล้วก็ไม่มีอะไรดีอีกเลย จบการรีวิว,negative,wisesight_sentiment,neg,81,master,False,
1177,ถ้าไปโชว์ดีซีต้องว่างทั้งวันอะ เพราะไกลมาก,negative,wisesight_sentiment,neg,42,master,False,
1178,อยากกกกๆๆๆๆๆๆ,positive,wisesight_sentiment,pos,13,master,False,
1179,ลดตรงไหน? เคยไปกินก้ราคานี้,negative,wisesight_sentiment,neg,27,master,False,
1180,โฮมโปรเพชรบูรณ์ ไม่เข้าร่วมเลย,negative,wisesight_sentiment,neg,30,master,False,
1181,กานิเย่แม่งโผล่โฆษณาบนไทม์ไลน์ทวิตกุทุกๆ20นาที อิเวงงงง5555555,negative,wisesight_sentiment,neg,62,master,False,
1182,ลองละไม่อร่อย รสชาติเหมือน285เลยอะ,negative,wisesight_sentiment,neg,34,master,False,
1183,เซี่ยงไฮ้ เมืองใหญ่ของจีน บ้านเมืองเจริญ สะอาด การขนส่งสะดวกมาก รถใต้ดินก็ 16 สายละ นั่งกันเพลิน รถไฟ maglev เอย รถไฟความเร็วสูงเอย มีครบ,positive,wisesight_sentiment,pos,137,master,False,
1184,กระจอกแดก285,negative,wisesight_sentiment,neg,12,master,False,
1185,เมื่อวาน ไปมาล่ะ เห้ย ... !!! ร้าน ปิด ปรับ ปรุง เซรง เลย,negative,wisesight_sentiment,neg,57,master,False,
1186,บุ๋มชอบของการ์นิเย่สีเหลืองค่ะ เช็ดสะอาดดี ผิวไม่แห้ง แต่กลิ่นน้ำหอมแรงไปนิสจ้า,negative,wisesight_sentiment,neg,79,master,False,
1187,จริงค่ะ แต่บารบีก้อนกลับอร่อยเนอะ,positive,wisesight_sentiment,pos,33,master,False,
1188,อ่าว 299 เฉย,positive,wisesight_sentiment,pos,12,master,False,
1189,กระแสเพื่อไทยมาแรงมากแม้กระทั่งในภาคใต้ ตั้งแต่ชูนายกชัชชาติ,positive,wisesight_sentiment,pos,60,master,False,
1190,แต่ไม่กินลีโอได้มั้ยย 555,negative,wisesight_sentiment,neg,25,master,False,
1191,เบลล์ ไม่ชอบกินผัก สาธุพันรอบ,negative,wisesight_sentiment,neg,29,master,False,
1192,ไม่มีสาขามุก จอบอ😂,negative,wisesight_sentiment,neg,18,master,False,
1193,สงสัยจะไม่ถูกกับบลัชออน 4u2 แน่ๆเลย ปัดทีไร สิวอุดตันขึ้นตลอดเลยย สังเกตุมาหลายทีละ แงงงงง 😭 เสียดายอ่ะ สีสวย แล้วซื้อมาตั้งหลายอันแล้วด้วย,negative,wisesight_sentiment,neg,139,master,False,
1194,คอมเม้นพีค เลิกกินนน,negative,wisesight_sentiment,neg,20,master,False,
1195,รีโว่หลังปีใหม่เริ่มเห็นเยอะขึ้นแล้ว หน้าใหม่ก็ดูดีขึ้นกว่าเก่า แต่หน้าใหม่ดีแมกก็สวย สวยคนละแบบ,positive,wisesight_sentiment,pos,96,master,False,
1196,เน้ตแม่งโคตรช้า เสียตัง ไม่ได้ขอฟรี แม่ง,negative,wisesight_sentiment,neg,40,master,False,
1197,GUERLAIN La Petite Robe Noire Lip Color’Ink Liquid Lipstick เป็นจิ้มจุ่มแมตเนื้อเบาๆ ตอนแรกเราคิดว่าจะแน่นกว่านี้ พอเซ็ตตัวแล้วเค้าไม่ได้แน่นมาก คนปากคล้ำไม่น่าจะกลบได้ ส่วนตัวชอบนะคะ บางทีก็ไม่ได้อยากทาลิปที่สีแน่นมาก แนวนี้ก็ดูกลืนไปกับปาก ดูธรรมชาติดี กินข้าวกินน้ำหลุดนะคะ แต่เติมได้เรื่อยๆ ไม่เป็นชั้นๆ อยากได้สีเข้มกว่านี้ก็ทาทับได้ค่ะ อันนี้เบอร์ L121 Stylegram Weekend makeup 🍊 #jungsaemmool long-wear cushion foundation+ pencil eyeliner #4u2cosmetics S7 Blush on #guerlainthailand Lip color ink in L121 – Stylegram #feonalitamakeup,positive,wisesight_sentiment,pos,540,master,False,
1198,น่ารักแสงโสม,positive,wisesight_sentiment,pos,12,master,False,
1199,กลับมาก็ไปกินกัน,positive,wisesight_sentiment,pos,16,master,False,
1200,ไก่เคเอฟซีหร่อยกว่าแมคจืด,negative,wisesight_sentiment,neg,25,master,False,
1201,โชว์ดีซีมีไรดี ไม่เคยไป,negative,wisesight_sentiment,neg,23,master,False,
1202,ก็บอกว่าไม่อยากกินเอ็มเคคคคค,negative,wisesight_sentiment,neg,28,master,False,
1203,โซฟีใช้ดีมากค่ะ เราซื้อแบบที่เย็นๆน่ะค่ะ ความยาว ยาวมาก 42 ซม.มั้ง ยาวสะใจเราชอบเพราะเราซน และมันแห้งสบายค่ะ ไม่มีกลิ่นอับเลย ไม่เหนียวเหนอะหนะ ใช้โซฟีมานานแล้วค่ะ กาวติดแน่นมาก เราใช้กางเกงในแบบหนาๆอะค่ะ คอตต้อล แต่เราก็โยนลงเครื่องใช้น้ำยาปรับผ้านุ่มนะ ก็ยังติดแน่น เมื่อก่อนใช้ยี่ห้อนึงอยู่กาวไม่ติด พอมาใช้โซฟีติดใจมากค่ะ ชอบมาก จะใช้ไปนานๆเลยค่ะ,positive,wisesight_sentiment,pos,350,master,False,
1204,Q: ทำไมทหารไม่ยอมคืนคลื่นวิทยุกลับคืนเป็นสมบัติสาธารณะเสียที กสทช.ทวงแล้วทวงอีก ทวงมาตั้งแต่ก่อนรัฐประหาร A: เก็บไว้เปิดเพลง #หนักแผ่นดิน,negative,wisesight_sentiment,neg,137,master,False,
1205,อี๋ Almera 1.2 S ขับตัวโลวไม่คุยอะค่ะ ต่รรม,negative,wisesight_sentiment,neg,43,master,False,
1206,299มั้ง วันพุธอ้ะ,positive,wisesight_sentiment,pos,17,master,False,
1207,จนไม่มีตังล่ะ ขอบายก่อนเลย,negative,wisesight_sentiment,neg,26,master,False,
1208,คงใกล้จบแล้วแน่ๆ,negative,wisesight_sentiment,neg,16,master,False,
1209,อยากลองบ้างจัง,positive,wisesight_sentiment,pos,14,master,False,
1210,ต้องลองใหม่555,positive,wisesight_sentiment,pos,14,master,False,
1211,ใช่ค่ะ ที่สูบบุหรี่ไฟฟ้าเพราะควันค่ะ บุหรี่จริงไม่แตะค่ะ #สาวVapor 😉,positive,wisesight_sentiment,pos,68,master,False,
1212,ดีงามมาก ต้อง รามอินทรา,positive,wisesight_sentiment,pos,23,master,False,
1213,kiss me harder by 4u2💋 (01). ตัวนี้ทาเที่ยวกลางคืนละแซ่บมากกกกกก!! ติดทนจูบหลุดนิดนึง อิอิ เนื้อนุ่ม แต่แห้งไปหน่อยบำรุงปากดีๆล่ะ ตัวนี้ให้8/10เล้ยยยย💋✨ #รีวิว #รีวิวเซเว่น #รีวิวเพียบ #ใช้จริงรีวิวจริง #howtoperfect #ฉันจะสวย #ของมันต้องมี,positive,wisesight_sentiment,pos,240,master,False,
1214,เจ้บิวไปกันมะ,positive,wisesight_sentiment,pos,13,master,False,
1215,ไปโดนๆ เนื้อสดและนุ่มมาก ฟันเฟิมมม,positive,wisesight_sentiment,pos,34,master,False,
1216,โปรดเลือก​ พรรค​ประชาธิปัตย์​ เพื่อชาติ,positive,wisesight_sentiment,pos,39,master,False,
1217,น้ำลายไหล.ีสสสส,positive,wisesight_sentiment,pos,15,master,False,
1218,ปิดบชสมาชิก ไม่ไปกินตลอด,negative,wisesight_sentiment,neg,24,master,False,
1219,ว้าวววว ไปอิ่มท้องแตกกันมั้ย,positive,wisesight_sentiment,pos,28,master,False,
1220,อยากกินนนนนน,positive,wisesight_sentiment,pos,12,master,False,
1221,หาร้านสะดวกซื้อยากนิดนึง,negative,wisesight_sentiment,neg,24,master,False,
1222,เค้าเขียนมาชัดเจนนะคะ ไม่เข้าใจว่าไม่ให้อ่านยังไง,positive,wisesight_sentiment,pos,49,master,False,
1223,ดีไซน์ดูลงตัวกว่า แอคคอดตัว g10จริงแหละ,negative,wisesight_sentiment,neg,39,master,False,
1224,?? เอาไหม . . เอาไปทำไรฟ่ะ 555555555,negative,wisesight_sentiment,neg,36,master,False,
1225,กฏหมายบ้านเราแม่งเปิดช่องให้คนมีสีหารายได้,negative,wisesight_sentiment,neg,42,master,False,
1226,ขอบคุณค่ะ💕,positive,wisesight_sentiment,pos,10,master,False,
1227,ในฐานะพระสาววาย อาตมาจะชิพคุณพ่อธนาธรกับ อ.ปิยบุตรได้มั้ยคะ อร๊ายยย 😆 #ฟ้ารักพ่อ #พ่อก็รักฟ้า #อนาคตใหม่ #เลือกตั้ง62,positive,wisesight_sentiment,pos,117,master,False,
1228,เร็วกับผีอะไร ใช้เดือนละ1099 สัญญาณอยากหายตอนไหนก็หาย เล่นเกมส์ก็ไม่ได้ไม่มีสัญญาณ อีผี ขอแชร์ไวไฟวัดยังเร็วกว่าเน็ตมึงอีกอีผี,negative,wisesight_sentiment,neg,126,master,False,
1229,MGB MKI ตอนแรกคิดว่า จะทำโช๊คเดิมให้สมบูรณ์ แต่ ด้วย ยุคสมัยเปลี่ยนไป และ สภาพถนนประเทศไทย ไม่เอื้ออำนวย จนทนไม่ไหวจึงต้อง จัดชุดเสริม เพื่อใส่โช๊คแบบรถรุ่นปีใหม่ ให้ขับบนถนนได้อย่างเต็มประสิทธิภาพของเครื่องยนต์ 1800ซีซี #telescopicos #shockabsorber #mgb #mgc,negative,wisesight_sentiment,neg,259,master,False,
1230,อู้วววววววว ดีกับใจอะไรเบอร์นี้ ขอบคุณมาก ๆ เลยนะคะ เลิฟอ้ะ ^^,positive,wisesight_sentiment,pos,62,master,False,
1231,แล้วบอสจะไม่กินแล้วหรอ5555,negative,wisesight_sentiment,neg,26,master,False,
1232,ตั้งแต่บาบี้กอน mK มาใหม่ล้ะ ยังไม่ได้กินเลอะ5555,positive,wisesight_sentiment,pos,49,master,False,
1233,ciaz แม่ง ก๊อปบอดี้ city ี้มาทั้งคัน ไอ้ yaris ativ. ก็พยายามให้ไฟท้ายคล้าย mazda2 ทำไมไม่ออกแบบเองว่ะ,negative,wisesight_sentiment,neg,102,master,False,
1234,พนักงานน่ารักค่ะ,positive,wisesight_sentiment,pos,16,master,False,
1235,รุ่งฤดี แปงนุจาฟิวเจอร์พาร์คมีนะ🤪,positive,wisesight_sentiment,pos,33,master,False,
1236,เนี่ยยย เเต่อันนี้หมูๆ,positive,wisesight_sentiment,pos,22,master,False,
1237,เพิ่งไปตำมา ร้าน tasty 24 อยู่ติดกับ LCC เลย อร่อย + ถูกด้วย จาจังเมียนจานใหญ่มากก 50 บาท รีบๆไปตำกัน เด็ดจริงๆ #รีวิวเชียงใหม่ #อร่อยไปแดก,positive,wisesight_sentiment,pos,139,master,False,
1238,"Nissan เป็นค่ายที่ออกแบบ ได้สะเปะสะปะมาก ไม่มี Brand Identity หรือ thyme, Direction แต่ละรุ่นไปคนละทิศละทาง ยิ่งชื่อรุ่น มั่วมาก ดูเผิน ไม่บอก Segment ของรถเลย ว่ารถหรู รถครอบครัว ตอน Almera กับ Slyphy ออก ก็แยก segment ไม่ออก ยิ่ง Juke ไปคนละทางเลย กับการออกแบบโดยรวมของค่าย",negative,wisesight_sentiment,neg,275,master,False,
1239,มาสด้าสามปี 2009 ราคา 250000น่าสนนะครับ,positive,wisesight_sentiment,pos,39,master,False,
1240,ทีข่าวน้ำมันเครื่องแม่งมีนักวิจัยมาวิใจ,negative,wisesight_sentiment,neg,39,master,False,
1241,ก้อสั่งสิบเซท,positive,wisesight_sentiment,pos,13,master,False,
1242,ซีวิคตะกี้เท่าไรคับ,positive,wisesight_sentiment,pos,19,master,False,
1243,เป็นเหี้ยไรมาบอกให้สทศ.ไปเลื่อนสอบเด็กเอาเอง พอเขาจัดการเรียบร้อยมึงก็เลื่อนหนีวันไปอีก #เลื่อนแม่มึงสิ สัส,negative,wisesight_sentiment,neg,107,master,False,
1244,ไอติมโอ่ง (สงขลา) 📌ถนนนางงาม ร้านเก่าแก่ ร้านดั้งเดิม กับไอติมโอ่ง หนีความร้อนมากินไอติมโบราณ เสริฟมาในโอ่งน่ารักๆ มีทั้งแบบใส่ไข่ แบบปกติ และอื่นๆ สามารถสั่งลูกชิ้นกินเล่นได้ ไม้ละไม่กี่บาท มาสงขลาอย่าลืมแวะมา,positive,wisesight_sentiment,pos,210,master,False,
1245,อยากกินอะไรครับพี่เดี๋ยวซื้อไปเยี่ยม,positive,wisesight_sentiment,pos,36,master,False,
1246,น่าดูมาก ครับ,positive,wisesight_sentiment,pos,13,master,False,
1247,เมียไม่ชอบ,negative,wisesight_sentiment,neg,10,master,False,
1248,ป่ะ เอ็มเคกันเถอะ #กูรักชีสสสสส 😍😍,positive,wisesight_sentiment,pos,34,master,False,
1249,เห็นคนเดียวละใจไม่ดีจริงๆนะ,positive,wisesight_sentiment,pos,27,master,False,
1250,จะกินบิงซูสเว่นเซน!!!!,positive,wisesight_sentiment,pos,22,master,False,
1251,#ถ้าออกขึ้นมาละฮาเลย จะจัดเอ็มเคชุดใหญ่ไฟไม่กระพริบ 555,positive,wisesight_sentiment,pos,55,master,False,
1252,ผมว่าฟอร์ดมีบทเรียนเรื่องเกียร์จากเฟียสต้ามาแล้ว ไม่น่าจะพลาดอีกครับ ดูจากรุ่นใหม่ๆที่ออกมายังไม่เจอปัญหาเหมือนเฟียสต้า อีกทั้งแรพเตอร์ยังเป็นรถพรีเมี่ยมคาดว่าน่าจะทำQCมาดีพอสมควร แต่ทั้งนี้ ทั้งนั้นต้องรอให้รถออกมาวิ่งจริงๆตามท้องถนนถึงจะรู้ว่าจะมีปัญหารึปล่าวอื่นๆรึปล่าวน่ะครับ,negative,wisesight_sentiment,neg,280,master,False,
1253,พาเก๊าไปจัดหน่อยยยยยยยย,positive,wisesight_sentiment,pos,23,master,False,
1254,เค้าอยากกินนี้มากเลยยย,positive,wisesight_sentiment,pos,22,master,False,
1255,รัฐไม่ยอมไง กินภาษีมืดอยุ่,negative,wisesight_sentiment,neg,26,master,False,
1256,ลดละก็ยังแพงอยู่55555,negative,wisesight_sentiment,neg,21,master,False,
1257,ป่ะ ไปคลายหนาว ทิ้งความเครียด กับดนตรีด้วยกัน พักสมอง มองภูเขา ดูทะเลหมอก #แสงโสม ที่บ้านคือแฟนพันธ์ุแท้ แสงโสม555,positive,wisesight_sentiment,pos,114,master,False,
1258,ไปกินลีโอสด บ่ 555,positive,wisesight_sentiment,pos,18,master,False,
1259,ปกติเป็นสายดิ่ง ลองมากินสเมอนอฟ กินไม่ได้ หายใจไม่ออก แน่นหน้าอก สปาย หรือ ฟูลมูนก็ไม่ได้ ใครเป็นเหมือนกันบ้างครับ,negative,wisesight_sentiment,neg,114,master,False,
1260,ตูก็ไม่ -_- แต่อ่านเจอข่าวว่าในที่ๆผ้าอนามัยแพงก็ใช้เจ้านี่เยอะ,negative,wisesight_sentiment,neg,63,master,False,
1261,เสียภาษี ก้อยอมจ่ายค่ะ สู้ให้สุดใจ,positive,wisesight_sentiment,pos,34,master,False,
1262,ที่เจอมาคือสาขาบิ๊กซีแจ้งวัฒนะครับ,negative,wisesight_sentiment,neg,34,master,False,
1263,ระยองไม่มี,negative,wisesight_sentiment,neg,10,master,False,
1264,เบื่อ hotpot แล้ว,negative,wisesight_sentiment,neg,17,master,False,
1265,ว่าเป็นเมนส์ก็หงุดหงิดแล้วนะ เจอกาวผ้าอนามัยแล้วแบบ ว้อยยยยยยยยยยนยยยยยนยยน,negative,wisesight_sentiment,neg,75,master,False,
1266,รีวิวชาชีสเอ็มเค กล้าเรียกตัวเองว่าชาชีสหรอ5555555555555555555555555555555555,negative,wisesight_sentiment,neg,77,master,False,
1267,ไม่น่าอิ่ม,negative,wisesight_sentiment,neg,10,master,False,
1268,ถ้าบุฟเฟ่ก็ต้องไปบาบิก้อน,positive,wisesight_sentiment,pos,25,master,False,
1269,วันที่ได้เจอครั้งแรกแล้วก็ได้รับปิ้วๆจากคุณเค้าเลย555 สุขสันต์วันวาเลนไทน์ รักนะคะ ❤ #รับไปเลยหัวใจดวงน้อยๆจากพวกเราทุกคนปิ้วๆ #KaewBNK48,positive,wisesight_sentiment,pos,137,master,False,
1270,จะฝึกกินเบียร์แร้ววว ไวน์รึสปายฟูลมูนหลบไปป!!!,negative,wisesight_sentiment,neg,46,master,False,
1271,#หายไปได้พักนึง!! 🌀 กลับมาอีกแล้ว!! PM 2.5 #ก็กลับมาใช้ตัวช่วย 😷 อีกแหละ!!,negative,wisesight_sentiment,neg,74,master,False,
1272,กินช้างดีกว่า,positive,wisesight_sentiment,pos,13,master,False,
1273,https://brandinside.asia/draft-beer-in-convinient-store/ Family Mart ขายเบียร์ ช้าง ทำไมไม่มีใคร ตื่นตัว รึตกข่าว พากันทำอะไร น่าขำดี โลกสวย แต่คิดลบ มองโลกในแง่ร้าย แต่กลับสร้างภาพว่าตัวเองทำถูก งง มาก ตรรกะ คนไทยบางกลุ่ม,negative,wisesight_sentiment,neg,222,master,False,
1274,โฮกาเด้นก็เอากูไม่อยู่ ไม่อร่อยทั้งหมด เดี๋ยวลองโรเซ่อีกอันนึงพอ,negative,wisesight_sentiment,neg,64,master,False,
1275,กินแล้วนึกถึงช้าง export ที่แอบติดซ่า + หวานขึ้นนิดๆ แต่รุนแรงดุจคลาสสิกตัวเก่า ตีนปลายหนักเอาเรื่อง ซดไวๆ มีติดมึน,positive,wisesight_sentiment,pos,115,master,False,
1276,มิโซะ มึงทำกระทะไหม้,negative,wisesight_sentiment,neg,20,master,False,
1277,สาขาชัยภูมิน่าจะเข้าร่วมบ้างนะ,negative,wisesight_sentiment,neg,30,master,False,
1278,ซื้อยาริสรุ่นใหม่ละนะจ๊ะอิอิ,positive,wisesight_sentiment,pos,28,master,False,
1279,299ต้องจัด,positive,wisesight_sentiment,pos,10,master,False,
1280,ผมก็ใช้ Mazda 3 ตัวก่อน Sky มาก่อนครับ ก่อนจะมาออก CX-5 ตัวใหม่ ขับสบายขึ้นเยอะมาก เทียบกับ Accord G9 ของน้องชายแถวสอง Accord นั่งสบายกว่า แต่ขับขี่แย่กว่าครับ,negative,wisesight_sentiment,neg,159,master,False,
1281,กูอยากทำซีวิคแบบนี้,positive,wisesight_sentiment,pos,19,master,False,
1282,พกปืนเถื่อนโทษยังน้อยกว่าบุหรี่ไฟฟ้าอีก,negative,wisesight_sentiment,neg,39,master,False,
1283,ขอบคุณน่ะ ออเจ้า 5555+,positive,wisesight_sentiment,pos,22,master,False,
1284,เออ จะชวนไปกินฮอทพอทแก้หนาวก่อน,positive,wisesight_sentiment,pos,31,master,False,
1285,อะไรของมึง ตรวจเอง ยืนยัน เอง .... ตรรกะบราซิลจริงๆ,negative,wisesight_sentiment,neg,51,master,False,
1286,ลำไย หลังปีใหม่กะได้,positive,wisesight_sentiment,pos,20,master,False,
1287,นิสสันนาวารารุ่นใหม่สวยมาก ของจริงคือเท่มาก ใครอยากได้รีบเลยเดี่ยวหมดโปรนะออเจ้า,positive,wisesight_sentiment,pos,80,master,False,
1288,รำคาญโฆษณากานิเย่กับไทยพาณิชในทวิต ขึ้นบ่อยเกิ้นน,negative,wisesight_sentiment,neg,49,master,False,
1289,เตรียมท้องไว้ละนะ,positive,wisesight_sentiment,pos,17,master,False,
1290,ส่งให้เรียบร้อยครับ ไม่พอใจจริงๆครับครั้งนี้ พนักงานชุดนี้แย่จริงๆ,negative,wisesight_sentiment,neg,66,master,False,
1291,ขอบคุณเพื่อนๆลำปางมากเลย สนุก ประทับใจทุกครั้งที่มา ขอบคุณร้านเมาดีฟ และ LEO BEER ด้วยครับผม #ดูสดฟินสุด,positive,wisesight_sentiment,pos,104,master,False,
1292,ปวดหัวชิปหาย ก้อาจจะเปนบางคนมั้ง,negative,wisesight_sentiment,neg,32,master,False,
1293,FCเลยนาวาร่า,positive,wisesight_sentiment,pos,12,master,False,
1294,ขอบคุนมากคับนักสู้,positive,wisesight_sentiment,pos,18,master,False,
1295,โบกแท็กซี่สิบคันไม่ไปซักคัน,negative,wisesight_sentiment,neg,27,master,False,
1296,เดี๋ยวจะไปกินที่นครปฐมแล้วกันนะก้อน,positive,wisesight_sentiment,pos,35,master,False,
1297,อยากกินสตอเบอรี่อัญชัน,positive,wisesight_sentiment,pos,22,master,False,
1298,ไป๊ๆๆ รอบิ๊กมากรุงเทพ,positive,wisesight_sentiment,pos,21,master,False,
1299,น่ารักมากเลยค่ะหนวดเป็นสีขาว อิอิ,positive,wisesight_sentiment,pos,33,master,False,
1300,ดีลเลอร์ Nissan บราซิลได้เห็นภาพ Presentation ยืนยันว่า All NEW Almera จะมีสัดส่วนความปราดเปรียวคล้าย Chevrolet Cruze รุ่นใหม่มาก ดูสปอร์ตแต่ยังคงความกว้างขวางเช่นเคย ส่วน All NEW Sylphy จะมีขนาดกว้างขึ้นแต่เตี้ยลงคล้าย Honda Civic,negative,wisesight_sentiment,neg,231,master,False,
1301,ได้เห็นตัวจริงวิ่งผ่านหน้าสักทีครับกับ Nissan March ใหม่ หล่อมากกกก,positive,wisesight_sentiment,pos,67,master,False,
1302,อยากกิงงงงงง,positive,wisesight_sentiment,pos,12,master,False,
1303,ลดแล้วยังแพงเลยห่า 55555,negative,wisesight_sentiment,neg,24,master,False,
1304,โดน sephora หลอกกกกกกกกกกก แงงงงงงง กูอยากได้ลิปต้มยำกุ้งจริงๆๆๆๆๆ ทำไมหลอกคนอ้วนนนนนน เกลียดดดดดดดด 55555555555555…,negative,wisesight_sentiment,neg,116,master,False,
1305,เห็นรูปพยาธิในหมูของร้านบาบีกอนแล้ว.... พี่ขอลาจรปิ้งย่างกระทะร้อนซักระยะ ขนลุก 👋,negative,wisesight_sentiment,neg,81,master,False,
1306,แม่ตามเซฟไว้แร้วค่ะฮือ คิดถึง เพลงติดหูทุกเพลงแม่รักน้อง,positive,wisesight_sentiment,pos,56,master,False,
1307,อยากไปปปปป,positive,wisesight_sentiment,pos,10,master,False,
1308,โคตรทุเรศอะราคาเท่านี้ ซื้อของดีๆกินเอง ในห้างได้หลายแพ็คเลย เอาไปทำเองดีกว่า,negative,wisesight_sentiment,neg,77,master,False,
1309,ม่ายยยยยยยยยยยยยย,negative,wisesight_sentiment,neg,17,master,False,
1310,ออเจ้เองค่ะ/กินแต่สปาย/ไม่เจ้าชู้เพราะแก่แล้ว/ไม่สูบเพราะเหม็น/ไม่เทีายวกลางคืนเพราะชอบเที่ยวกลางวันน่ะเจ้าค่ะ,positive,wisesight_sentiment,pos,110,master,False,
1311,"ถ้าคนเขามีปัญญา ตรงๆคือ ไม่โง่น่ะครับ เขาก็จะนึกเอะใจสิ "" เอ๊ะ ! ทำไมแท็กซี่ถึงใช้แต่โตโยต้า (วะ) ? "" แท็กซี่มีซักกี่คันล่ะ ? ่ใช่ป่าว ? ทำไม ? ทำไม ? ทำไม ? ... ก็จะรู้คำตอบ... ผมคนนึง ไม่ศรัทธาและไม่คิดจะซื้อฮอนด้าแม้จะมีกะตังค์ก็ตาม ไม่รู้เพราะอะไรสิ ? รู้แต่ว่า ไม่ซื้อ ...",negative,wisesight_sentiment,neg,277,master,False,
1312,ขอบคุณทุกคนที่รอมาด้วยกันนะครับ แล้วก็ขอบคุณทุกแรงกำลังใจที่มอบให้กันตลอดมาไม่ว่าจะรู้จักหรือไม่รู้จักก็ตาม หลังจากนี้มาทำให้เต็มที่ไปด้วยกันนะ เอาให้เต็มที่ไปเลย💛,positive,wisesight_sentiment,pos,163,master,False,
1313,กลับมาอีกครั้งกับ Hoegaarden Combo Set ทั้ง 3 ชุดเข้ากั๊นนน เข้ากัน ^^ #HoeCombo #teamEINSTEIN,positive,wisesight_sentiment,pos,94,master,False,
1314,อยากกินเอ็มเคเจ้าคะ,positive,wisesight_sentiment,pos,19,master,False,
1315,ใส่นาวาร่าราคาเท่าไหร่ครับ สแตนดาดกระด้างมาก,negative,wisesight_sentiment,neg,44,master,False,
1316,"ใช่ค่ะ ฮอนด้า เป็นรถ แบบว่า ดูไม่เบื่อ ดูดี ล้ำสมัย และเกาะถนนเยี่ยมเหมือนปาเจโร่ เพราะทีใช้แต่มิตซูปาเจโร่มาตลอดค่ะ และ รถฮอนด้า ทุกแบบ และเอสยูวี พอ วันแรกที HRV เปิดตัว ก็โทรซื้อที่ กรุงเทพเลยค่ะ ไม่ได้ไปดูตัวจริงเลย ไม่ได้ทดลองอะไร เลยโทรซื้อกรุงเทพเลยค่ะ โอนมัดจำ 10000 ค่าขาวมุข และตกลงดาวน์ 500,000 บาท เขานัดรับรถทัน ไม่นาน ก็ไปขับมาเลยค่ะ ขับสนุก ไม่ร่อน เกาะถนน เข้าโค้งเยี่ยมค่ะ ตัวอื่นไม่รุ้นะ แต่เราชื้อท๊อปสุด cx3 .ไม่ชอบค่ะ บอดี Honda ดูดีกว่า",positive,wisesight_sentiment,pos,458,master,False,
1317,"อยากสวยเหมือน ""เก้า สุภัสสรา"" (สไปรท์ ฮอร์โมนส์ วัยว้าวุ่น) ช่วงนั้นหนังกำลังดัง ทุกคนต่างแย่งชิงเป็นสไปรท์กันหมดเรยค่ะแถมประกบคู่ กับ สุดหล่อ ล้ำบึก ต่อ ธนภพ กรี๊ดหนักมากกกกก ค่ะ !! เพราะนางสวย หน้าคม หวานผสมเปรี้ยวนี่เอง จะลุคใหน สไตล์ใหนก็ดูดี เริศ สแมนแตนมากค่ะ ได้สักครึ่งของนางจะดีมาก แค่ถ้าได้มาส์กCho เป็นของรางวัลจะดีใจมากๆๆค้า ร่วมลุ้นด้วยคนน้า #มาส์กโชสวยข้ามคืน #cho_cosmetics #daradaily #ดาราเดลี่",positive,wisesight_sentiment,pos,410,master,False,
1318,สนับสนุนอีก 1 เสียงครับ อยากให้มันถูกกฏหมายซักทีเถอะ,negative,wisesight_sentiment,neg,52,master,False,
1319,รีวิว มาสคาร่า เมลินดา รุ่นแมกซี่ เคิร์ล นางกันน้ำได้จริง ให้คะแนน7/10 หักตรงที่ตัวเนื้อมันมากองอยุ่ที่แปรงปัดเยอะ…,negative,wisesight_sentiment,neg,115,master,False,
1320,งงบาบีกอนรีฟิล ยังมีไม่ครบทุกสาขาหรอ มากินละยังไม่มี 😒😒😒😒😒,negative,wisesight_sentiment,neg,58,master,False,
1321,แหนมเนือง แสงโสม เอสเพรสโซ่ ไข่ผึ้ง ไหม,positive,wisesight_sentiment,pos,39,master,False,
1322,หัวร้อนกับร้านอินนิสฟรีที่เกามาก,negative,wisesight_sentiment,neg,32,master,False,
1323,พูดถึงลิปก็เศร้า ล่าสุด peripera airy ink เบอร์5น้องหมดอายุแล้ว ;_; กลิ่นเพี้ยนไปเลย ตอนนี้ไม่รู้จะทำยังไงดี จะทิ้ง…,negative,wisesight_sentiment,neg,116,master,False,
1324,จะไม่กินบาบิก้อน กลัวอ่ะ,negative,wisesight_sentiment,neg,24,master,False,
1325,เราแพ้ผ้าอนามัยแบบเย็นอะ ใส่แค่ 10 กว่านาทีก็แสบแล้ว มันไม่รู้สึกเย็นอะ มันแสบและคันมาก ใส่ครั้งเดียวพอเลย 😢😢😢,negative,wisesight_sentiment,neg,110,master,False,
1326,ไปกินเอ็มเคกันมั้ยมีชาชีสนุ้งอยากกิน,positive,wisesight_sentiment,pos,36,master,False,
1327,อุ้ย!! หนาวจริง ป๋องดำ,positive,wisesight_sentiment,pos,22,master,False,
1328,เชียงราย มีแต่หมู ของน้อยมาก,negative,wisesight_sentiment,neg,28,master,False,
1329,ขับอัลติส1.8/141ม้า บางทีเจอกะบะกะพริบไฟใร่ตามหลัง หรือบางทีกะบะแข่งกันมาพอเราทำให้ดูมั่งไม่เห็นใครตามมาเลย พอไปเจอเราที่ปั้มมีแอบมองด้วย,negative,wisesight_sentiment,neg,137,master,False,
1330,พี่กินแต่คริสตัลเลย ไม่ชอบสิงห์ เหมือนกินน้ำมะพร้าว,negative,wisesight_sentiment,neg,51,master,False,
1331,5555 วันนี้เลยดีมะ😂😂,positive,wisesight_sentiment,pos,20,master,False,
1332,มาthemeเดียวกันแร้วว้อยยย สวย เริศ,positive,wisesight_sentiment,pos,34,master,False,
1333,ศ นี้เลยนะ,positive,wisesight_sentiment,pos,10,master,False,
1334,เลี้ยงนะ555,positive,wisesight_sentiment,pos,11,master,False,
1335,อยากได้ค่ะรุ่นนี้ฮอนด้าซีวิคแฮทช์แบ็ก สวยงามชอบมากค่ะ,positive,wisesight_sentiment,pos,53,master,False,
1336,อยากสุพรรณมีเตาย่างบ้างจัง,positive,wisesight_sentiment,pos,26,master,False,
1337,พรุ่งนี้เลี้ยงหน่อย,positive,wisesight_sentiment,pos,19,master,False,
1338,เคร เจอกันน,positive,wisesight_sentiment,pos,11,master,False,
1339,วีออส อัลติส แคมรี่ หน้าเหมือนกัน รูปทรงก้อเหมือน ดูแล้วไม่รู้สึกอยากได้เลย ยิ่งภายในก้อนะ ออกแบบรถเหมือนคนขี้เกียจคิด ทำแค่ S M L จบ สรุปเจ๊ง!!,negative,wisesight_sentiment,neg,144,master,False,
1340,บอกตรงๆว่าไม่ถูกกับหงษ์ทอง,negative,wisesight_sentiment,neg,26,master,False,
1341,ทำไมโรบินสัน แอร์พอร์ต เชียงใหม่ถึงไม่เข้าร่วม,negative,wisesight_sentiment,neg,46,master,False,
1342,จัดไหมมมมมม,positive,wisesight_sentiment,pos,11,master,False,
1343,อยากได้เพราะช่วงนี้กำลังมีปัญหาเรื่องรอยสิว ผิวขาดความชุ่มชื้น อยู่พอดีเลยค่ะ ปกติใช้อะโลเวร่าเป็นประจำอยู่แล้ว แต่สนใจสูตรใหม่ตัวนี้ของ Malissa Kiss มากๆ เพราะมีส่วนผสมของแพลงก์ตอน อ่อนโยนต่อผิวด้วย น่าจะตอบโจทย์สุดๆเลยค่า 💙,positive,wisesight_sentiment,pos,225,master,False,
1344,เป็นเมนทีนี่เสียเวลาชิบหาย ไร้ประโยชน์ ปวดท้อง เปลืองเงินซื้อผ้าอนามัย เปลืองเกงใน หงุดหงิดอีก ข่ดแมง,negative,wisesight_sentiment,neg,101,master,False,
1345,เราหมดความอดทนกับเธอแล้ว ลาก่อน ล่มดีล่มเก่งงง #AIS,negative,wisesight_sentiment,neg,51,master,False,
1346,หาซื้อผ้าอนามัยลอรีเอะ ซูเปอร์ เจนเทิล พลัส ได้ที่ 7-Eleven ทุกสาขาได้เลยนะคะ :) http://www.lauriermybrand.com/2013/l-product/super_gen.html,positive,wisesight_sentiment,pos,140,master,False,
1347,งื๊ออออออ มันลดราคาน้าา,positive,wisesight_sentiment,pos,23,master,False,
1348,แบบวอดก้าชอตก็ไม่อร่อย เบลนผสมก็ไม่อร่อย เบียธรรมดาก็ไม่อร่อย แดกยากเนอะ,negative,wisesight_sentiment,neg,72,master,False,
1349,อยากกินอีกกกกก ยังไม่ซะใจ,positive,wisesight_sentiment,pos,25,master,False,
1350,ชอบเพราะรูปทรงทุกรุ่นไม่เคยตกเทรน จะมีความเป็นเอกลักษณ์ ของHONDA ครับ,positive,wisesight_sentiment,pos,69,master,False,
1351,ฆวยแค่บุหรี่ไฟฟ้าหนักขนาดนี้รึ,negative,wisesight_sentiment,neg,30,master,False,
1352,โมเดสไม่ดี ห่อตัว แบบเย็นไม่ชอบ ใส่แล้วห.ชา,negative,wisesight_sentiment,neg,43,master,False,
1353,ไม่เคยกินบาบิก้อนเลย ปิ้งย่างมากสุดก็ย่างเนยค่ะ เป็นคนขี้เกียจ 55555,negative,wisesight_sentiment,neg,68,master,False,
1354,เตาอบรับประกันยังไงคะ ขนาดเตาอบเท่าไหร่คะ,positive,wisesight_sentiment,pos,41,master,False,
1355,ขอหั้ยผ่านคับ,positive,wisesight_sentiment,pos,13,master,False,
1356,บริการมึงห่วยมาก เปลี่ยนแพ็คเก็จผมโดยไม่ได้แจ้งเจ้าของและยังม่เรียกเก็บอีก 400 กว่าบาท ใครจะใช้ทรูคิดให้เยอะๆไ,negative,wisesight_sentiment,neg,110,master,False,
1357,นิสสันโน๊ต รถประหยัดน้ำมัน ราคาเบา ดีไซร์เลิศ ขับขี่ดีมากๆ ใครๆก้อชอบ มีหลายสีให้เลือกด้วยครับ,positive,wisesight_sentiment,pos,94,master,False,
1358,ไปปปปปปปปปปป,positive,wisesight_sentiment,pos,12,master,False,
1359,โมเม้นสุดน่ารัก ของครอบครัว คุณเนย โชติกา และสามี คุณอาร์ม จันทร์สิริ มาเปิดเผยความรู้สึกครั้งแรกผ่านกองทัพสื่อมวลชน ถึงลูกชายคนแรก น้อง อคิณ ที่คลอดเมื่อช่วงสายของวันที่ 9 พฤศจิกายนที่ผ่านมา ทางสมิติเวชคลับ ขอแสดงความยินดีด้วยนะคะ #SamitivejHospital #โรงพยาบาลสมิติเวช,positive,wisesight_sentiment,pos,269,master,False,
1360,ยังแดกช้างต่อไปหมอก็รวยไปเรื่อยๆสัมปทานแมีงก็ผูกขาด,negative,wisesight_sentiment,neg,51,master,False,
1361,กะลังล้มให้อีทูดี้กะอินนิสฟรีจันนี้,positive,wisesight_sentiment,pos,35,master,False,
1362,ผมกินแสงโสม,positive,wisesight_sentiment,pos,11,master,False,
1363,ถ้าเป็นNetflix ทำเอง จะไม่ว่าเลย นี่สำนักข่าว ของแบบนี้เล่นได้เหรอ?,negative,wisesight_sentiment,neg,67,master,False,
1364,smirnoff นี่แม่งกระทิงแดงสัสๆๆๆ,negative,wisesight_sentiment,neg,31,master,False,
1365,ขอน๊ะค๊ะอยากไป อยากดื่ม blend 285,positive,wisesight_sentiment,pos,33,master,False,
1366,แม็คโดนัลด์เป็นของฝรั่งสองพี่น้อง เพราะความเชื่อใจเลยตกเป็นของคนอื่น,negative,wisesight_sentiment,neg,68,master,False,
1367,พรุ่งนี้ เลย เย้ๆๆ ขอบคุณคราฟฟปิ้,positive,wisesight_sentiment,pos,33,master,False,
1368,ตรงสามย่านค่ะ ระบุพิกัดผิด 😂 ลงที่สยามแล้วต่อรถเมล์หรือมอไซค์มาฝั่ง รร.สาธิตจุฬาค่ะ หรือมาใต้ดินขึ้นสถานีหัวลำโพง ก็สะดวกดีค่ะ ร้านมีให้เลือกเยอะเลย 😁😁,positive,wisesight_sentiment,pos,151,master,False,
1369,"2.เราเคยใช้สกินแคร์มาหลายต่อหลายตัวค่ะ ทั้งกานิเย่,นีเวีย,รอรีอัล แต่ก็ไม่ค่อยดีขึ้นเลยเนื่องจากมันถูกกับผิดหน้าเราเลยค่ะ เราเลือกใช้สูตรตามผิวหน้าของเราเลยค่ะ แต่มันเหมือนยิ่งทำให้หน้าเราขับน้ำมันจนมันแล้วสิวบุกค่ะ",negative,wisesight_sentiment,neg,215,master,False,
1370,โซฟีใช้แล้วคัน,negative,wisesight_sentiment,neg,14,master,False,
1371,รุ่นไหนวะ ยังไม่เคยใช้ของเมเบอลีนเลย ทุกทีใช้ wet n wild บ่ายๆหน้าเยิ้ม คิ้วก็หายละ เซง,negative,wisesight_sentiment,neg,87,master,False,
1372,เกิดไม่ทัน ไม่เข้าใจหรอก 55,negative,wisesight_sentiment,neg,27,master,False,
1373,ครัชรีโว่7หมื่นโลทำไมมันฝืดจังครับ,negative,wisesight_sentiment,neg,34,master,False,
1374,วันนี้กินมาไม่เห็นลดเหลือ44บาทเลยค่ะ,negative,wisesight_sentiment,neg,36,master,False,
1375,ได้เลย ที่รัก รองดูไว้ก่อนเลย 💕,positive,wisesight_sentiment,pos,31,master,False,
1376,สละลอยแก้วก็ไม่อร่อย,negative,wisesight_sentiment,neg,20,master,False,
1377,สู้ๆๆครับ ขอเป็นอีกหนึ่งกำลังให้ครับ,positive,wisesight_sentiment,pos,36,master,False,
1378,สาขาโรบินสันฉะเชิงเทราบริการแย่มากๆห่วยแตกทุกคนตักของกินก็มอง ของหมดก็ไม่เติมถามอะไรก็ไม่ตอบหน้างออย่างกะผัวไม่กลับบ้านมา3วันงั้นแหละ,negative,wisesight_sentiment,neg,133,master,False,
1379,พี่พูดแบบนี้ผมนี่คิดมากเลย กะว่าจะถอยmg31.5xให้ลูกขับไปมหาลัยสะหน่อยนี่ก้อติดต่อคุยกับเซลใว้อยู่,positive,wisesight_sentiment,pos,96,master,False,
1380,อยากไปกินข้าวผัด,positive,wisesight_sentiment,pos,16,master,False,
1381,ผมว่ามาสด้าควรจะส่งผู้บริหารไปเรียนพื้นฐานการบริการและจัดการลูกค้ามากกว่านะ,negative,wisesight_sentiment,neg,75,master,False,
1382,แสงโสม+ โซจู เป็นอะไรที่เหี้ยมาก ไม่ควรลอง,negative,wisesight_sentiment,neg,42,master,False,
1383,31.ชอบกินช้างมากกว่าลีโองับ,negative,wisesight_sentiment,neg,27,master,False,
1384,ละจะถามวันไดทำไม,positive,wisesight_sentiment,pos,16,master,False,
1385,ก็คือคืนนี้นอนคอนโดเพราะใกล้สนามบินและปัญหาเดิมตอนนี้คือนอนไม่หลับ เสียงเครื่องบินดัง,negative,wisesight_sentiment,neg,85,master,False,
1386,😩☹️ ทำไมวันนั้นกินแล้วรู้สึกแดกไม่อร่อย หรือคอกูไม่ถึงหรือยังไง,negative,wisesight_sentiment,neg,63,master,False,
1387,แอดมินคับ เบียร์ช้างที่ MK ขวดล่ะ 145 เลยหรอคับ ทำไมชาร์จเยอะจังคับ,negative,wisesight_sentiment,neg,67,master,False,
1388,บัดไวร์เซอร์ ซานมิเกลไลท์ ลีโอ ไอ้สัส แดกให้ตีกันไป #NightLift,negative,wisesight_sentiment,neg,62,master,False,
1389,ธนาคารแข่งการปล่อยก็ซื้อคอนโดจนดีมานกับซับพลายไม่สอดคล้องกัน ราคาก็สูงไปดิ,negative,wisesight_sentiment,neg,74,master,False,
1390,โอ้ย ลงรถไฟฟ้าผิดสถานี,negative,wisesight_sentiment,neg,22,master,False,
1391,นิสสันมีดีที่เทคโนโลยีที่ล้ำหน้า แต่ดันไม่ยอมทำการตลาดให้ตรงจุดเด่นของตัวเอง ก็เลยขายไม่ได้ แถมบริการหลังการขายห่วยอีก อย่างที่เป็นข่าวรถใหม่ป้ายแดงเป็นสนิมถ่ายน้ำมันเครื่องออกมาเป็นโคลนกลับปัดความรับผิดดันโยนให้เจ้าของรถ ก็แย่นะ ใครๆๆก็กลัว,negative,wisesight_sentiment,neg,241,master,False,
1392,คนไทย..เราชอบทารุณกรรมสัตว์...!!...!!จะมีจิตสำนึกกันบางมั่ย...!! รู้ว่าผิดก้อยังจะทำ..ยังจะช้วยกันสนับสนุนอีก...!! ทำไม่วะ..พวกมึงงงง #เอาช้างมาทำเบียร์,negative,wisesight_sentiment,neg,152,master,False,
1393,แค่เคลียร์รถแท็กซี่ วินมอไซต์ รถเม ไรงี้ได้ชีวิตในกทมจะมีความสุขเพิ่มขึ้นล้าน%,negative,wisesight_sentiment,neg,78,master,False,
1394,สาขาเซ็นทรัลพิษณุโลก ร่วมรายการมั้ยคะ,positive,wisesight_sentiment,pos,37,master,False,
1395,เบียร์สิงห์รวยหมื่น แสน ล้าน บาทก็ไม่เห็น เห็นแต่มาสนับสนุนม็อบ นกหวีดที่ไล่คนช่วยคนจน,negative,wisesight_sentiment,neg,86,master,False,
1396,เอารถ Honda มาทำ Taxi ตอนนี้ ไม่คุ้มหรอกครับ เพราะ Maintenent สูง อะหลั่งแพง สู้ รถ Toyota ไม่ได้ อะหลั่ย ถูก ร้านกาแฟยังมีขายเลย ต้องพิจารณานะครับ,negative,wisesight_sentiment,neg,147,master,False,
1397,บรรยากาศแบบนี้ที่ครั้งหนึ่งในชีวิตที่ได้มา TBC ไม่เคยคิดว่าจะได้มาใช้ชีวิตอันเฟี้ยวฟ้าวแบบนี้ ไม่เคยคิดว่าจะได้เจอเพื่อนๆที่เป็นใครไม่รู้ แล้วได้มาทำความรู้จักกัน ซึ่งมันเป็นมิตรภาพจริงๆ ศิลปินมากันเพียบบบ และต้องขอบคุณ BLEND 285 จากใจจริงๆครับที่มอบความสุขให้ใครหลายๆคน ส่วนศิลปินที่มาจะมีใครบ้างไปดูกันน!! #ชีวิตดีเรามีได้ #BLEND285 #TBC2018 #ใช้ชีวิตให้กลมกล่อม,positive,wisesight_sentiment,pos,364,master,False,
1398,สิงห์ไม่ไหวจริง นี่กินแต่ออร่ากับเนสเล่,negative,wisesight_sentiment,neg,39,master,False,
1399,รอกูกลับก่อน อยากกินมากกกกก,positive,wisesight_sentiment,pos,27,master,False,
1400,พ่อเป็นผู้ให้แสงสว่างแห่งปัญญา,positive,wisesight_sentiment,pos,30,master,False,
1401,(ตัวช่วยที่จะให้สาวๆแต่งหน้าสวยมากยิ่งขึ้น) มีรองพื้นสูตรใหม่แล้ว ไพรเมอร์สูตรใหม่ต้องมีเช่นกันค่ะ ไพรเมอร์ที่ทางทาง YSL เค้าเคลมว่า การันตีความแมทท์ยาวนาน พร้อมคุมมันในทันที ทำให้รูขุมขนแลดูเล็กลง ด้วยเนื้อครีมที่บางเบา ช่วยให้ผิวเรียบเนียนขึ้นในทันที,positive,wisesight_sentiment,pos,252,master,False,
1402,ถ้าเทอคือคนที่เคยเฮริ์ต เทอจะรู้จักคำว่า เหล้ายกล้อ🍺 สูตร แบน285+ โซดาอันล็อค +น้ำมะนาว =ชิบหาย กูอ้ะ 3วันยังไม่ฟื้นอ่ะ (เพื่อนเคยชงให้กิน),negative,wisesight_sentiment,neg,139,master,False,
1403,จริงๆมันไม่เยอะนะเว้ย โดนรูปกะทะหมูข้างๆหลอกแล่ว,negative,wisesight_sentiment,neg,48,master,False,
1404,วันนี้กินนมไม่กินสปาย,negative,wisesight_sentiment,neg,21,master,False,
1405,ขอขอบคุณและเป็นกำลังใจให้ครับ,positive,wisesight_sentiment,pos,29,master,False,
1406,ก้อนอย่าเงียบดิ แป๊บซี่ก็จืดยังใส่น้ำแข็งมาอีก ลด80%ยังเคืองเลย,negative,wisesight_sentiment,neg,63,master,False,
1407,ตั้งแต่ข่าวตัวตือในหมูหรือเนื้อที่บาบีก้อน ข้าก็ไม่เคยนึกอยากกินอีกเลย ทั้งที่เมื่อก่อนชอบมาก 😭😭😭😭,negative,wisesight_sentiment,neg,98,master,False,
1408,มี Jack Daniel’s ก็เหมือนมีวันหยุดยาว จริงใช่ไหมครับ?,positive,wisesight_sentiment,pos,53,master,False,
1409,ถามหน่อยครับที่ร่วมลงชื่อต้องกดตรงไหนผมไม่แน่ใจว่าลงยังไม่รุ้ถุกวิธีมั้ย,positive,wisesight_sentiment,pos,72,master,False,
1410,กินเยอะนี่ปวดหัวไหมครับตัวนี้ 285นี่ปวดหัวมาก แนะนำทีคับ,negative,wisesight_sentiment,neg,56,master,False,
1411,ชอบชวนเมียไปดินเนอร์ เดียวเพื่อนก็อิจฉาเราหรอกเต้,positive,wisesight_sentiment,pos,49,master,False,
1412,เพราะอุ้มมันจะจ่ายค่าจ้างกู กูงอนมันเลยจ้างให้หายงอน555555555,positive,wisesight_sentiment,pos,61,master,False,
1413,ฟ้องเลยครับ ให้ขัอมูลอันเป็นเท็จ ว่าแต่ใครจะเป็นคนฟ้องล่ะ,negative,wisesight_sentiment,neg,57,master,False,
1414,ไม่ได้โดนบาบีก้อนนานละ #พูดลอยๆ,positive,wisesight_sentiment,pos,31,master,False,
1415,ไมไม่เชิญ หมอไทยไปเอา กะลาออกด้วยครับ ไอตัวที่บอกว่า vape มันไม่ดี,negative,wisesight_sentiment,neg,66,master,False,
1416,กาก หว่ะ บักลิง,negative,wisesight_sentiment,neg,15,master,False,
1417,อันนี้ไม่โดน แต่ชีสยังไม่ได้ไปกินเลย 555+ 🤣,negative,wisesight_sentiment,neg,43,master,False,
1418,ทำไมทำกะกูแบบนี้อะ,positive,wisesight_sentiment,pos,18,master,False,
1419,แนะนำเลยร้านนี้บรรยากาศ​ชิวๆ​ อาหารอร่อย​มีตั้งแต่ซูซิ​ สเต็ก​ ปิ้งย่าง​ อาหารเริสมากต้องมากโดนจริงๆ​ เบียร์อร่อย​ มากันเยอะๆจ้า​ ร้านชื่อsaltland เด้อหาในเฟสโลด #รีวิวอุดร #รีวิวอีสาน,positive,wisesight_sentiment,pos,184,master,False,
1420,"มาปลุกสัญชาตญาณของสิ่งมีชีวิต ทั้งระบบนิเวศน์ในป่า.........ตี้! กับ ""ปรากฏการณ์จันทร์เต็มดวงใหม่"" ครั้งนี้ ที่ร้านโกดัง9 พะเยา ร่วมค้นหาไปพร้อมกันกับ T Bone วันที่ 22 ธันวาคมนี้ #เสือ #เหยื่อ #กระต่าย #นก #ชะนี #SangSomNorthmoonป่าตี้ #redefinefullmoon #นกไม่นกรู้กัน #จะเสือหรือจะเหยื่อก็ว่ามา #โกดัง9",positive,wisesight_sentiment,pos,302,master,False,
1421,เกี๊ยวหมดแล้วยังไงอ่ะ ก็หมดไปซิ อย่างนั้นเหรอ ง่ายไปไหม???,negative,wisesight_sentiment,neg,58,master,False,
1422,ขอบคุณค่าา พรรคนี้น่าเลือกมากค่ะ 😳,positive,wisesight_sentiment,pos,34,master,False,
1423,แพ้มาส์ก อินนิสฟรีกระปุกสีเหลืองแน่เลยอะ ฮือ ไม่เคยแพ้อะไรเลย ตอนนี้จมูกข้างจมูกเริ่มลอกละอะ หรือมันไม่แพ้ แต่มันเป็นอะไร,negative,wisesight_sentiment,neg,121,master,False,
1424,วาวอร่อยกว่าสปายอีกจิงดิ 😁,negative,wisesight_sentiment,neg,26,master,False,
1425,เราก็ใช้ Mazda 3 ปีนี้เข้าปีที่4 ไม่เคยซ่อมเลย มีแต่เอาไปเช็คปีละครั้ง ซื้อที่ออสเตรเลีย,positive,wisesight_sentiment,pos,88,master,False,
1426,โปรโมชั่นวันเกิดมกราคม61มีโปรอัไรคะเห็นอันเก่าหมดเขต30กย60ชอบโปรเดิม,positive,wisesight_sentiment,pos,68,master,False,
1427,Honda Civic Diesel Turbo ประกาศความเกรียงไกร สามารถให้ความประหยัดมากสุด 29.41 กม./ลิตร ขายในอังกฤษ ที่แรก!!!,positive,wisesight_sentiment,pos,108,master,False,
1428,ลองหลายทีและ ไม่โอเท่าไหร่ ราคาแพงไป ราคานี้ซื้อโฮกาเด้นอร่อยกว่ส,negative,wisesight_sentiment,neg,65,master,False,
1429,เราแพ้ครีม snail whiteอ่ะค่ะ,negative,wisesight_sentiment,neg,28,master,False,
1430,ไปเลี้ยงเก๋าโหน่ยยยยย 😂 เก๋าอยากกินง่าาาา,positive,wisesight_sentiment,pos,41,master,False,
1431,ที่พักราคาถูกใกล้ห้าง,positive,wisesight_sentiment,pos,21,master,False,
1432,แต่อยู่พรรคเทพเทือกคือจบ #lrt,negative,wisesight_sentiment,neg,29,master,False,
1433,ทำไมไม่ทำแยกค่าสมาชิก ตามความต้องการของลูกค้า ทำไมต้องต่อบัตรตามยอดที่ลูกค้าใช้บริการ แล้วเปลี่ยนให้เองโดยไม่บอกกล่าวให้ลูกค้าทราบ ทำให้ไม่อยากไปใช้บริการแล้วค่ะ,negative,wisesight_sentiment,neg,161,master,False,
1434,คนขายคือตอบไวมากกก เหมือนตั้งแจ้งเตือนเป็นระฆังที่บ้าน ถูกมากและดีมาก คุยง่าย ใจดี โอ้ยยดี5555 ไม่ต้องไปหาเพื่อนหารNetflix มาหารที่นี่เลยจ้า #Yesรีวิว #หารnetflix,positive,wisesight_sentiment,pos,162,master,False,
1435,ถูกกว่าใดๆในโลก คุ้มมาก,positive,wisesight_sentiment,pos,23,master,False,
1436,อั๋น ใช้รีโว่ครับ,positive,wisesight_sentiment,pos,17,master,False,
1437,เด่วไปกันชวนเกมส์กับอ๋อมด้วยนะ,positive,wisesight_sentiment,pos,30,master,False,
1438,SpyWineCoolerทานมาตลอดดื่มแล้วสดชื่นรสไม่ขมเหมาะสังสรรค์กับเพื่อนมาก,positive,wisesight_sentiment,pos,68,master,False,
1439,ชอบตัวนี้มากกว่า anessa ละ,negative,wisesight_sentiment,neg,26,master,False,
1440,แบบนี้Toyota Revo2.8ก็ทำได้,positive,wisesight_sentiment,pos,27,master,False,
1441,เห็นรูปเนื้อบาบีก้อนหน้าไทม์ไลน์แล้วกุจะอ้วก,negative,wisesight_sentiment,neg,44,master,False,
1442,กูว่าอยู่น้ำสิงห์ทำไมมันสีแปลก กูสาบานว่าจะไม่แดกอีกเลยจนกว่าจะเป็นสีบริสุทธิ์,negative,wisesight_sentiment,neg,78,master,False,
1443,มันเมา ขวดลีโอเสียบอยู่หน้ารถ เห็นกันไม๊ ? เบียร์วุ้นด้วย 555 ก็ถึงบอกไง หนีตามหน้าที่ 555 ถ้าโดนกระบองตี คริปนี้ไม่มีให้ดูแน่นอน,negative,wisesight_sentiment,neg,129,master,False,
1444,ใช่เลย ไม่ออกมาสู้ เราก็อยู่ใต้ดิน,positive,wisesight_sentiment,pos,34,master,False,
1445,รูปเนื้อจากบาบิก้อนน่าจะในหมูนะไม่น่าจะใช่ในวัว นี้กินซกเล็กบ่อยมากไม่เคยเจอ รึกุแดกแบบไม่มอง,negative,wisesight_sentiment,neg,93,master,False,
1446,พึ่งรู้ ฆ่าหั่นศพ กับบุหรี่ไฟฟ้า จับกุมต่างกันลาวฟ้ากับเหว,negative,wisesight_sentiment,neg,58,master,False,
1447,อ่านและศึกษา timeline /ผู้สมัคร /นโยบาย ก็เลยสรุปได้ว่า - - - - เพื่อไทย เพื่อธรรม เพื่อชาติ ไทยรักษาชาติ ประชาชาติ และอนาคตใหม่ -​----- you're the same gang /คือแก๊งเผาเมืองถูกไม๊คะ #เลือกตั้ง62,negative,wisesight_sentiment,neg,195,master,False,
1448,จริงหนูใลอรีเอะสีขาว คือแบบเลิกใช้เลย ทั้งๆที่ชอบอันนั้นมาก แต่ว่ามันกาวแน่นไปอ่ะบางที แน่น้กินไป แกะไม่ออห,negative,wisesight_sentiment,neg,107,master,False,
1449,มันก็จะน่าทานมากๆ เลยนะคะ ^^,positive,wisesight_sentiment,pos,28,master,False,
1450,อยากลอง La Mer มากๆเลยอ่ะ หมดตัวแว้ววววว,positive,wisesight_sentiment,pos,40,master,False,
1451,กู ยังเห็น มืงดูด อยู่ เลย ตอแหล จริมๆ,negative,wisesight_sentiment,neg,38,master,False,
1452,ม่ะบุฟ ม่ะไป 🤣🤣🤣,negative,wisesight_sentiment,neg,16,master,False,
1453,สายลมแห่งรัก ธรรมมะติดปีก ห่างกันสักพัก คือการหมดรักเนียน จัดเลยไหม,positive,wisesight_sentiment,pos,67,master,False,
1454,เรื่องนี้น่าอ่านมากค้าา ออกแนว #allten เหมือนน้องจะเป็นผี แต่ทุกคนทำเหมือนน้องไม่ใช่ เดาไม่ถูกเลย เนื้อเรื่องน่าติดตามมาก แบบน้องงง ดูหนังผีกะเจโน่ยังไงให้เกือบโดนจุ๊บลูกกก ถ้าเข้าไปอ่านก็ช่วยให้กลจนักเขียนเยอะๆน้า เราอยากให้เขาอัพบ่อยๆ 555 #เตนล์ #ten #kun #Lucas#พีเตนล์ตี้รัก,positive,wisesight_sentiment,pos,278,master,False,
1455,อย่าให้เป็นแบบลูกเบียร์ช้างเสียละ,negative,wisesight_sentiment,neg,33,master,False,
1456,เคยเจอของไม่สด หมูเริ่มเขียว อยุ่1ครั้ง หากมีครั้งต่อไปเราคงหยุดกิน,negative,wisesight_sentiment,neg,67,master,False,
1457,ขนาดไปซื้อสเมอนอฟเซเว่นเขายังไม่ขายกุเลย เพราะกุไปตอนบ่าย 3 เขาขาย 6 โมง กลับบ้านมาเปิดตู้เย็นมีแต่ยาคูลท์ โมโหมาก.,negative,wisesight_sentiment,neg,115,master,False,
1458,อิ่มแล้ว55,positive,wisesight_sentiment,pos,10,master,False,
1459,ข่าวบาบีก้อนทำกูขมคอละนะ,negative,wisesight_sentiment,neg,24,master,False,
1460,ซีนเต้นรำ​ ดวินหล่อจริงๆนะ​ รอยยิ้มและสายตาที่มองเจ้าหญิงมันแบบว่าคืออยากกลืนกินไปเลยอ่ะ​ คือโทษทีนะพี่ไม่เคยใช้คำนี้กับแบร์มาก่อน​ คือมีออร่าความผัวมากกกกก​ สุภาพๆก็สามีอะ😂😂​ คือบุคลิกแบร์พร้อมแต่งพร้อมเป็นเจ้าบ่าวแล้วนะเว้ยเฮ้ย​ #ลิขิตรักTheCrownPrincess #ณเดชน์ญาญ่า,positive,wisesight_sentiment,pos,269,master,False,
1461,บาบีก้อน มึงขึ้นราคาบุฟ กูรู้นะ เริ่ทแพงไปละ,negative,wisesight_sentiment,neg,44,master,False,
1462,ลงทะเบียนและได้รับรหัสมาแล้วค่ะ .... ขอบคุณ MK,positive,wisesight_sentiment,pos,46,master,False,
1463,เรานี่กินจนติดไม่รู้ตัว เบียร์ก็กินสิงห์ น้ำก็กินสิงห์ ตอนนี้อยากกินพรีเซนเตอร์อะ อิอิ,positive,wisesight_sentiment,pos,86,master,False,
1464,โตโยต้าสวยมาตลอดมาจบเห่กับรีโว่นี่และมั่ยสวยแถมแพงมึงไม่คันละสิบล้านไปเลยไอ้สาดหลอกขายคนไทยยุใด้,negative,wisesight_sentiment,neg,96,master,False,
1465,บุหรี่ไฟฟ้าน่าจะดีกว่าจริงๆ,positive,wisesight_sentiment,pos,27,master,False,
1466,รำ สตอรี่อีครีมอะ,negative,wisesight_sentiment,neg,17,master,False,
1467,กฏหมายหัวควย โครตแม้ง,negative,wisesight_sentiment,neg,21,master,False,
1468,555ไปกินถึงที่ คือไปกินของสดและถูก.แต่ถ้าไปแดกเบียร์ช้างขวดละ120ตามราคาเทศบาล.บอกเลย รวยทั้งหัวหิน. ขอแนะนำ ทะเลตรงไหนมันก็เหมือนกัน.ไปเที่ยวทะเลที่จัน บอกเลย อาหารสด ดี ถูก อร่อย..จริงๆ ค่าน้ำมันแพงกว่าค่ากินสองวัน6มื้อ,negative,wisesight_sentiment,neg,220,master,False,
1469,ที่ปิ้งขนมปัง มีความตะมุตะมิ ปิ้งแล้วเปนรูปบาร์บีกอน,positive,wisesight_sentiment,pos,52,master,False,
1470,Hoegaarden+Breezer+Snowy คือพังจริง,negative,wisesight_sentiment,neg,35,master,False,
1471,ต้องไปคูหากาไม่เลือกเหี้ยสัดสักตัวเด๋วพวกแม่งก็อยุ่ม่ดั้ยเอาแม่งทุกพรรคอะเหี้ยๆทั้งนั้น,negative,wisesight_sentiment,neg,87,master,False,
1472,ละอีกอย่างที่น้องจะต้องเจอคือรถเจมส์ (รถไฟฟ้าคล้ายกับม.อื่นๆ) รถผีเนี่ยแหละคนต่อขึ้นเป็นร้อยแต่นั่งได้แค่ 12 คนบันเทิงมากตอนเช้าๆถ้าใครตื่นไม่ทันหรือสายรับรองว่าไม่ได้ขึ้นอะ 😂 #ทีมมฟล,negative,wisesight_sentiment,neg,183,master,False,
1473,แพงค่ะน้ำจิ้มมีอย่างเดียวไม่อิ่มค่ะ..,negative,wisesight_sentiment,neg,37,master,False,
1474,ติดตามมาตั้งแต่อยู่เวปเก่า และซื้อรถคันนี้ คันแรก ก็จากรีวิวในเวปเก่า ออกรถวันที่ 21 กพ 2009 ก่อนเปิดเวปไม่กี่วัน ตามไปค้นอ่านรีวิวในเวปต้องห้ามอีกหลายรุ่น จนมาสร้างเวปเอง สมัครสมาชิกเป็นรุ่นแรกๆ มีโอกาสเจอตัวเป็นๆ ตอนพี่จิมไปเทสรถ ออลนิว ดีแมก รุ่นปี 2012 ที่ปาย ได้พาไปทานข้าว ได้ปรึกษาเรื่องรถอยู่หลายครั้งมาก จนตอนนี้ซื้อรถเพิ่ม เปลี่ยนรถใหม่มา 3-4 คัน ก็อ้างอิงข้อมูงจากในเวปนี้เป็นหลัก ผมประทับใจ และจะขอติดตามเวปตลอดไปครับ,positive,wisesight_sentiment,pos,429,master,False,
1475,ไปกินคลีนๆๆๆ,positive,wisesight_sentiment,pos,12,master,False,
1476,555 แดกเบียร์หรอ วันนั้นว้อดก้านะ absolute,positive,wisesight_sentiment,pos,42,master,False,
1477,ผมว่าถ้าถูกกฎหมายภาษีแพงขนาดใหนผมก็จะชื้อครับถ้าตอดผิดกดอยู่1000บาทต่อเครื่องแต่ถ้าถูกกดปรับเปน5000ผมก็จะชื้อครับ,negative,wisesight_sentiment,neg,113,master,False,
1478,ยังรักก้อนเหมือนเดิม แต่ ก้อน !!! เดี๋ยวนี้หมูอ่ะ โคตรบางเลย อย่างกะเศษหมู ย่างแล้วมันติดกะทะนะ โค้กนี่ก็จืดสนิท ไม่ใส่น้ำแข็งมาในเหยือกได้มั้ย บอกตรง ๆ คุณภาพไม่เหมือนเมื่อก่อนเลย ราคาสูงได้นะ แต่คุณภาพขอสมราคาหน่อยเถอะนะ please !!!,negative,wisesight_sentiment,neg,233,master,False,
1479,ไปกินเถอะะะ,positive,wisesight_sentiment,pos,11,master,False,
1480,อยากกินอะไรก็จิ้มเลยค่าาา 55555555555,positive,wisesight_sentiment,pos,37,master,False,
1481,วันนี้มาทานที่สาขาแจ้งวัฒนะ บริการไม่โอเคเลยค่ะ เริ่มตั้งแต่เดินเข้าร้านไม่มี พนง ต้อนรับเลย เราเลยเดินเข้าไป พนง ผู้ชายคนนึงสบตา เราแจ้งว่ามาสองคนค่ะ เค้าก็มองผ่านเดินไปเลย จนมีอีกคนเข้ามารับ บังเอิญได้ไปนั่งโต๊ะที่ติดกับที่เก็บอะไรสักอย่าง พนง กำลังขัดๆๆๆ กะแล้วว่าเดี๋ยวต้องกระเด็นมา สักพัก พนง มารับออเดอร์ ตอนกำลังสั่ง พนง ข้างหลังก็ทำน้ำกระเด็นมาจริงๆ เราเลยพูดขึ้นมาว่า น้ำกระเด็นค่ะ พนง ที่รับออเดอร์ยิ้มให้ และไม่พูดอะไร!!! งงค่ะ ไม่มีคำขอโทษอะไรเลย กินเสร็จเดินไปจ่ายเงิน จำไม่ได้ว่าบัตรสมาชิกมีกี่คะแนน เลยให้เช็คให้ พนง คิดเงินตอบ 600 ค่ะ เราเลยถามว่ายังแลกไม่ได้ใช่ไหมคะ พนง ก็ตอบนะคะ แต่ตอบว่าจะแลกอะไรคะ ด้วยน้ำเสียงที่ไม่โอเค แล้วก็คืนบัตรให้ แล้วนางก็คิดเงิน เราถามว่า บัตรนี้ไม่ใช้แล้วใช่ไหมคะ ... เงียบ... ไม่ตอบ ไม่เงยหน้ามองอะไรทั้งนั้น วุ่นวายกับการปริ้นการแมคเอกสาร ภาพรวม ไม่พอใจกับการบริการวันนี้เลยค่ะ 😟😟😟,negative,wisesight_sentiment,neg,831,master,False,
1482,อยากกิน ไปมั้ย,positive,wisesight_sentiment,pos,14,master,False,
1483,คนเลวววววววว55555 บ้านคือไร,negative,wisesight_sentiment,neg,27,master,False,
1484,อยากกินนนนนนนนนน,positive,wisesight_sentiment,pos,16,master,False,
1485,มีโปรดีมาก แต่ระงับวอเลท เบื่อ,negative,wisesight_sentiment,neg,30,master,False,
1486,ทัมมัยเพื่อนๆแดกเหล้าแต่นุ้งกิงฟูลมูนอย่างอ่อนกับพี่แบบมองดาวเล่นงี้ อยากเมาหนักๆอีเวร,negative,wisesight_sentiment,neg,86,master,False,
1487,คิดถึงก้อนมากเหมือนกันน,positive,wisesight_sentiment,pos,23,master,False,
1488,อยากไปอยากปล่อยวางมากกก #SangSom #GypsyCarnival2018,positive,wisesight_sentiment,pos,51,master,False,
1489,ก็เลยเดินมาดูลิปแคทวอนดีให้แนตก่อนค่า ละก็มาวัตสัน 😂 เดินไปเดินมาแปป กำลังเซงงงง กี้ดๆ&gt;&lt;,negative,wisesight_sentiment,neg,94,master,False,
1490,ไหวบ่ คนเยอะเด้ต้นเดือนวันหยุด วันหลังดีก่างับ,positive,wisesight_sentiment,pos,46,master,False,
1491,#เอะอะเล่นของ จ้าาาา งานเสริมดวงก็มา ดีต่อใจแถมดีต่อผิวหน้า เพราะแป้งน่าคุมมันจ้าาา #innisfree #NoSebumLuckyMessage,positive,wisesight_sentiment,pos,115,master,False,
1492,วันไหนดี อือิ,positive,wisesight_sentiment,pos,13,master,False,
1493,ไปกินmk กันน่ะ,positive,wisesight_sentiment,pos,14,master,False,
1494,นี้ก็น่าสนใจ~,positive,wisesight_sentiment,pos,13,master,False,
1495,สวยมากคับดีแมก,positive,wisesight_sentiment,pos,14,master,False,
1496,ที่เซ็นปิ่นมี Clarins Skin Spa ด้วยอะ อยากทำมากแต่ราคาแพงแน่นอน,negative,wisesight_sentiment,neg,63,master,False,
1497,นิสสันนาวาราสปอทร์เทคออกรถสันนี้รับดอกเบี้ย0%ฟรีประกันภัยชั้น1แรง แข็งแกร่งใช้แล้วชื่นชอบ,positive,wisesight_sentiment,pos,89,master,False,
1498,นิสสันเปลี่ยนเกียร์ง่ายกว่าโตโยต้ามากเวอร์,negative,wisesight_sentiment,neg,42,master,False,
1499,คือกันแดด cute press อ่ะ ทาไปแล้วกว่าจะหายเทาคือมีชั่วโมงนึงเป็นอย่างน้อยอ่ะ ตื่นตีห้ามาทาดีม้ะ อห.,negative,wisesight_sentiment,neg,99,master,False,
1500,ถ้าไม่ได้เดมาเป็นโซชิหรือโอ้จีจียุนอาคงโดนไทยรัฐทาบทามไปวาดรูปล้อเลียนการเมืองแล้วป่านนี้ มีพรสวรรค์ค่ะพี่ๆ,positive,wisesight_sentiment,pos,107,master,False,
1501,เห็นข่าวไข่พยาธิบาบีก้อนทีไร ขนลุกทุกทีเลยฮือ...,negative,wisesight_sentiment,neg,48,master,False,
1502,พรุ่งนี้เลยมั้ย ว่าง,positive,wisesight_sentiment,pos,20,master,False,
1503,ส่วนที่หายไป คือ B ชอบอะไร ใน NEW HONDA CIVIC RED ชอบรูปทรงและสีแดงดูเท่ห์ดูดีมีระดับ สวยทุกมุมมองจริงๆ <3,positive,wisesight_sentiment,pos,106,master,False,
1504,อ้าวลูกชาย9ขวบ ดันยาว140ซม. จ่ายเต็ม,negative,wisesight_sentiment,neg,36,master,False,
1505,นานๆทีไม่เสียหาย555,negative,wisesight_sentiment,neg,19,master,False,
1506,มันเรียกว่าไรไม่รู้ค่ะซิส แต่สภาพแบบ breezerง่ะ แต่อร่อยกว่า,negative,wisesight_sentiment,neg,60,master,False,
1507,Ysl กับ bobbi brown น่าใช้จัง ดูเนื้อไม่แห้งเกินไป,positive,wisesight_sentiment,pos,50,master,False,
1508,แสงโสมคือเหล้าที่ดีที่สุด กินแสงหวา555,positive,wisesight_sentiment,pos,38,master,False,
1509,จริง ยังเขย่าไม่เสร้จบอกหมด,negative,wisesight_sentiment,neg,27,master,False,
1510,กินบ่อยกว่าข้าวที่บ้านก้อเอ็มเคนิงายยย,positive,wisesight_sentiment,pos,38,master,False,
1511,เราก็เป็นค่ะ แพ้ผ้าอนามัย แก้ไม่หาย พวกผู้ชายเขาไม่สนหรอกค่ะ สนแค่รู,negative,wisesight_sentiment,neg,68,master,False,
1512,โอยยยยยยยยยยจะอ้วกกับทวิตบาบิก้อนตั่งต่าง😭🤢,negative,wisesight_sentiment,neg,43,master,False,
1513,เปิดกะลาออกมาสักทีเหอะ,negative,wisesight_sentiment,neg,22,master,False,
1514,มันปิดแล้วนิมึง,negative,wisesight_sentiment,neg,15,master,False,
1515,รshowdcห้างอะไรก็ไม่รู้ว ห้างนี้จะเจ๊งตอนติ่งหมดโลกมั้ยว้าาาา เหมือนคนที่รู้จักก็เป็นพวกเดียวกันทั้งนั้น ไม่ใช่ติ่งเขาก็ไปเดินสยามแล่ว,negative,wisesight_sentiment,neg,134,master,False,
1516,เช่นกันค่ะ ยังไม่ได้ของเหมือนกัน เสียค่าส่งอีก ☹️☹️☹️☹️,negative,wisesight_sentiment,neg,55,master,False,
1517,ขอให้ Laurier แจกผลิตภัณฑ์อีกคะ ใช้แล้วช๊อบชอบ กลิ่นหอมติดใจ,positive,wisesight_sentiment,pos,60,master,False,
1518,หลังจากไปกินบาร์บีคิวพลาซ่ามาครั้งล่าสุด ทำให้รู้สึกว่า แพง แถมไม่อิ่ม น่าจะเลิกกินไปอีกซักพักใหญ่ๆ,negative,wisesight_sentiment,neg,99,master,False,
1519,น่าจะหยุดบังคับใช้กฎหมายไว้ก่อน,negative,wisesight_sentiment,neg,31,master,False,
1520,มาเลี้ยงๆๆเด่วพาไป555,positive,wisesight_sentiment,pos,21,master,False,
1521,ประทับใจในตัวสินค้าทเวลฟ์พลัสพ็อคเก็ต มอยส์เจอร์ โคโลญ ตรงที่ว่าเป็นนำ้หอมที่มีกลิ่นที่เหมาะกับทุกเพศทุกวัยจริงๆอ่ะ มีหลายกลิ่นด้วยให้เลือกทั้งผู้หญิงใช้ได้ผู้ชายใช้ดีค่า ความติดทนนานนี่ยกให้เลย หอมสดชื่นแน่นอน ใช้แล้วไม่รู้สึกว่าฉุนหรือว่ากลิ่นแรงเกินไป แต่ที่พิเศษกว่านั้นและคุณสมบัติที่แปลกใหม่ที่ยังช่วยบำรุงผิวให้ชุ่มชื่น แถมระงับกลิ่นเหงื่อได้ดีอีกด้วย ตอนนี้ทางทเวลฟ์พลัสเพิ่มปริมาณฟรี25%อีกด้วย ใช้ได้นานเลยฉีดนิดนึงก็หอมติดทนไปทั้งวันเลย และที่สำคัญที่สุดคือราคาไม่แพงด้วย ราคาแค่30บาทเองของดีไม่จำเป็นต้องราคาแพงเสมอไปค่า คุ้มแน่นอน หาซื้อง่ายด้วยและพกพาง่ายตามที่ทเวลฟ์พลัสบอกว่า ”ขนาดพกพา..หอมมั่นใจไปทุกที่” ใช้นำ้หอมที่ดีและราคาถูกด้วยดีมากๆเลยค่า เตรียมเงินไป100นึงเดินเข้าร้านสะดวกซื้อสินค้าจากสินค้าจากทเวลฟ์พลัสได้หลายอย่างเลยค่า ตัวนำ้หอมนี้ฉีดก่อนเข้ามีตโซตัสหอมฟุ้งแน่นอนค่า ขอบคุณสำหรับกิจกรรมดีๆด้วยนะค่า “ถูกและดีต้องใช้ทเวลฟ์พลัส แต่ถ้าอยากไปมีตโซตัสซื้อสินค้าจากทเวลพลัสกันค่า”❤️,positive,wisesight_sentiment,pos,905,master,False,
1522,ซ้อกวางไปกินกานนมุย,positive,wisesight_sentiment,pos,19,master,False,
1523,กลืนน้ำลายเอื้อกๆ,positive,wisesight_sentiment,pos,17,master,False,
1524,ปลาหมึกยัดใส้จ๊ะก้อน,positive,wisesight_sentiment,pos,20,master,False,
1525,"😃 เมื่อ มนุษย์ป้า และ พวกแก่กระโหลกกะลา ในทวิตเตอร์บางคน บอกว่า ... ""ธนาธร ไม่กล้าด่า ทักษิณ"" งั้น มาฟังกันชัดๆ จากปาก สุริยะ จึงรุ่งเรืองกิจ แห่ง #พลังประชารัฐ อาแท้ๆ ของ ธนาธร จึงรุ่งเรืองกิจ แห่ง #อนาคตใหม่ 😉 #เลือกตั้ง62 #ฟ้ารักพ่อ #ฟ้ารักพ่อเพราะนโยบายของพ่อ",positive,wisesight_sentiment,pos,263,master,False,
1526,อยากกินมันลดอ่ะ,positive,wisesight_sentiment,pos,15,master,False,
1527,สงกรานต์แดกทุกปี ซื้อเรด ซื้อแบล๊คไม่ไหว กระเป๋าฉีก 555+,negative,wisesight_sentiment,neg,56,master,False,
1528,ต้องขนาดนั้นเลย ไปเช่าชุดแพงกว่ากินอีกนะ55,negative,wisesight_sentiment,neg,42,master,False,
1529,ได้พอค่า285หงษ์ทองลีโอช้างอ่ะอ้ายต๋อง555,positive,wisesight_sentiment,pos,40,master,False,
1530,Loveก้อนนนนนที่สุดในสามโลกเบยยยยย😘😘😘,positive,wisesight_sentiment,pos,36,master,False,
1531,จะกินก้อนนน,positive,wisesight_sentiment,pos,11,master,False,
1532,แฮปปี้มิลมินเนี่ยนชุดใหม่ 55555 โคโค้ก็ได้ 5555,positive,wisesight_sentiment,pos,47,master,False,
1533,หนูไม่รู้จักชื่อคุณหมอค่ะ พอถามคุณหมอใช้อะไรหน้าใส คุณหมอบอกใช้ ลาแมร์ หนูเลยจะขอลาตายแปปเจ้าค่ะ 555,positive,wisesight_sentiment,pos,100,master,False,
1534,บุหรี่ไฟฟ้านะ ไม่ใช่ไอซ์ ถึงต้องสั่งขัง ยึดรถ,negative,wisesight_sentiment,neg,45,master,False,
1535,เออ เปลืองตังชิบหาย ผ้าอนามัยก็แพงเป็นเม็นแล้วแดกเยอะอีก ผัวก็ไม่ได้แพลนจะมีทำไมต้องมาเป็นด้วยวะ,negative,wisesight_sentiment,neg,96,master,False,
1536,ไปง้าบบบ 💓,positive,wisesight_sentiment,pos,10,master,False,
1537,ขอไอดีไลน์เซลล์ด้วยค่ะ ดอกเบี้ยถูกมากค่ะ เค้าคงได้แค่ 1.84 เพราะที่บ้านไม่มีรถยนต์ฮอนด้า สนใจที่ของได้เยอะมากค่ะ,positive,wisesight_sentiment,pos,112,master,False,
1538,เพื่อนเราก็มีค่ะ นางอยากใช้พวก3ce mac แต่ไม่มีงบก็ไปซื้อของก๊อปตลาดนัด เราก็ได้แต่อึ้ง พูดอะไรไม่ได้55,negative,wisesight_sentiment,neg,102,master,False,
1539,เนื่องจากวันเกิดเซฮุนมายเมน🌈 แจก ลิปHolika Holika RT+ฟอลหรือไม่ฟอลก็ได้ เสือกสีได้เองเลย ประกาศ 19/04/2560…,negative,wisesight_sentiment,neg,107,master,False,
1540,ยังคงชอบตรงที่กาวกระดาษ เเม่งติดเเน่นจริง ควรไปใช้กับผ้าอนามัย กาวพี่ดีจริงๆ,negative,wisesight_sentiment,neg,76,master,False,
1541,แพง โฮกาเด้นแพงกว่าร้านอื่น 50บาท ถือว่าแพงมว๊ากกกกกกกกกก สำหรับเค้า 55555 แต่เมื่อคืนกิน Seeing rose แ…,negative,wisesight_sentiment,neg,104,master,False,
1542,แอร์ติดไกลจากตรงที่นอนไปหน่อย ทำให้ไม่ค่อยเย็นเท่าไร,negative,wisesight_sentiment,neg,52,master,False,
1543,พรุ่งนี้หยุดวันพุธพอดี555,positive,wisesight_sentiment,pos,25,master,False,
1544,กูจะฟ้องร้องคนผลิตผ้าอนามัย ทำขนหมอยกูล้วง🤣🤣,negative,wisesight_sentiment,neg,44,master,False,
1545,ไม่ใช้โจมาโลน เหอะ !!! 555555,negative,wisesight_sentiment,neg,29,master,False,
1546,ตอนนี้พอกินเหล้าละอยากดูด vape ทุกทีเลยว่ะ เพราะเทออะ แม่ง แง,negative,wisesight_sentiment,neg,61,master,False,
1547,คือเหมือนโกรธแค้นกันมาก่อน ขั้นตอนการจับมีเยอะแยะ ตำรวจหญิงก็มี เหนื่อยแน่ ๆ,negative,wisesight_sentiment,neg,76,master,False,
1548,ชอบ Honda Accord สปอร์ตเฟี้ยวเร้าใจ ดูดีมีความหล่อ ภายในกว้างขวาง ขับไปไหนใครก็มอง #Hondanont,positive,wisesight_sentiment,pos,93,master,False,
1549,ใช่รุ่นพี่เราหลายคนหันมาสูบบุหรี่ไฟฟ้าจนเลิกบุหรี่ได้หลายคนเลย,positive,wisesight_sentiment,pos,62,master,False,
1550,ไปกิน MK หรอยม้ายคับ,positive,wisesight_sentiment,pos,20,master,False,
1551,จัดๆๆชุด 3,positive,wisesight_sentiment,pos,10,master,False,
1552,นิสสัน นาวารา รถสวย สมรรถนะสุดยอด ชอบค่ะ,positive,wisesight_sentiment,pos,40,master,False,
1553,ไปๆๆ เชียร์ๆๆ ทุกทีมสู้ๆๆ SHOW DC เสาร์นี้ค่า,positive,wisesight_sentiment,pos,45,master,False,
1554,ชาชีสเอ็มเค!!!!!!แอบแก้วเล็กไปนี๊สยังดูดดื่มไม่สะใจเลยหมดแก้วละ😂😂😂😂😂😂😂😂ตัวชาเข้มดี...ส่วนชีสท็อปข้างบนน้อยมากจิบไปนิดเดียวเองไม่ทันรุรสเท่าไหร่😭😭😭😭😭,negative,wisesight_sentiment,neg,148,master,False,
1555,กูกับแก๊งอีป้ารอบๆ คือโบกจนเขม่นกัน โบกจนเหนื่อยจนล้า จนกลายเป็นเห็นใจกันละด่าแท็กซี่ด้วยกันละอะ เกลียดอีป้าแต่ก็คือไม่ได้ไปทั้งคู่อะ ลบบวกลบเป็นบวกอะ อปป้าคนขับแท็กซี่เหมือนมองไม่เห็นกูอะ กูเป็นผีเหรอ อีกนิดกูจะชวนแก๊งอีป้าทำโปรเจ็กต์เรียกอปป้าละนะ /meกางแผ่นกระดาษเขียนว่าอีควาย,negative,wisesight_sentiment,neg,280,master,False,
1556,แม่งเดอะเฟสช็อปมีทุกที่ ยกเว้นลำปางอีเหี้ย ร้องไห้แน้ว,negative,wisesight_sentiment,neg,54,master,False,
1557,นาวาร่าเห็นญาติใช้บอกว่าเครื่องแรง มาก,positive,wisesight_sentiment,pos,38,master,False,
1558,อยากซื้อไว้ขับเล่นสักคันแต่พอดูรายการค่าบำรุงรักษาแล้ว แพงกว่า Honda jazz ผมอีก,negative,wisesight_sentiment,neg,79,master,False,
1559,Netflix มีแต่เรื่องชวนหดหู่ เราไม่ชอบแนวนี้...,negative,wisesight_sentiment,neg,46,master,False,
1560,กำลังเปลี่ยนรถมาใช้ revo 2.4 ครับแต่กลัวอัตราเร่งไม่ดีส่วนตัวใช้ vigo 3.0 อยู่ครับ,negative,wisesight_sentiment,neg,82,master,False,
1561,ผมว่าต้องเติมคำว่า ด้อย ด้วยครับ ประเทศอื่นเขาพัฒนาเพราะห่วงประชาชนเขา แต่ของเราด้อยพัฒนาเพราะห่วงเงินในกรุเป๋าตัวเอง อ่านแระเหนภาพดีครับ ^^,negative,wisesight_sentiment,neg,140,master,False,
1562,เซ็งงงไม่จัดรายการที่ภูเก็ต,negative,wisesight_sentiment,neg,27,master,False,
1563,เอิ๊ป เอิ๊ปเราลดความอ้วนอยู๊,negative,wisesight_sentiment,neg,28,master,False,
1564,อากาศร้อนๆsofy cooling fresh ดีเว่อร์ น้องเย็น น้องหอม,positive,wisesight_sentiment,pos,54,master,False,
1565,เจ้ๆ เห็นว่าใช้กานิเย่ #กระเป๋าสวยดี 😂😂,positive,wisesight_sentiment,pos,39,master,False,
1566,ของแถมที่อินนิสฟรีก็หมดเก่งจริง,negative,wisesight_sentiment,neg,31,master,False,
1567,โดนหลอกโฆษณา..แบบเบียร์ช้างคนรู้ทั้งประเทศว่าเปลี่ยนขวดสีเขียว...การโฆษณาแฝงที่ทำกัน...ตอนนี้ทุกคนรู้แล้วว่ามีเบียร์สดขาย..,negative,wisesight_sentiment,neg,123,master,False,
1568,น่าสนแคปติวา,positive,wisesight_sentiment,pos,12,master,False,
1569,จัดมั้ยเอง,positive,wisesight_sentiment,pos,10,master,False,
1570,โซฟีสีฟ้ากลิ่นน้ำหอมแรงไป,negative,wisesight_sentiment,neg,25,master,False,
1571,Mazda ออกแบบเลียนแบบ Maserati,negative,wisesight_sentiment,neg,29,master,False,
1572,น่ากินสุด ๆ เลยค่าาา ^^,positive,wisesight_sentiment,pos,23,master,False,
1573,รอก่อนเด้อ,positive,wisesight_sentiment,pos,10,master,False,
1574,ชอบ Honda Civic เพราะมันคล่องตัวและกว้างเหมาะกับการใช้งาน Eveeve Eve แกไปดูกะชั้นนะ #ฮอนด้าที่รัก #EnjoyHondaThailand,positive,wisesight_sentiment,pos,117,master,False,
1575,วันแรกที่ท้องเสียกิน mk วันต่อมาเซเว่น วันนี้ก็เซเว่น,negative,wisesight_sentiment,neg,53,master,False,
1576,เธอบอกว่าเหล้าเบียร์ไม่เตะ🙌 เธอเสือกกะเดะไปจิบสปาย😂 #แคปชั่น #แคปชั่นกวนตีน #แคปชั่นเด็ด #แคปชั่นอ่อย #แคปชั่นโสด #แคปชั่นเสี่ยว,negative,wisesight_sentiment,neg,128,master,False,
1577,ไปวันเสาร์ไปกันนัดอุ๋มแล้ว,positive,wisesight_sentiment,pos,26,master,False,
1578,ลาก่อนบาบิก้อน...,negative,wisesight_sentiment,neg,17,master,False,
1579,สินค้าของก้อน มีการรับประกัน 2 ปี ครับผม ^__^,positive,wisesight_sentiment,pos,45,master,False,
1580,น้ำจิ้มอร่อยให้อภัยค่ะ ไม่เคยเจออะไรแปลกๆเลย ที่สำคัญไม่กินเนื้อวัว แฮะๆ,positive,wisesight_sentiment,pos,72,master,False,
1581,เมื่อก่อนมีซื้อกลับบ้านเลย แต่ทำไมเดี่ยวนี้ไม่หอมๆแบบมะก่อน,negative,wisesight_sentiment,neg,59,master,False,
1582,ทุกท่าน..เวลานี้ เราไม่มีเวลาจะหวาดหวั่นอันไดอีกแล้ว อีกไม่ถึงชั่วโมงข้างหน้า เราจงมาส่งเสียงเชียร์ให้มันกระหึ่มก้องโลกไปเลย.!!หงษ์แดงสู้ๆ.วี๊ดดดดดดบึ้ม..เอ๋าลืมตัวไปนิด อิอิ ..!!น้องๆ ขอหงษ์ทองเพิ่มอีกแบน แฟน หงษ์แดงสั่ง.555ฮิ้ว,negative,wisesight_sentiment,neg,229,master,False,
1583,อยากกินนนนน,positive,wisesight_sentiment,pos,11,master,False,
1584,หนีช้าง มากินลีโอ5555,negative,wisesight_sentiment,neg,21,master,False,
1585,อยากให้เสียภาษีถูกต้องและจำกัดอายุ,positive,wisesight_sentiment,pos,34,master,False,
1586,ไหว้เช้า ไม่ทราบสินค้าจะได้กี่โมงครับ,positive,wisesight_sentiment,pos,37,master,False,
1587,น่ารักมาก ๆ เลยค่ะ ^^,positive,wisesight_sentiment,pos,21,master,False,
1588,อร่อยครับชอบๆๆ,positive,wisesight_sentiment,pos,14,master,False,
1589,ผมทำงานร้านเหล้า แห่งนึงใน จ.สงขลา ทางร้านได้เอาเหล้ายี่ห้อนี้มาขาย เดือนกว่าละ ผลปรากฏว่า ซื้อมาเท่าไหร่ก็เหลือเท่านั้น (สัสฝุ่นนี้เกาะหนาเหี้ยๆ),negative,wisesight_sentiment,neg,146,master,False,
1590,ได้หมดถ้าสดชื่น...555,positive,wisesight_sentiment,pos,21,master,False,
1591,Breezer 250.- ก็มาาาาาา ... 😂😭,negative,wisesight_sentiment,neg,30,master,False,
1592,เบื่อฉิบหายผ้าอนามัยหวงกาวเนี่ย,negative,wisesight_sentiment,neg,31,master,False,
1593,ชูคุณชัชชาติเป็นนายก แต่เสนอชื่อเป็นอันดัยสามนะ มีแต่พรรค #เพื่อไทย แหละที่คิดเรื่องแบบนี้ได้...!! อย่าเรียกว่าตระบัติสัตย์นะ โปรดเรียกว่าต้มตุ๋น,negative,wisesight_sentiment,neg,145,master,False,
1594,X trail หรือ Rogue รถ suv ที่ขายดีที่สุดในโลก แต่ nissan ไทยดูเหมือนไม่อยากจะขาย เปิดตัวก็ช้า การตลาดงงงวยมาก,negative,wisesight_sentiment,neg,109,master,False,
1595,มีปัญหานำเข้ารถโตโยต้าพรีอุสเหลี่ยงภาษี นายกเรื่องนาฬิกาพี่ใหญ่ก็ไปไม่เป็น,negative,wisesight_sentiment,neg,74,master,False,
1596,ตัวเดียวกันนี้ แต่พอเมอร์เซเดสเอาไปออกแบบใหม่ทำไมสวยขึ้นผิดตา ทีมออกแบบนิสสันประเทศไทยควรพิจารณาตัวเองเถอะครับ,negative,wisesight_sentiment,neg,110,master,False,
1597,อยากกิล555,positive,wisesight_sentiment,pos,10,master,False,
1598,น้องมิคไนท์ น้องเชียงชุน น้องลีโอ น้องช้าง น้อง285 น้องแม่วัง น้อง28ดีกรี่ น้องแสงโสม น้องแอลเอ็มเขียว,positive,wisesight_sentiment,pos,102,master,False,
1599,เบื่อเวลาใส่ผ้าอนามัยแล้วคันตูดอะ,negative,wisesight_sentiment,neg,33,master,False,
1600,วันนี้ไม่ว่างคร่ะ,positive,wisesight_sentiment,pos,17,master,False,
1601,โอ้ยยดูเจ้เบนแล้วชอบว่ะ #ใครชอบมาเจ้มาแวะเม๊าส์ตรงนี้ได้นะฮ่าๆ ชอบคำเจ้แม่งฮาแล้วดูไม่ค่อยเสแสร้งดี ตั้งแต่ขึ้น ... อีก้อน มึงรู้จักกูน้อยไปซะล่ะ กระทั่งจบขอบคุณ...ขอบพระคุณบาบิก้อนที่มาเลี้ยงอาหารให้พวกกูฟรี10ชุด โอ้ยยกูขำ😂 มันฮาแบบหมั่นๆดต่ก็ชอบอ่ะ555,positive,wisesight_sentiment,pos,253,master,False,
1602,สอบเสดเย็นแล้วป้า,positive,wisesight_sentiment,pos,17,master,False,
1603,กูชอบคนนั้นมากกว่าอะ คนที่บ้านอยุ่รัตน ชื่อคล้ายๆลูกกวาด มีหนวด ขับมาสด้า 3 กับ D-max น้องชื่อ แม็ก !!,positive,wisesight_sentiment,pos,102,master,False,
1604,ไปพรุ่งนี้ไหม🤔,positive,wisesight_sentiment,pos,14,master,False,
1605,ผู้โดยสารแน่นแต่สายการบินอ่วม ไทยแอร์เอเชียขาดทุน 656 ล้านบาท ไตรมาส 3/61,negative,wisesight_sentiment,neg,73,master,False,
1606,ชอบประโยคในสปาเบียร์มากๆ “มึงรู้ว่ากูรักมึง เลยจะทำอะไรก็ได้หรอ”เป็นประโยคที่เหมือนกับคำคมที่ว่า “คนเรามักจะยอมคนที่ใช่และหลอกใช่คนที่มาชอบ” ความรักเป็นสิ่งที่ไม่ควรล้อเล่นคนรู้สึกมันเจ็บจริงๆ #friendzoneระวังสิ้นสุดทางเพื่อน,negative,wisesight_sentiment,neg,225,master,False,
1607,สยองงงงงงงงงงงงงงงง,negative,wisesight_sentiment,neg,19,master,False,
1608,ไก่ เบื่อเอ็มเค,negative,wisesight_sentiment,neg,15,master,False,
1609,หงุดหงิดที่เขียนคิ้วมิลเล่ ไอสัส ฝืดชิบหาย กลับไปใช้อีทูดี้อย่างเดิม,negative,wisesight_sentiment,neg,68,master,False,
1610,โรงงานยาสูบมันจ่ายมึงเท่าไหร่วะ ?,negative,wisesight_sentiment,neg,33,master,False,
1611,อาทิตย์หน้าไหม ละ,positive,wisesight_sentiment,pos,17,master,False,
1612,หอม wheat พี่ แต่จืด ก็คล้ายเบียร์ยูอะแหละ ขมนิดเดียว นุคาดหวังมาก สิงห์ก็ทำดีแหละ แต่นุเฉยๆนิ แล้วแต่…,negative,wisesight_sentiment,neg,103,master,False,
1613,กูจะเลิกดื่มน้ำสิงห์ 😂😂,negative,wisesight_sentiment,neg,23,master,False,
1614,ห้องน้ำมีกลิ่นเหม็นเน่าตลอด,negative,wisesight_sentiment,neg,27,master,False,
1615,ไม่เสียเพิ่มค่าา ยกเว้นซุปต้มยำถ้าสั่งมันกุ้งเพิ่ม เสียเพิ่ม 40 บาทค่า,negative,wisesight_sentiment,neg,70,master,False,
1616,ได้จิ อิอิ สุดยอดเลย,positive,wisesight_sentiment,pos,20,master,False,
1617,คนโครตเยอะเลย....มาฟังพรรค พลังประชารัฐ ปราศรัย,negative,wisesight_sentiment,neg,47,master,False,
1618,ไม่ทันและ...กุมาฮาจิบังและ,negative,wisesight_sentiment,neg,26,master,False,
1619,ทำไมตัดบัตรทันทีอ่ะนี่อยู่เมกาเรียกอูเบอร์เค้าตัดหลังรับส่งถึงที่นะ,negative,wisesight_sentiment,neg,67,master,False,
1620,ใช่ๆๆ กะทะดำไม่ดีเลย ไม่อร่อยด้วย #บางห้างยังเป็นกะทะทองเหลืองอยู่ต้องยอมที่นั่น,negative,wisesight_sentiment,neg,80,master,False,
1621,คือมะวานจะไปกินที่ซีคอนศรีนครินสรุปปิดจ้าคืออดเซ็งมาก,negative,wisesight_sentiment,neg,53,master,False,
1622,ไม่ๆ พี่จ่ายเต็ม พวกเเกไปหารกัน 4 คน,positive,wisesight_sentiment,pos,36,master,False,
1623,เดือนกพมั้งไปกินสองคนกับพี่สาวพาลูกชายวัยสองขวบไปด้วยเรียกพนักงานยากมากไม่มีใครหันมาแล งงนะจนเราเดินไปเติมน้ำเองอะ พนงบอกจะไปเสริฟที่โต๊ะ เอ่อ สรุปฉันผิดหรา เรียกก็ไม่มีใครสนใจ จะเก็บโต๊ะอย่างเดียวเลย สังเกตลูกค้าลุกแล้วจะรีบมาเก็บโต๊ะ แต่ลูกค้านั่งทานในร้านไม่ค่อยสนใจเลย แปลกนะเข้าใจว่าสั่งที่โต๊ะได้มีจอให้จิ้มแต่บางอย่างเช่นเติมน้ำหรือขอพริกกระเทียมเนี่ย ขอไปเถอะจ้ะ กินจนจะอิ่มแล้วยังไม่ได้เลย เคยลองใจพนง เอาแก้วน้ำเปล่าวางริมโต๊ะดูสิมาเติมมั้ย สรุปพนงทุกคน ย้ำว่าทุกคนนะ เดินผ่านจ้า เป็นแค่สาขานี้นะ สาขาบิ๊กซีบริการโอเค,negative,wisesight_sentiment,neg,527,master,False,
1624,nissan navara รถกระบะ เท่ห์ ทนๆ ที่สุดของรถกระบะแล้ว,positive,wisesight_sentiment,pos,52,master,False,
1625,พาไปกินหน่อย หิวจัง,positive,wisesight_sentiment,pos,19,master,False,
1626,นิสสันนาวาราขับลุยงาน นี้เจ๋งมาก ซื้อมาไม่เคยมีปัญหาต้องซ่อมเหมือนคนอื่น ประทับใจจริงๆ,positive,wisesight_sentiment,pos,86,master,False,
1627,ภัทรพงศ์ จิวัฒนาชวลิตกุล. หรือจะกินฮอตพอทดี?,positive,wisesight_sentiment,pos,44,master,False,
1628,ชวนพี่นัทพี่มายด้วยย😂,positive,wisesight_sentiment,pos,21,master,False,
1629,"ไปกินสัก 27,28. กะได้",positive,wisesight_sentiment,pos,21,master,False,
1630,หูยยยยยยยยยย,positive,wisesight_sentiment,pos,12,master,False,
1631,👏👏👏สิงห์บินกินคู่กับหมูร้านเฮียกัง-เจ้จู อร่อยเริดเลยค่ะ,positive,wisesight_sentiment,pos,56,master,False,
1632,ชอบ Mitsubishi นะ แต่ขับ ฟอร์ด 😜😜,positive,wisesight_sentiment,pos,33,master,False,
1633,ไม่ได้กินเรดดิ,negative,wisesight_sentiment,neg,14,master,False,
1634,วันนี้หยุด จัดไหม,positive,wisesight_sentiment,pos,17,master,False,
1635,21 กุมภาพันธ์ค่ะ วันเกิดอยากกินเบียร์ช้างสักลังนึง เพื่อเพิ่มพลังแกตนเอง #คนตรง5555,positive,wisesight_sentiment,pos,83,master,False,
1636,ค่ารถ100คุ้มไหมนิ555,positive,wisesight_sentiment,pos,20,master,False,
1637,เอาจริง ใจนึงสงสารนะ ออกจากฐานันดร อยู่แบบธรรมดา กลับมาไทย ได้ยศทูลกระหม่อมเพราะเป็นธิดาองค์โตสุด พยายามทำประโยชน์เพื่อสังคม อยากลงช่วยการเมือง เพราะลาออกจากฐานันดรแล้ว แต่สุดท้าย สายเลือดก็บังคับให้อยู่เหนือกฎหมาย เออ ท่านควรทำตัวยังไงวะ งงแทนท่านเหมือนกัน #เลือกตั้งปี62,positive,wisesight_sentiment,pos,272,master,False,
1638,อีดอก ล้อผ้าอนามัย คูลเฟรช 55555 #ชายไม่จริงหญิงแท้,negative,wisesight_sentiment,neg,51,master,False,
1639,เย็ดเข้ เป็ด+เอ็มเค อร่อยมาก ใครมาก็คงอยากกิน,positive,wisesight_sentiment,pos,45,master,False,
1640,อยากกีซ้าย,positive,wisesight_sentiment,pos,10,master,False,
1641,ชอบรูปนี้เพราะมันจะคอยเตือนสติกูว่าอย่าเเดก Red Label อีก!!!!!!,negative,wisesight_sentiment,neg,63,master,False,
1642,ผมเลิกไฟฟ้าละ,positive,wisesight_sentiment,pos,13,master,False,
1643,โฮมโปร ลพบุรี ไมไม่มี 555,negative,wisesight_sentiment,neg,25,master,False,
1644,บาบีก้อนก่อน 55555,positive,wisesight_sentiment,pos,18,master,False,
1645,เดวเผากางเกงแม่งให้หมดเรย,negative,wisesight_sentiment,neg,25,master,False,
1646,เหอะๆ ไงล่ะ 3 กษัตริย์ แสงโสม แบคเลส เบียร์ช้าง เอาสิตีในหัวกูใหญ่เลย 😂😂,negative,wisesight_sentiment,neg,72,master,False,
1647,แค่นิสสันมาร์ช จะไปแข่งไรกะรถพ่อมึง น่าแข่งนักนิ,negative,wisesight_sentiment,neg,48,master,False,
1648,หมดศุกร์นี้ง่ะ 😢😢,positive,wisesight_sentiment,pos,17,master,False,
1649,ห้าม แต่ช่องโห่วเยอะ มากช่วงกอบโกยครับ แถวบ้านก็มี,negative,wisesight_sentiment,neg,50,master,False,
1650,ส้มและแตงโม #ดี๊ย์ดี #สะดวกสุดๆ #anitechxbarbdon,positive,wisesight_sentiment,pos,48,master,False,
1651,ยังหาชุดไม่ได้เลย ออเจ้า,negative,wisesight_sentiment,neg,24,master,False,
1652,FamilyMart มีขายเบียร์สดครับ เฉพาะบางสาขา เช่นสาขาโรงแรมฮอลิเดย์อินน์ ถนนสีลม จะมีเบียร์สดของช้างจำหน่าย แก้วละ 49 บาท ลูกค้าจะได้แก้วพลาสติกมา 1 ใบสำหรับมากดแท็ปเบียร์สดของช้างครับ ป.ล.1 แก้วพลาสติกใบเล็กมากน่าจะประมาณแค่ 250 ml.เท่านั้น ป.ล.2 ลูกค้า(โดยเฉพาะนักท่องเที่ยวต่างชาติ)ก็ไม่ได้นิยมนะครับ ป.ล.3 ลูกค้าจะชอบซื้อแบบขวดมานั่งดื่มมากกว่า ป.ล.4 สาขานี้เป็นสาขาที่อนุญาตและมีเก้าอี้ให้นั่งดื่มเบียร์ได้ครับ,positive,wisesight_sentiment,pos,412,master,False,
1653,รอยดำของkiehl’s dark spot ก้อดีนะคะ,positive,wisesight_sentiment,pos,35,master,False,
1654,สู้ๆครับเป็นอีหนึ่งเสียงครับ,positive,wisesight_sentiment,pos,28,master,False,
1655,บริษัทที่ส่งน้ำให้ #showdc เอาน้ำมาให้ สำหรับแฟนคลับน้องสิงโต ขอบคุณสำหรับน้ำใจนะคะ ที่นั่นน้ำแพง.555 😁…,negative,wisesight_sentiment,neg,104,master,False,
1656,มันเกินไปป่ะ แค่บุหรี่ไฟฟ้า,negative,wisesight_sentiment,neg,27,master,False,
1657,เป็นการกินhotpotที่ทรมานมาก ปวดท้องเมนส์ ปวดจนกินไม่ได้ ปวดๆหายๆบ้าๆบอๆ ไม่อยากกินยาแล้วไม่ได้เอายาไปด้วย เลยตัดสินใจไปซื้อแผ่นประคบร้อนแทน แบบมันดีมากอยากมีไว้ซัก10แผ่น 😂,negative,wisesight_sentiment,neg,171,master,False,
1658,ไม่กินช้าง ช้างไม่อร่ย..,negative,wisesight_sentiment,neg,24,master,False,
1659,พี่!! กาวผอนม. (ผ้าอนามัย *ย่อไม?) มันติดได้ทุกอย่าง!! รถถัง เครื่องบิน ปรมนู . . . (บ้าหรอ) มันติดหมดอ่ะพี่ ยกเว้นกางเกงใน... (ในคือเรื่องจริง...) (เศร้า ทีที),negative,wisesight_sentiment,neg,160,master,False,
1660,ไม่ทันแหละวันนี้,positive,wisesight_sentiment,pos,16,master,False,
1661,วันไหนว่ามา,positive,wisesight_sentiment,pos,11,master,False,
1662,จงเริญๆครับเบียร์ช้าง กลับบ้านไปผมก็อบอ่นกับผ้าห่มช้างนี่แหละครับ,positive,wisesight_sentiment,pos,65,master,False,
1663,อร่อยมากค่ะ,positive,wisesight_sentiment,pos,11,master,False,
1664,ขอบคุณนะครับ,positive,wisesight_sentiment,pos,12,master,False,
1665,ใช้รถนิสสันยุค่ะชื้อมานานแล้วไม่เคยมีปัญหารถเขาดีจริงค่ะ,positive,wisesight_sentiment,pos,56,master,False,
1666,อุ้ยยย เราไม่รู้จักกันคะ,positive,wisesight_sentiment,pos,24,master,False,
1667,ถ้าเป็นนิสสันนี้ด่ากันทั้งไทยแน่นอน,negative,wisesight_sentiment,neg,35,master,False,
1668,วันนี้เราเข้าไปทานHotpot สาขาเซ็นทรัลพิษณุโลก ในราคา379 แต่สาขาไม่เสริ์ฟสันคอหมูสไลด์ตั้งแต่เริ่มเข้าจนออกเลยค่ะ เราเข้าตอน5โมง ลูกค้ายังไม่เยอะเลย จนออกมาประมาณทุ่มครึ่ง เราก็ไม่เห็นว่ามีสันคอสไลด์มาลงนะคะ เราแจ้งพนักงานแล้ว พนักงานแจ้งว่ารอสักครู่แต่ก็ไม่มีมาเสิร์ฟเลย ไม่เข้าใจค่ะว่าทำไมพนง.ไม่เอามาลง เข้าไปเพราะอยากลองซุป4หม้อและอยากทานกับสันคอสไลด์ คือสาขานี้ก็ไม่ได้ร่วมโปร299 อะไร จ่ายเต็ม 379 สิ่งที่อยากทานก็ไม่มีเอาลง ลูกค้าเสียความรู้สึกค่ะ ฝากแจ้งผจก.สาขาเซ็นทรัลพิษณุโลกหน่อยนะคะ เราไม่แน่ใจว่ามาcomment ถูกต้องไหม ตอนแรกจะเขียนใบcommentตรงแคชเชียร์แต่หาไม่เจอ แต่เราอยากแจ้งเพื่อคงคุณภาพของร้านค่ะ ถ้าผิดพลาดยังไงก็ขออภัยนะคะ ขอบคุณมากค่ะ,negative,wisesight_sentiment,neg,653,master,False,
1669,มาปุณณวิถีด้วย bts ก็คือใช้เวลาเท่าขับรถมาจากบ้านอ่ะ เยอะกว่านิดนึงด้วย บ้าบอ 555555555555 มันอ้อมอ้ะ ขับรถมาก็ตัดออกเอกมัยแป๊บเดียว ขึ้นทางด่วนก็ครึ่งชม.,negative,wisesight_sentiment,neg,154,master,False,
1670,Mazda นึกยังไงถึงไปฟ้องคดีลูกค้าของตัวเองที่ร้องเรียนเรื่องปัญหารถ CX-5 หรือว่ากำลังจะเลิกค้าขายในประเทศไทยแล้ว ถึงทำอย่างนี้กับผู้บริโภค,negative,wisesight_sentiment,neg,137,master,False,
1671,ไอ้ใครพิมพ์สมน้ำหน้าตะกี้นะ,negative,wisesight_sentiment,neg,27,master,False,
1672,ไข่มุกน่าจะเหมาะกับ Celerio,positive,wisesight_sentiment,pos,27,master,False,
1673,ไม่อยู่ในพื้นที่ให้บริการ ใกล้บริษัททรูแค่ไม่กี่กิโล หลังม.จันทรเกษม เคเบิ้ลที่ใช้อยู่แม่งก็หลุดรัวๆ วันหยุดทั้งทีแทนที่จะได้นั่งเล่นเน็ต ชิวๆ กลับต้องมาหัวเสีย ถ้า AIS แม่งมาแถวบ้านกุเปลี่ยนแม่งจริงๆ,negative,wisesight_sentiment,neg,200,master,False,
1674,ขอบคุณคับ😍,positive,wisesight_sentiment,pos,10,master,False,
1675,ขับสบายจิง แต่นั่งสบายสุด แคมรี่ตัวเก่า เบาะฟินมาก,positive,wisesight_sentiment,pos,50,master,False,
1676,บาบีก้อนนนน -0-,positive,wisesight_sentiment,pos,15,master,False,
1677,รอหน่อยนะมาสด้า 2ขอเก็บตังค์แป๊ป😁😁😁,positive,wisesight_sentiment,pos,35,master,False,
1678,ปีนี้มีบูทแสงโสมป่าวพี่วัว,positive,wisesight_sentiment,pos,26,master,False,
1679,ขอขอบคุณสำหรับการสนับสนุนออริจินส์นะคะ สูตรใหม่มีส่วนผสมจากเห็ด Chaga หมัก ซึ่งผ่านกระบวนการหมักบ่มเพื่อให้ได้อาหารผิวที่ดีที่สุด พบว่าช่วยให้ผิวแข็งแรงขึ้นใน 28 วัน: •,positive,wisesight_sentiment,pos,168,master,False,
1680,"มาลองร้านชานมไข่มุกเจ้าใหม่ในสยาม TEA65 | จุดเด่นร้านนี้คือ ""ชา"" ร้านนี้จะใช้ชาสกัดจากเครื่องทำโดยเฉพาะ จึงได้รสสัมผัส+กลิ่นชาที่โดดเด่นกว่าร้านอื่นแบบรู้สึกได้ (ความ Handcrafted นี่มันดีจริงๆ) เมนูแนะนำ: Best of Both Worlds 80 บาท --- สยามวัน ชั้น 1 ติดกับ cheevit cheeva",positive,wisesight_sentiment,pos,272,master,False,
1681,อีเว่น คอมเพล็กชั่น (หลอดสีขาว) : เนื้อครีมสีเนื้อ ช่วยปรับสีผิวให้ดูสม่ำเสมอ แถมเป็นเมคอัพเบสโชว์ผิวสวย หน้าไม่ลอยนะคะ,positive,wisesight_sentiment,pos,119,master,False,
1682,ปัญญาอ่อน. นี่แค่มึงขับยาริสนะเนี่ยะ,negative,wisesight_sentiment,neg,36,master,False,
1683,ฟังไปสูบบุหรี่ไฟฟ้าไปคือดี ทำให้ถูกกฏหมายให้ได้ดันๆๆๆๆ,positive,wisesight_sentiment,pos,54,master,False,
1684,ชุมพรไงจ๊ะ. พอนสึ ชุม(เยอะแยะมากมาย) เลยเป็นชุมพร,positive,wisesight_sentiment,pos,49,master,False,
1685,ตูดแอคคอดใหม่ผมรับบ่อได้,negative,wisesight_sentiment,neg,24,master,False,
1686,ผมว่าสวยกว่าแคมรี่ ยิ่งชิ้นกระจังหน้านี่แคมรี่ไม่สวยเลย เหมือนเอากางเกงในไปแปะเอาไว้ ที่ขายได้น้อยเพราะเรื่องการขับขี่มากกว่า TNGAใหม่นี่ได้ยินว่าไม่ธรรมดา,negative,wisesight_sentiment,neg,155,master,False,
1687,โอยงาน Cat มีสปอนเป็นสิงห์หรอนุ้งไม่ชอบเบียร์สิงห์เลย ;-;,negative,wisesight_sentiment,neg,57,master,False,
1688,ซีวิค มีส่วนลดเท่าไหร่ครับ,positive,wisesight_sentiment,pos,26,master,False,
1689,พาไปหน่อยจิ,positive,wisesight_sentiment,pos,11,master,False,
1690,เลี้ยงด้วย 😂😂😂,positive,wisesight_sentiment,pos,14,master,False,
1691,แสงโสมเล่นกูแล้ว,negative,wisesight_sentiment,neg,16,master,False,
1692,ไฮเนเก้นท์ดีก่า รสมันนุ่ม รัฐขึ้นภาษีสุรา ไหนๆก็ไหนๆแล้ว เลิกเหลัา-บุหรี่ไทย หันไปกินเหล้านอก สูบบุหรี่นอก ไปเลย แพงชั่งมัน เลิกของไทยไปเลย ขึ้นภาษีดีนัก เอาให้เข็ดเลย,negative,wisesight_sentiment,neg,167,master,False,
1693,บอกเลยว่า Nissan Navara ตัวนี้น่าใช้มากครับ,positive,wisesight_sentiment,pos,43,master,False,
1694,ปะเทศไทยมันโงพวกโง่เลือกมา,negative,wisesight_sentiment,neg,26,master,False,
1695,เลิกม้วนได้เพราะไฟฟ้าเลย,positive,wisesight_sentiment,pos,24,master,False,
1696,บรัชออน Mille Pony เบอร์6 เบอร์แบบโอยยดีงามสีสวยแน่นมากติดทนมาก -150 พองับ,negative,wisesight_sentiment,neg,74,master,False,
1697,แบบนี้มันไม่ถือว่าโกงหรอคะ “ ถ้าอยากให้มีบัตรประชารัฐ ให้เลือกพรรคพลังประชารัฐนะคะ” พูดออกมาได้เฮงซวย!! คนเฒ่าคนแก่เค้าต้องกาแล้วปะ #เลื่อนแม่มึงสิ #เลือกตั้ง,negative,wisesight_sentiment,neg,158,master,False,
1698,เราติดตามแขมาตั้งแต่เดบิวต์แรกๆเลย ชอบทุกเพลงทุกอัลบัม แต่ที่เพลงที่ชอบเป็นพิเศษและอยากไปโยกตัวเต้นกับ Singha Music มากที่สุดคือเพลง lost ในอัลบั้ม one of the boys ซึ่งเป็นเพลงที่นางแต่งขึ้นจากเรื่องจริงของนางเองในช่วงที่เข้าวงการแรกๆนางถูกให้สร้างภาพลักษณ์คล้ายป็อปสตาร์ในยุคนั้นเพื่อการตลาด จึงทำให้นางรู้สึกไม่เป็นตัวของตัวเองเหมือนหลงทางและสูญเสียความเป็นตัวเองไป เราชอบฟังเพลงนี้เวลาที่รู้สึกท้อเพราะมันทำให้รู้สึกว่ายังมีคนที่เจอเรื่องแย่ๆมาหนักกว่าเราและสุดท้ายเค้าก็สามารถผ่านมันมาได้อย่างสวยงามและประสบความสำเร็จนั่นก็คือ Katy Perry ถึงแม้ว่าจะเป็นเพลงช้าแต่ก็โยกได้เพราะความ katycats ในตัวสูง 😂 แกไปปลดปล่อยความเป็น katycats กัน #Singhamusic,positive,wisesight_sentiment,pos,651,master,False,
1699,ของไม่เยอะเลย,negative,wisesight_sentiment,neg,13,master,False,
1700,วิธีกด See First 1.เข้าหน้าแฟนเพจ MK RESTAURANT แล้วกดตรงปุ่ม Following/ติดตาม 2.กดปุ่มขวา See First/เห็นเป็นอันดับแรก ขอบคุณค่ะ,positive,wisesight_sentiment,pos,128,master,False,
1701,เดวขอไปจัดบาบีก้อนกับพี่ใจก่อนน,positive,wisesight_sentiment,pos,31,master,False,
1702,คูมหมวกใบนี้ตอนเป็นเพื่อนซี้น้องเตนล์สมัยเด็กแน่ๆ ใบโปรดแบบที่วันไหนไม่ได้ใส่ต้องงอแงแน่เลย,positive,wisesight_sentiment,pos,91,master,False,
1703,ณ้องจะเอา MG สีดำแล้วค่ะ สั่งมาจากชุมพร รำคาญอีดอก สีน้ำเงินไม่มีโชว์รูมไหนในประเทศไทยมีรถเลย มะกันตรวจสอบรถยนต์ “ฮุนได-เกีย” หลังพบถุงลมนิรภัยไม่ทำงาน เป็นเหตุให้มีผู้เสียชีวิต #มติชนต่างประเทศ,negative,wisesight_sentiment,neg,194,master,False,
1704,สาขาไอทีสแควร์หลักสี่ ไปตอน6โมงเย็น ผักไม่มีมาเติม หมดลูกค้ารอจนงง บริการไม่ทั่วถึงทั้งๆ ลูกค้าค่อนข้างน้อย เบค่อน หมูสไลด์ ออกช้าหรือของหมดก็งง ไม่เติมเรื่อยๆ,negative,wisesight_sentiment,neg,159,master,False,
1705,ดีจุงงงกล้ายอมรับและปรับปรุง,positive,wisesight_sentiment,pos,28,master,False,
1706,แหม อยากกินบาบีกอนขึ้นมาเลย พาไปกินหน่อย 🤔,positive,wisesight_sentiment,pos,42,master,False,
1707,วันก่อนน้องมายืมคลีนซิ่งของนี่ไปใช้ การ์นิเย่สีฟ้า สรุปแม่งแพ้แน่นอน แสบหน้ามากแล้วผื่นขึ้นเต็ม.. กุไม่เกี่ยวนะ กุใช้มาสามขวดแร้ว!,negative,wisesight_sentiment,neg,130,master,False,
1708,ทีบุหรี่ไฟฟ้านิลากเอาลากเอา,negative,wisesight_sentiment,neg,27,master,False,
1709,ข้าว 19 บ. คุณภาพแย่กว่าข้าวข้างทางอีกค่ะ แพงไม่ว่า แต่คุณภาพควรจะได้ด้วยมั้ยคะ แถมกระทะดำย่างแล้วติดตลอด หมดอารมณ์ทาน,negative,wisesight_sentiment,neg,118,master,False,
1710,ยูเบียร์สดแย่กว่าที่คิด,negative,wisesight_sentiment,neg,23,master,False,
1711,ทำไมสั่งออนไลน์ไม่ได้ครับ รอมาเกือบเดือนแล้วยังไม่เห็นแก้ไข,negative,wisesight_sentiment,neg,59,master,False,
1712,ไม่เจียมไงเสือกแดกลีโอ,negative,wisesight_sentiment,neg,22,master,False,
1713,ใช่เลย....รอกระบะสี่ประตูที่ช่วงล่างแบบนี้ คงเกาะกว่า นิ่งกว่า ไม่ยวบแบบใช้แหนบ น่าจะให้ความรู้สึกแบบ SUV....เครื่องแรงเกียร์สิบสปีด คงวิ่งแบบเนียนๆเรียบๆ แต่เร็ว เร่งแซงมั่นใจ มี paddle shift ให้เล่นยิ่งใช่เลย เคยใช้ Dmax 3000 turbo ขับแล้วเหนื่อยครับ....สงสัยอย่างเดียว พวงมาลัยหนักแค่ไหน กับล้อที่ใหญ่ขึ้น....ซื้อครับ,negative,wisesight_sentiment,neg,320,master,False,
1714,บายยยยย บาบีก้อนนนน,negative,wisesight_sentiment,neg,19,master,False,
1715,เค้าแพงสุดตัวไหนมะรุ ราคาแบบซื้อลดมาทั้งนั้น ถ้าราคาเต็มก็เอาเรื่องอยู่ แง naked3 ราคาในเซโฟก็เฉียด too faced,negative,wisesight_sentiment,neg,109,master,False,
1716,ไม่อร่อยอะ,negative,wisesight_sentiment,neg,10,master,False,
1717,เตียงใหญ่มากพอที่นอนสามคนได้สบาย,positive,wisesight_sentiment,pos,32,master,False,
1718,"เพราะเครดิตของ Eucerin ที่เราไว้ใจ และใช้มานาน สำหรับเราอะไรๆที่เป็นของ Eucerin ก็โอเครหมด อีกอย่างคือ คุณสมบัติพิเศษของ SUN DP60+ คือ 🤗🤗🤗Oxidant Filter🤗🤗🤗 มาตรฐานใหม่ในการป้องกันรังสียูวีเอ คือสิ่งที่ต้องมีใน ครีมกันแดด และ เพิ่มเทคโนโลยีใหม่เข้ามา เรียกว่า Sebum Control Technology ช่วยควบคุมความมันส่วนเกินระหว่างวัน จึงช่วยลดการอุดตัน สาเหตุหลักของสิว สรุปสั้นๆ SUN DP60+ เหมาะกับผิวมันและผิวที่ไวต่อการเกิดสิว ผิวแพ้ง่าย สามารถใช้ร่วมกับยารักษาสิวได้ ปลอดสารอันตรายต่อผิวอย่าง เช่น Non-Comedogenic ไม่ก่อให้เกิดสิว, Non-acnegenic, Paraben-free, Perfume-free ไม่ต้องกลัวแพ้เลย เรียกว่า SUN DP60+ เป็นที่สุดแห่งนวตกรรมครีมกันแดด ้ปองกันสิว อ่อนโยนต่อผิวจริงๆ",positive,wisesight_sentiment,pos,661,master,False,
1719,นายทหารที่เคย #ธำรงวินัย ฝึก #หัวปัก ไม่ยักกะตาย ที่โดนหมาวิ่งไล่ โกรธมากจนต้องสั่งให้ลูกน้องจับหมา 2 ตัว ผูกปาก เอาเชือกมัดขา ทั้งสองตัว #รวมกัน ตากแดด หลายชั่วโมงก่อนเอาไปโยนไว้ในกองขยะ นี่ไม่ใช่เป็นการทรมานสัตว์?!? ปศุสัตว์ที่ออกมายืนยันนี่คงทำงานกะสัตว์มากเกินไป,negative,wisesight_sentiment,neg,266,master,False,
1720,คือก้อนจะทำของสะสมที่ระทึกใช่ไหม ออกมาเยอะแระนะ น่ารักเกินไปล่ะ,positive,wisesight_sentiment,pos,63,master,False,
1721,อันนี้เคยเจอมากับตัว สมัยกาดสวนแก้วเปิดใหม่ๆ มีร้านสุกี้ ที่ไม่ใช่ เอ็มเค เปิดอยู่ชั้น 1 เจอพยาธิ ดิ้นออกมาจากไส้อ่อน ตัวเป็นๆ เพราะมันโดนน้ำร้อนลวกไง และไม่เคยคิดจะฟ้องร้องทางร้าน ผจก.ร้านมาดู มาขอโทษ ก็แค่นั้น ... ฟ้องร้องน่ะ แต่คิดว่าให้อภัยดีกว่า แต่จากในข่าว ฟ้องร้องตั้ง 6 ล้าน มันเกินไปป่าววะ เกลียดนักพวกที่ใช้ช่องโหว่ทางกฎหมาย เพื่อหาประโยชน์เข้าตัวเอง,negative,wisesight_sentiment,neg,361,master,False,
1722,เลี้ยงสายนี้ป่ะ กุอยากกิน5555,positive,wisesight_sentiment,pos,29,master,False,
1723,สูตรนิ้งหน้อยน่ากินหวา,positive,wisesight_sentiment,pos,22,master,False,
1724,⚙️ติดบุหรี่ไฟฟ้าสัสๆ,negative,wisesight_sentiment,neg,20,master,False,
1725,คนที่เคยลองไม่รู้จะคิดเหมือนผมไหม รสชาติคล้ายๆเรด แต่กลิ่นจะออกคล้ายๆแสงโสม เอาเป็นว่ามีเอกลักษณ์เป็นของตัวเอง.. ส่วนดีกรีไม่ต้องห่วง 40% Lg. เต็มเหนี่ยวแน่นอน ชงบางๆกินอร่อย ออนเดอะร็อคก็สะท้านตับพอดู ครึ่งกลมคนเดียว(โซดา4ขวด) หัวทิ่มครับ,positive,wisesight_sentiment,pos,239,master,False,
1726,หิวแต่ออกไปกินไม่ได้พี่หัวหน้ายังไม่มา จะสั่งแมคก็แพง 😂 เลยนึกถึงร้านอาหารตามสั่งปากซอยจำได้แต่ไม่รุเบอร์โทรแต่นึกได้ว่าชื่อร้านเป็นภาษาฝรั่งเศสเลยลองพิมพ์ดูเจอด้วยเลยรอด 😂 ค.เด็กศิลป์ฝรั่งเศสช่วยชีวิต 😃😂,negative,wisesight_sentiment,neg,204,master,False,
1727,บอกเองเลย ที่บ้านไม่ชอบกินบาบีก้อน,negative,wisesight_sentiment,neg,34,master,False,
1728,กูเกลียดred label!!!,negative,wisesight_sentiment,neg,20,master,False,
1729,ยังไงฐานคะแนนเพื่อไทยก็เยอะกว่าอยู่แล้วค่ะ แต่เราไม่ค่อยโอเคที่พรรคนี้ชอบประณีประนอมให้ทหารอ่ะ ส่วนตัวเราคิดว่าถ้าได้ความเด็ดขาดของอนาคตใหม่รวมกับประสบการณ์การบริหารของเพื่อไทยจะเป็นอะไรที่ดีมากเลย,positive,wisesight_sentiment,pos,197,master,False,
1730,พ่อกับแม่ไอไม่กินบาบีก้อน พวกนางไม่ชอบน้ำจิ้ม55555,negative,wisesight_sentiment,neg,50,master,False,
1731,เอ็มเคเถอะ,positive,wisesight_sentiment,pos,10,master,False,
1732,ยังไม่ทันไร คูปองก็หมดละ,negative,wisesight_sentiment,neg,24,master,False,
1733,เห็น อาจารย์ ปิยบุตร อยู่ตรงนั้นแล้วรู้สึกภาคภูมิใจในตัวเองจนอยากจะจูบปากตัวเองจริงๆ ที่เป็นเสียงหนึ่งที่ส่งเขาไปอยู่ตรงนั้นจากนี้เฝ้ารอรัฐธรรมนูญใหม่ที่มีอาจารย์ ปิยบุตร เป็นหนึ่งในผู้ร่าง #ตั้งรัฐบาล #อนาคตใหม่ #โตแล้วเลือกเองได้,positive,wisesight_sentiment,pos,231,master,False,
1734,อยากไปวันที่ 13 มากๆเลยครับ ุลุ้นๆ #S2O2018 #BLEND285 #FindYourJoy #ใช้ชีวิตให้กลมกล่อม,positive,wisesight_sentiment,pos,87,master,False,
1735,ลองกินใส่ลีโอแล้วเมาเหี้ยๆ,negative,wisesight_sentiment,neg,26,master,False,
1736,อยากกินแสงโสมแท้คือสิเมาดี,positive,wisesight_sentiment,pos,26,master,False,
1737,รถมือสอง สภาพนางฟ้า คับอยากได้ซีวิคสักคันคับ,positive,wisesight_sentiment,pos,44,master,False,
1738,อันดับ 1 ร้อยละ 26.06 ระบุว่าเป็น พลเอกประยุทธ์ จันทร์โอชา รองลงมาอันดับ 2 ร้อยละ 24.01 ระบุว่าเป็น คุณหญิงสุดารัตน์ เกยุราพันธุ์. ลุงจะส่งคนตามคุณหญิงสุดารัตน์อีกปะอะ ระวังคุณหญิงแม่เอาหมัดดามหน้านะลุง😏(ยิ้มแบบสุดารัตน์) #นิด้าโพล #เลือกตั้งประเทศไทย2562,positive,wisesight_sentiment,pos,255,master,False,
1739,55555555555555555555สมูทอีหลีเด้อ/เสียงณเดช,negative,wisesight_sentiment,neg,43,master,False,
1740,นี่แพ็ตตี้ไง ที่ชอบกินเบียร์ช้างอ่ะ,positive,wisesight_sentiment,pos,35,master,False,
1741,ร่างกายต้องการชีสสสส,positive,wisesight_sentiment,pos,20,master,False,
1742,นี่แพ้โฟมล้างหน้าของพอนด์ส ครีมทาหน้าด้วยแบบใช้ปุ๊บรู้ว่าแพ้เลยปั๊บ เลยไม่กล้าใช้สิ่งอื่นๆของยี่ห้อนี่เลย,negative,wisesight_sentiment,neg,105,master,False,
1743,น่าโดน5555,positive,wisesight_sentiment,pos,10,master,False,
1744,กินเอมเคกันนน,positive,wisesight_sentiment,pos,13,master,False,
1745,=+1 ไม่อร่อยแห้งๆ ข้าวไม่หอมเนย ราคาก็แพงมากกก,negative,wisesight_sentiment,neg,46,master,False,
1746,"ไปที่ไรต้องสั่งตลอดคือ ""ชุดครอบครัวหมูสุขสันต์"" ค่ะ ถือเป็นชุดสุดคุ้มของเราเลยนะคะถูกใจทุกคนเลย เด็กๆก็ชอบ วันว่างเมื่อไหร่ถือเป็นวันครอบครัว และครอบครัวของเราก็ต้องไปหาพี่ก้อนตลอดเลย อิ่ม อร่อย คุ้มจริงๆค่ะ เลิฟๆพี่ก้อน 😆😆😆",positive,wisesight_sentiment,pos,224,master,False,
1747,ฝ่าลมหนาวมากินแมค,negative,wisesight_sentiment,neg,17,master,False,
1748,สัปดาก่อนที่ถาม ฟอร์จูนเนอร์โฉมเเรก ไปลองขับมา เบรกรับไม่ค่อยได้ ขับ 120 ช่วงล่างเหมือนลอยๆเมื่อใช้ความเร็วสูง เป็นปกติของรุ่นนี้หรือปล่าวครับเพราะลองเเค่คันเดียว ยังพอเเก้ไข้ข้อเสียได้ปล่าวครับส่วนตัวยังชอบมันอยู่ เเต่เเอบดูไทรทัน ตัวสูง4ประตูat ตัว 140 ม้าไว้ เต้นเเนะนำ ตัวเนี้ยยังน่าใช้ไหมครับ ขอบคุณครับ,negative,wisesight_sentiment,neg,308,master,False,
1749,เฉพาะสาขาที่ร่วมรายการ สาขาไหนบ้างไปจัด,positive,wisesight_sentiment,pos,39,master,False,
1750,เราชื่นชอบและเป็นลูกค้าที่ใช้บริการ มานานถึง 3 ปีแล้ว เพราะชอบใจในการบริการที่มีให้ลูกค้าสม่ำเสมอ ประทับใจราคา ความเอาใจใส่ “ครั้งแรกที่ซื้อประกันภัยกับกรุงเทพ รู้สึกประทับใจก็เลยทำต่อมาในปีที่ 2 และ 3 ความประทับใจคือ เราสามารถเลือกทำอะไรได้ด้วยตัวเอง ตอนแรกเห็นจากโฆษณาก่อน ก็คลิ๊กเข้าไปในเว็บไซต์เลย แล้วก็เห็น เลยว่าราคาคุ้มกว่าที่อื่น จากที่เราเปรียบเทียบกับที่อื่นคือมันคุ้มจริงๆ ก็เลยตัดสินใจซื้อประกันภัย ทันทีเลย พอซื้อมาปุ๊บ! ก็มีเจ้าหน้าที่โทรเข้ามาสอบถามทันที ก็ยิ่งทำให้เราประทับใจเข้าไปอีกครั้ง เหมือน กับเขาใส่ใจเรา ไม่ทิ้งเราแม้จะนอกเวลางานก็ตาม ซึ่งทุกวันนี้ก็ยังโทรมาเข้าสอบถามอยู่เสมอคะ” ชอบมากที่ผ่อนได้ด้วย “รถเราเป็นรถเก่าที่อายุเกิน 4-5 ปีแล้ว เป็นรถยี่ห้อ HONDA CITY คะ ทำประกันชั้น 1 มาตลอดเอาไว้ขับรถ ไปทุกทีทั้งเรื่องส่วนตัว ธุระ และไปทำงาน คือใช้รถในการเดินทางทุกวัน แล้วที่ทำมา 3 ปี เราได้เบี้ยประกันลดทุก ปีคะ ทั้งที่เราก็ไม่ได้อะไร แต่ทางบริษัทก็เสนอราคาที่ถูกลงมาให้ตลอดเลยคะแล้วที่สำคัญชอบที่ สามารถผ่อนจ่าย 0% นาน 10 เดือนได้ด้วยนะ” เหนือความคาดหวังที่ตั้งเอาไว้ “ที่ผ่านมาตลอด 3 ปี ไม่ได้คาดหวังอะไรเลย เราว่านี้ก็เหนือสิ่งที่คาดหวังไว้แล้วนะ อยากให้คงความบริการที่ ดี เป็นกันเอง อย่างนี้ตลอดไปเลย” กรุงเทพประกันภัยแคร์ทุกอย่างก้าวจริงๆ #กรุงเทพประกันภัยแคร์คุณทุกย่างก้าว #bangkokinsurance,positive,wisesight_sentiment,pos,1224,master,False,
1751,ซ้ายตัวเก่าขวาตัวใหม่ ความคิดเห็นส่วนตัวนะคะ คนอื่นอาจใช้แล้วถูกก็ได้ มาเล่าให้ฟังเฉยๆปกติใช้ตัวไหนของSulwhasooไม่ไ…,negative,wisesight_sentiment,neg,116,master,False,
1752,เอาจริงๆ รู้สึกเสียดายเงินทุกครั้งที่กินร้านนี้ คุณภาพ drop ลงมาก ถ้าไม่ไปกินฟรีเพราะพี่ๆเลี้ยง จะไม่เดินเข้าไปกินเองเด็ดขาด,negative,wisesight_sentiment,neg,124,master,False,
1753,ไม่เข้าใจ หม่า มาได้ไง,negative,wisesight_sentiment,neg,22,master,False,
1754,แง ฝีเนื้ออออออ จัวววว กินฝี,negative,wisesight_sentiment,neg,28,master,False,
1755,ซื้อแสงโสมที่ร้าน 1 กลมรับคูปอง2ใบ ซื้อ2กลมรับคูปอง 6ใบ จับรางวัล บัตรยิบซีสวนผึ่ง จำนวน 4ใบ,positive,wisesight_sentiment,pos,92,master,False,
1756,จะขึ้นจะลง ช่างหัวมัน ดูดบุหรี่ไฟฟ้าดีกว่าสบายใจ,positive,wisesight_sentiment,pos,48,master,False,
1757,เอาตรงๆ คือ เราเคยไปหาหมอ แล้วจู่ๆ หมอก็จับนมโดยไม่บอก ก็สะดุ้งนะ แต่ก็เข้าใจว่า คลำหามะเร็งพอดีเป็นหมอผู้หญิงไง ไม่คลำเปล่าให้ถอดเสื้อหมดเลยด้วย เราว่ามันน่าจะเคสเดียวกันแต่นี่เสือกเป็นหมอผู้ชาย,negative,wisesight_sentiment,neg,195,master,False,
1758,ขับง่ายกว่าวีออสเยอะเลย,negative,wisesight_sentiment,neg,23,master,False,
1759,ขุดทางเท้าตอนห้าครึ่งอะนะ,negative,wisesight_sentiment,neg,25,master,False,
1760,เรากินช้าง,positive,wisesight_sentiment,pos,10,master,False,
1761,พาไปกินหน่อยเส้,positive,wisesight_sentiment,pos,15,master,False,
1762,คำตอบคือผ้าอนามัย เวลาเป็นปจด.สังเกตเวลากาวออก กกน.จะเป็นขุยบ่อยๆ+ซักเวลาขยี้ด้วยความที่ผ้ามันบางเลยขาดง่าย,negative,wisesight_sentiment,neg,107,master,False,
1763,ซื้อลิป Innisfree มา 2 แท่ง ผิดหวังทั้งสองแท่งเลยค่ะ อ่ะ จบกับแบรนด์นี้เรื่องลิป เค😂,negative,wisesight_sentiment,neg,84,master,False,
1764,Cab4×4ของนาวาร่าราคาค่อนข้างสูงครับผมเองตอนแรกคิดว่าจะออกนาวาร่าcab4x4แต่เทียบราคากะรีโว่แล้วผมเลือกรีโว่ครับราคาถูกกว่ากันเกือบแสน,negative,wisesight_sentiment,neg,131,master,False,
1765,ตะตังค์ตะตุ้ง ตะติ้ง ตะตุ๋งตะติ๋ง,positive,wisesight_sentiment,pos,33,master,False,
1766,ไปค่ะ 5555,positive,wisesight_sentiment,pos,10,master,False,
1767,วันก่อนไปกินบาบีกอน บทจะหยุดหยุดเลย เพลีย,negative,wisesight_sentiment,neg,41,master,False,
1768,ต้องจัดค่ะ,positive,wisesight_sentiment,pos,10,master,False,
1769,มาๆเช็นทัล ...555,positive,wisesight_sentiment,pos,17,master,False,
1770,ถ้าเบียร์ช้างจัดโปร+น้ำลิ้นจี่ จะอร่อยคล้าย ฮูกาเดิน ... มีเฮ,positive,wisesight_sentiment,pos,61,master,False,
1771,ประเทศเจริญเบียร์ช้างซีพี,negative,wisesight_sentiment,neg,25,master,False,
1772,ผมเลิกบุหรี่ได้ก็บุหรี่ไฟฟ้านี้ละ แล้วตอนนี้ก็เลิกบุหรี่ไฟฟ้าได้แล้ว,positive,wisesight_sentiment,pos,68,master,False,
1773,ผู้บริหารระดับบน รึฝ่ายการตลาดของนิสสัน มันจะเข้ามาอ่านบ้างรึป่าว ความเห็นของลูกค้า นะ ถ้ามันมาอ่านแล้วนำไปปรับปรุงฟังเสียงลูกค้าบ้าง ป่านนี้ยอดขายมันคงดีกว่านี้แล้ว,negative,wisesight_sentiment,neg,165,master,False,
1774,จ.ลพบุรี ไม่มีร่วมรายการ เสียดายจัง,negative,wisesight_sentiment,neg,35,master,False,
1775,ถ้ากลางคืนก็เปิดไฟในรถแม่งดลย คนภายนอกจะได้เห็นว่าเกิดอะไร ไฟจะอยู่ตรงกลางเพดานรถ ของอัลติสให้เลื่อนไปทางซ้าย ถ้าทางขวามันจะสว่างเฉพาะตอนเปิดประตู,negative,wisesight_sentiment,neg,146,master,False,
1776,ลืมอะ หมดตูด ไม่มีอารม ละ,negative,wisesight_sentiment,neg,25,master,False,
1777,ติดบุหรี่ไฟฟ้าว่ะแม่ง,negative,wisesight_sentiment,neg,21,master,False,
1778,ชอบฮอนด้า city สวย โฉบเฉี่ยว ทันสมัย ขับง่าย คุ้มค่าและประหยัดนำ้มันค่ะ #ฮอนด้าที่รัก #EnjoyHondaThailand,positive,wisesight_sentiment,pos,105,master,False,
1779,จัดมาาา แอร๊ยยย,positive,wisesight_sentiment,pos,15,master,False,
1780,เปนลูกลาวที่น่ารักคนหนึ่ง ชื่อหนุงหนิงนะ #โสด 5555,positive,wisesight_sentiment,pos,50,master,False,
1781,อวสานบาบีก้อน..,negative,wisesight_sentiment,neg,15,master,False,
1782,แสงสีเขียวที่สร้างรอยยิ้ม เรียกเสียงหัวเราะ เพิ่มความสนุก คอยปลอบใจ… แล้วคืนนี้คุณรู้สึกแบบไหนกัน? #JamesonThailand #TwiceAsSmooth,negative,wisesight_sentiment,neg,130,master,False,
1783,มูลนิธิเพื่อผู้บริโภค ประกาศ พร้อมช่วยเหลือผู้ใช้รถยนต์มาสด้า 22 ราย ที่ถูกบริษัทมาสด้า ฟ้องทำให้เสื่อมเสียชื่อเสียง วอน สคบ.ร่วมทดสอบรถยนต์คันที่มีปัญหา,negative,wisesight_sentiment,neg,153,master,False,
1784,ต้องเป็นตำรวจ หรือ ทหารก่อนใช่ไหม่ครับ ถึงจะสูบได้อย่างมีความสุข,negative,wisesight_sentiment,neg,64,master,False,
1785,จริงค่ะ..ไม่ค่อยชอบเลยเหมือนกัน..เปลี่ยนเถอะค่ะ..เหลือทิ้งเสียดาย,negative,wisesight_sentiment,neg,65,master,False,
1786,อยากกินชาบู เอ็มเค ปิ้งย่างง เบื่อข้าวรชโว้ยยย,positive,wisesight_sentiment,pos,46,master,False,
1787,จะโทษใคร ก็ต้องโทษ ตัวเองนั่นแหล่ะ เห็นว่าเนื้อไม่สวยก็ไม่ควรเสริฟให้ลูกค้าแล้ว คนดีแก้ไข คนอะไร แก้ตัว,negative,wisesight_sentiment,neg,103,master,False,
1788,ผมดูอยู่นะครับ ก็มีนะในเฟซบุคของเชฟโรเลตเลย ดูทันตอนโรยตัวดึงป้ายรูปรถจากยอดตึกด้วยครับพี่,positive,wisesight_sentiment,pos,90,master,False,
1789,อิจฉาชี นี่รู้เลยว่าเมาถึงจุดถึงจะตอบแบบนี้ได้ จำรสชาติแสงโสมไม่ได้แล้วอีเหี้ยเอ๊ยยยยย,negative,wisesight_sentiment,neg,86,master,False,
1790,บาบีก้อนบุฟเฟ่ไม่คุ้ม,negative,wisesight_sentiment,neg,21,master,False,
1791,ผมนี่สูบบุหรี่แบธรรมดาไม่ได้เเล้ว เเน่นหน้าอก,positive,wisesight_sentiment,pos,45,master,False,
1792,ติดเน็ตวันจันทร์ที่11พย ติดตั้งเสร็จเวลา 12.45 ทั้งวันไม่ได้เล่น เลิกงาน หกโมงเย็น กลับมาเล่นเน็ตได้ สามชั่วโมง หลังจากนั้นใช้ไม่ได้อีกเลยจ้า พังตั้งแต่ยังไม่ข้ามวัน จนป่านนี้ก้นังไม่มีช่าง เข้ามาดู ติดต่อ1242 รับเรื่องอย่างเดี๋ยวทำไรไม่ได้ #บริการประทับใจมาก#,negative,wisesight_sentiment,neg,260,master,False,
1793,บอกได้คำเดียวว่า..อร่อยมาก,positive,wisesight_sentiment,pos,26,master,False,
1794,แสนนึงโหดมาก,negative,wisesight_sentiment,neg,12,master,False,
1795,ถ้าเธอเบื่อ ROV เรามี Lovแถมe ให้ด้วยนะฉลองก่อนวันเกิด จุ้ฟๆนะ,negative,wisesight_sentiment,neg,62,master,False,
1796,ไม่เคยรักใครเท่าบาร์บีก้อนแล้ว,positive,wisesight_sentiment,pos,30,master,False,
1797,เบียร์ช้างนายทุนพรรคอะไรล่ะ555,negative,wisesight_sentiment,neg,30,master,False,
1798,เฮียครับแฟนผมหัดถอยหลังเข้าซองบ่อยจะไปทำใบขับขี่พวงมาลัยหนักแจ๊สGKครับ,negative,wisesight_sentiment,neg,70,master,False,
1799,เสาร์นี้มา,positive,wisesight_sentiment,pos,10,master,False,
1800,งั้นไม่ใช่มื้อเช้าแล้วละครับ 😆😆😆,positive,wisesight_sentiment,pos,32,master,False,
1801,อยากได้ทุกอย่างของ sivanna ค่ะ,positive,wisesight_sentiment,pos,30,master,False,
1802,ฮอนด้าก็ทำไม่ได้นิสสันหรออย่าหวังเลย,negative,wisesight_sentiment,neg,36,master,False,
1803,กินไก่แมคไปอีกละ อีดอก อยากผอมมากมั่ง,negative,wisesight_sentiment,neg,37,master,False,
1804,จำได้แระทำไมเมื่อวานแฮงค์จนอ้วก โต๊ะข้างๆ ให้กินเบลน คือกุกินเบลนไม่ได้ ไอสัด,negative,wisesight_sentiment,neg,77,master,False,
1805,ครวยที่ไฟซีนอลรถ แยงตา กูทำได้แค่ขับผ่านไป โลกนี้แม่งยุ่ยากขึ้นทุกวัน ไฟท้ายอัลติส วีออส ดวงข้างล่างติดตลอดแสบตามากกว่าทำไมไม่โดนวะ สิบล้อแม่งมีเป้นร้อยดวง ทำไมไม่โดน จะจับจับให้หมด ไอ้ขนส่ง มึงหาระบบมาตรฐานเวลาทำใบขับขี่ เหยียบเบรคก่อนไฟแดงด้วย กระจอกมาตรฐานพ่องมึงสิ คนถึงตกใจเหยียบเบรคเพราะมึงสอบแบบนี้ ให้ดูวีดีโอไร้สาระ ปรับปรุงระบบตัวเองด้วย อย่าปรับปรุงแต่คนอื่น กูเห้นแล้วไม่แปลกใจเรยอุบัติบนถนน การจราจร ป้ายจราจร ที่มันชี้สองทาง แต่ถนนเบี่ยงเข้าเลนซ้าย แต่ให้ออกขวา ผมว่าขนส่งกับจราจร มึงควรเอาเวลาไปตรวจสอบป้ายจราจรแทนที่จะมาจับประชาชนดีกว่า งบที่นำไปปรับปรุงให้ถึงประชาชนบ้างนะ ฝากหน่อย,negative,wisesight_sentiment,neg,598,master,False,
1806,แค่บุหรี่ไฟฟ้า กูละงึด กลัวบุหรีขายไม่ได้ล้ะสึสึด ใครออกกฏ,negative,wisesight_sentiment,neg,58,master,False,
1807,ขอบคุณมากค่ะ,positive,wisesight_sentiment,pos,12,master,False,
1808,นี้ก้จระเจ้แต่ให้กินลีโอคงไม่ เบียร์ลาวยังจะพอทน,negative,wisesight_sentiment,neg,48,master,False,
1809,สู้ๆๆเป็นหนึ่งในพนักงานนเบียร์ช้าง,positive,wisesight_sentiment,pos,34,master,False,
1810,ของเบียร์ช้าง. ของเหล้าขาวมีที่ดิน เป็นแสนไร่ตรวจกันมั่งม้าย,positive,wisesight_sentiment,pos,60,master,False,
1811,โอ้คไม่ใช่ โอ้ต,positive,wisesight_sentiment,pos,15,master,False,
1812,พาเค้าไปกินหน่อยยย,positive,wisesight_sentiment,pos,18,master,False,
1813,Wet n wild mega last lip color สีชัดมากก เนื้อดี ทาง่าย ไม่ตกร่อง แต่แพ็กเกจมจะก๊องแก๊งหน่อย 139 บาท สี Coral-ine เ…,negative,wisesight_sentiment,neg,116,master,False,
1814,กูจะแพ้ผ้าอนามัยจริงๆหรอ ควยเด้อ,negative,wisesight_sentiment,neg,32,master,False,
1815,ส่วนพรี่เบื่อเอ็มเคแร้ว,negative,wisesight_sentiment,neg,23,master,False,
1816,พ่อเดี๊ยวไปกินต้มยำกันนะก่อนหมดเขต,positive,wisesight_sentiment,pos,34,master,False,
1817,ไม่เจอพยาธิแต่เจอฝี,negative,wisesight_sentiment,neg,19,master,False,
1818,การกินเอ็มเคในวันนี้ มันไม่ใช่วันสำหรับเราㅠㅠ ของทุกอย่างพร้อมใจกันหมด เตาพังอีกกก โอ้ยยย,negative,wisesight_sentiment,neg,88,master,False,
1819,เมนูที่สั่งบ่อยๆคือ ปลาหมึกผัดเผ็ดกับหมูสามชั้น แล้วก็ไข่ตุ๋น ไข่ตุ๋นคือดี ร้อนๆกินตอนหนาวๆคือฟิน เมื่อก่อนชอบเรียกว่าร้านหมึกดุ เพราะพนักงานดุมาก แต่รอบล่าสุดไป ไม่ดุแล้ว55555 มาฮงแดก็คือต้องกินร้านนี้,positive,wisesight_sentiment,pos,202,master,False,
1820,ข้าต้องลดจิงๆแล้วหละ เห็นท่าจะจะย่างเข้า60แล้ว,negative,wisesight_sentiment,neg,46,master,False,
1821,เราใช้ซีวิค เวลาเช็คระยะทีนึงก็ตกประมาณ 4-5 พันเลยค่ะ ไม่รวมอะไหล่พิเศษต่างๆ เคยได้ยินว่าของโตโยต้าถูกกว่านี้ ฮือ,negative,wisesight_sentiment,neg,113,master,False,
1822,เรื่องจริงอันปวดจี๊ดดดด,negative,wisesight_sentiment,neg,23,master,False,
1823,บาบีก้อนทำพิษ,negative,wisesight_sentiment,neg,13,master,False,
1824,• Jack daniels สองกรมหัวจะระเบิด #เถ้านี่มะ !!!!!,negative,wisesight_sentiment,neg,49,master,False,
1825,ด้วยคนครับ,positive,wisesight_sentiment,pos,10,master,False,
1826,ขอโทษนะคะ ทำเรื่องโอนคืนนานมั้ยคะ คือคนขับคิดเงินเราเกินไปเป็นร้อย เราแจ้งทางแกร็บไป ตอนนี้ยังไม่มีการติดต่อกลับมาเลย,negative,wisesight_sentiment,neg,117,master,False,
1827,งานไฮโซเบอร์ใหญ่แบบนี้ ใครๆก็อยากไป อยากไปมากๆ ขอนะคะดีเจผู้น่ารัก #GetMusicMotion #SinghaLight #LifeIsMotion #GET1025,positive,wisesight_sentiment,pos,118,master,False,
1828,หมดโปรพอดี,negative,wisesight_sentiment,neg,10,master,False,
1829,สเมอนอฟป๋องดำไม่ช่วยให้เมาเติ่งได้นะครับ ยกเว้นคุณจะกาก,negative,wisesight_sentiment,neg,55,master,False,
1830,ไปที่เพชรหรอ,positive,wisesight_sentiment,pos,12,master,False,
1831,อยากกินบะหมี่หยกต้มยำ,positive,wisesight_sentiment,pos,21,master,False,
1832,แต่ไม่อยากได้ nyx อ่ะ อยากได้ huda เห้อ555555555 หัวสูงแต่จน,negative,wisesight_sentiment,neg,60,master,False,
1833,พอไหวครับ แต่น่าจะต้องปรับปรุงอีกหลายจุด,negative,wisesight_sentiment,neg,40,master,False,
1834,แสงโสมแพงกินหงส์ทองดีกว่า,positive,wisesight_sentiment,pos,25,master,False,
1835,เดี๋ยวนี้ลูกค้าต้องขอซอสมะเขือเทศซองเองแล้วเหรอคะ สั่งเบอเกอร์ไก่ togo คิดว่าใส่มา ลด cost หรือคะ?,negative,wisesight_sentiment,neg,98,master,False,
1836,Nissan city Car กับข้อเสนอพิเศษ ดาวน์ต่ำผ่อนสบาย น่าสนใจมาก แฟนชอบนิสสันมาร์ชครับ ว่าจะพาแฟนไปลองขับดูสักวันครับ,positive,wisesight_sentiment,pos,112,master,False,
1837,น้ำยามีราคาแพงคนผลิตได้กำไรเป็นกอบเป็นกำขำวะ,negative,wisesight_sentiment,neg,44,master,False,
1838,ขวางทางเท้า,negative,wisesight_sentiment,neg,11,master,False,
1839,เออ แต่ยังดีที่หลังไปกินอากะแล้วห่างบาบิก้อน ไม่งั้นช้ำใจกว่านี้ 5555,negative,wisesight_sentiment,neg,69,master,False,
1840,แสงโสมไม่อร่อยเยอะ หวานไป,negative,wisesight_sentiment,neg,25,master,False,
1841,ตังค์จะใช้ไปวันๆยังหาไม่ได้เลย,negative,wisesight_sentiment,neg,30,master,False,
1842,ตัวเองจะเลี้ยงหรอ,positive,wisesight_sentiment,pos,17,master,False,
1843,ถูกใจในรสชาติของ บาร์บีก้อน ทั้งครอบครับ อร่อยทั้งหมู ทั้งเนื้อ แขไข สุวรรณเพชร,positive,wisesight_sentiment,pos,79,master,False,
1844,น้องว่าน่าจะหอมกว่าฮูกาเด้น,negative,wisesight_sentiment,neg,27,master,False,
1845,เสือกเก่งดี,negative,wisesight_sentiment,neg,11,master,False,
1846,นุ่มลุ่มลึก กูบอกได้แค่นี้,positive,wisesight_sentiment,pos,26,master,False,
1847,ขอขอบคุณ🙏กิจกรรมดีๆของเพจ TOYOTA BUZZ มากๆนะค่ะ และได้รับตุ๊กตา Buzzy พร้อมลายเซ็นคุณเมย์ พิชญ์นาฏ เรียบร้อยแล้วค่ะ💓,positive,wisesight_sentiment,pos,116,master,False,
1848,นิสสันขับง่าย เดินทางไปไหนมาไหนสะดวกดี ข้างในกว้างขวางไม่เเคบ เเละสวยมากด้วยค่ะ,positive,wisesight_sentiment,pos,79,master,False,
1849,#รถสวย รถดี มีคุณภาพ พนักงานและศูนย์บริการดีเยี่ยม ต้องToyota ที่ #ToyotaBuzz #อาร์ตพศุตม์ #เพิ่มMCร้อยล้าน,positive,wisesight_sentiment,pos,107,master,False,
1850,บาร์บีก้อน กับ S&P,positive,wisesight_sentiment,pos,18,master,False,
1851,พึ่งได้ดูโคนันเดอะมูฟวี่22 คุณอามุโร่ตอนเป็นสันติบาลแซ่บมากกก โฮรรรรTwT,positive,wisesight_sentiment,pos,71,master,False,
1852,Honda รุ่นCR-V เพราะว่า นั่งได้สบายทั้งครอบครัว ไม่อึดอัดห้องโดยสารกว้างขวางมาก ขับทุกครั้งก็รู้สึกปลอดภัยทุกครั้ง เพราะว่ามีระบบรักษาความปลอดภัยมากมาย อีกทั้งสวยหรูมีระดับและสามารถลุยไปกับเราได้ค่ะ,positive,wisesight_sentiment,pos,198,master,False,
1853,ชอบมิตซูบิชิมาก ใช้ดีมากเคยใช้ L200 ทนสุดๆ คุ้มค่าเงินสุดๆ ถ้าจะซื้อคันใหม่ ชอบมาก ปาเจโร่ ถ้ามีตัง,positive,wisesight_sentiment,pos,99,master,False,
1854,เกือบไปแดกช้างแล้วกุ🤭🤦‍♀️,negative,wisesight_sentiment,neg,25,master,False,
1855,ปวดหัว กับประเทศ ล้าสมัย,negative,wisesight_sentiment,neg,24,master,False,
1856,ไม่กล้าใช้ผ้าอนามัยแบบสอดเลย กลัว กลัวเจ็บ 555,negative,wisesight_sentiment,neg,46,master,False,
1857,นั่นคือคำตอบและความคิดของผู้บริหารประเทศของเรา ขอไว้อาลัยแป๊บ นั่นแสดงว่าท่านไม่คิดจะแก้ปัญหาเลย บางทีเรารีบและเช้ามากต้องไปให้ถึงสนามบินเพื่อเช็คอินเราก็คงไม่มีเวลากินข้าวไปก่อนหรอกนะท่าน ร้านแม็คโดนัลด์บวกราคาไปประมาณ60%จากด้านนอกทั้งที่บริการห่วยกว่าข้างนอกกินในจานกระดาษด้วยยังบวกราคาหน้าตาเฉย ขอท่านตรวจสอบและตอบผมหน่อยมันแพงจากอะไรครับท่าน!!!!!,negative,wisesight_sentiment,neg,350,master,False,
1858,แต่มันแพง ช่วงนี้เลยต้องเบียร์ช้างน้อมใจทุกt,negative,wisesight_sentiment,neg,44,master,False,
1859,ลิปอินนิสฟรีสีาวยจริง พวกชมพูอ่อน ๆ อ้ะ แต่เห็นราคาและกุเดินออกจากร้านแทบไม่ทัน เงินพอแค่ซื้อโฟมอ้ะค่ะ,negative,wisesight_sentiment,neg,102,master,False,
1860,บุหรีไฟฟ้า ทำให้รัฐเสียรายได้,negative,wisesight_sentiment,neg,29,master,False,
1861,ของชอบอยู่แล้ว,positive,wisesight_sentiment,pos,14,master,False,
1862,เอาใบรนไฟ ไส่เหล้าหงษ์ทอง รับรองหอมยิ่งกว่าเหล้าฝรั่งราคาแพงๆซะอีก,negative,wisesight_sentiment,neg,66,master,False,
1863,เรฟลอน โฟโต้เรดดี้ แอร์ บลัช เอฟเฟ็ค เมคอัพ ทุกเฉด รับคูปองส่วนลด 100 บาท โปรโมชั่น Watsons Beauty in Summer (29 มี.ค. - 25 เม.ย. 61),positive,wisesight_sentiment,pos,133,master,False,
1864,หืออออออ ส-อ นี้ ต้องกลับบ้านนนน,negative,wisesight_sentiment,neg,32,master,False,
1865,ในที่สุดก็ได้เงินคืนจากลาซาด้า แต่ได้เป็นวอลเล็ท แถมมีวันหมุดอายุอีกต่างหาก กำ -_- แต่ก็ยังดีที่คืนค่าส่งมาให้ด้วย จากตอนแรกนึกว่าจะไม่ได้คืน ทำเรื่องไปตั้งแต่ 29 ก็ถือว่าเร็วอยู่ #ลาซาด้า,negative,wisesight_sentiment,neg,188,master,False,
1866,ผมซื้อน้ำยาขวดละ260 ใช้ได้อาทิตกว่าประมาน9วัน เฉลี่ยค่าบุหรี่ซองที่เคยดูดวันละซอง ซองละ65-80บาท แพงกว่าชัดๆครับ,negative,wisesight_sentiment,neg,111,master,False,
1867,มีปัญหาแน่นอน กับการซัมเปืัอนยามนอนในเวลากลางคืน มาลองใช้ลอรีเอะ ซอฟท์แอนด์เซฟ เอ็กซ์ตร้าโพเทคชั่น แอนตี้แบคทีเรีย แบบกลางคืน ดูสิจะได้นอนไม่ต้องห่วงเลย และยังสะอาดไม่หมักหมมแบคทีเรีย มากวนใจให้เกิดอาการคัน อับชิ้นใดๆ สบายใจละทีนี้❤️💞🤗,positive,wisesight_sentiment,pos,235,master,False,
1868,ไม่มีแถวบ้าน,negative,wisesight_sentiment,neg,12,master,False,
1869,พุดจะคิดภาพ ตามเลยครับ เหมือน ฟอจูนเนอร์ vs พราโด้อะครับ อีฟอจุนเนอร ปา เจโร่ ที่จะขับอะ เป็นรถขี้กากไม่ผ่านมาตรฐานอะไรเลยนะครับ รู้ยัง ? อีฟอร์ตตัวนี้มันขาย ยุโรปจ้า เพราะมันผ่านมาตรฐาน เห็นก็อีฟอจุนเนอรคันละล้าน ตกข้างทางยังพังเลยครับ โตโยต้าฟอจุนเนอร ญี่ปุ่นเขายังไม่กล้าใช้เลยครับ 😂😂😂,negative,wisesight_sentiment,neg,288,master,False,
1870,พาไปหน่อยครับพี่,positive,wisesight_sentiment,pos,16,master,False,
1871,All NEW Honda Accord Generation ที่ 10 ขายไม่ดีอย่างที่คิด ดีลเลอร์อเมริกาเป็นกังวล - HeadLight Magazine,negative,wisesight_sentiment,neg,104,master,False,
1872,รถโรงงานนิสสันออกแล้ว ซวยมากกกก 5555555555,negative,wisesight_sentiment,neg,42,master,False,
1873,ด้วยความยินดีคร้าบ,positive,wisesight_sentiment,pos,18,master,False,
1874,เจอบ่อยค่ะแทบอยากจะติดไฟส่องท้าย ยิงไปข้างหลังเหลือเกิน เราขับยาริสแต่ฟอจูเนอร์อยุ่หลังเราไม่เข้าใจรถที่เตี้ยกว่าเรย,negative,wisesight_sentiment,neg,116,master,False,
1875,คือแต่บุหรี่ไฟฟ้า มึงยืดรถ แถมยังอ้างไปเรื่อย สนตีนระยำมากตำรวจสมัยนี้ เป็นอาชีพที่ไม่อยากให้ญาติหนือคนรู้จักเป็น เป็นคนดีกลายเป็นคนเร็วได้,negative,wisesight_sentiment,neg,139,master,False,
1876,คือวันนี้เป็นห่าไรวะ เป็นเมนส์รอบนี้ประหนึ่งสาวแรกเริ่มที่เพิ่งมีเมนส์ หงุดหงิดไปหมด ไหนจะใส่ผ้าอนามัยแล้วเมนส์ไหลย้อนอีก ควยยยยยยมากกกกกกกก,negative,wisesight_sentiment,neg,140,master,False,
1877,อยากแดกโว้ย,positive,wisesight_sentiment,pos,11,master,False,
1878,จัดป่าว 379 เอง จ่าย 3 ด้วยย จัดๆๆๆๆ นานๆแจกัน เดือนนนี้เลย,positive,wisesight_sentiment,pos,59,master,False,
1879,นึกถึง เอ็มเคดอนเลย 556 รุ่นนู้นโดนไป 4-0,positive,wisesight_sentiment,pos,41,master,False,
1880,อยากกินเอมเคคคคคคคคค,positive,wisesight_sentiment,pos,20,master,False,
1881,รอหวยออก ถูกหวย ล้อหมุนเลย,positive,wisesight_sentiment,pos,26,master,False,
1882,มอเตอร์ไซร์ขึ่ย้อนศร มอร์เตอร์ไซร์ขี่บนทางเท้า,negative,wisesight_sentiment,neg,46,master,False,
1883,การเตรียมตัวรับมือกับช่วงสงกรานต์และต่อด้วยทริปเที่ยวทะเลแบบกล้าท้าแดด นอกจากอุปกรณ์กันแดดพวกแว่นตา หมวก ต้องครบ สิ่งสำคัญที่สุดคือครีมกันแดดทั้งแบบทาหน้าและทาตัวต้องเลือกให้เหมาะกับสภาพผิวและกิจกรรมของเราคือต้องกันน้ำได้ มีค่า SPF 50+ ป้องกันได้ทั้ง UVB+UVA เราเลือกใช้ Eucerin เพราะมั่นใจประสิทธิภาพ เพียงเท่านี้ก็สนุกสุดเหวี่ยงในช่วงเวลาแห่งความสุขวันหยุดยาวแบบนี้แล้วคะ,positive,wisesight_sentiment,pos,373,master,False,
1884,เคยถามคอเซนเตอร์ พูดแบบกอนเลย แต่พอไปต่อจริง พนง.บอกทำไม่ได้ ยังไงก็ไม่ได้ เลยไม่ต่อ และงอนกอนถึงทุกวันนี้ แต้มเยอะทำไมไม่ได้ ☹️🙄,negative,wisesight_sentiment,neg,129,master,False,
1885,พิธีบรมราชาภิเษก 4-6 พ.ค. เชื่อสิว่าบริษัทต้องประกาศวันหยุด แล้วถ้าเราลาเพิ่มวันที่ 2-3 เราก็จะได้หยุด 1-6 พ.ค. รวม 6 วันเลยนะเว้ยยยยยย,positive,wisesight_sentiment,pos,135,master,False,
1886,เราเป็นคนนึงที่ไม่เซียนการเมือง ไม่ฝักใฝ่ฝ่ายใด พอคณะนี้เข้ามา เศรษฐกิจฝืดๆ ขัดๆ เราก็ไม่กล่าวหา ก้มหน้าก้มตาทำหน้าที่ตัวเองไป แต่พอมาเห็นข่าวนาฬิกาเอย แจกเงินเอย เลื่อนเลือกตั้งเอย โหยอีแย่เม็ด กูไม่ทนล้าวววววว #เลื่อนเเม่มึงสิ,negative,wisesight_sentiment,neg,228,master,False,
1887,แต่เจ้านี่อ่ะ อร่อยลดลงนะ 😭,positive,wisesight_sentiment,pos,27,master,False,
1888,นี่กุยังวนเวียนกับสุกี้ คือวันนี้ต้องกินเอมเคให้ได้ กินคนเดียวไปเรย แฟนไม่อินวัฒนธรรมฮอตพอต มันบอกว่าประเทศมึงมีหน้าหนาวที่ร้อนจะแย่เสือกแดกของร้อนๆ,negative,wisesight_sentiment,neg,148,master,False,
1889,มีหมี่ต้มนำด้วยโอ๊ยยย น้อยปลื้ม,positive,wisesight_sentiment,pos,31,master,False,
1890,ใช่คะไม่อิ่มเลยแพงมากด้วย 😔,negative,wisesight_sentiment,neg,27,master,False,
1891,โตโยต้าพรีอุส เบี้ยประมาณหมื่นห้าเกือบหมื่นหกอ่ะถ้าจำไม่ผิด กูได้ส่วนลดจากที่เอ๋เป็นพนง.บริษัทในเครือด้วยอ่ะ อย่าทำกับแม่งเลย ไม่ดี ทำงานช้า ถ้าไม่ได้ส่วนลดกูก็ไม่อยากต่อกับมันอ่ะ,negative,wisesight_sentiment,neg,179,master,False,
1892,รัก honda brio ค่ะ เพราะเป็นรถคันเล็ก ประหยัดน้ำมัน ขับง่าย ขับสบาย แม่ก็นั่งสบาย คนขับก็แฮปปี้คร่าาา เพราะสองมีกันแค่สองคนแม่ลูก ไปไหนไปกัน ขับคันเล็ก จุของได้เยอะ ตะลุยกันไปได้ทุกที่ ฟินทุกที่ เลิฟทุกที่เพราะรถคันเก่งของเราเลยล่ะค่ะ,positive,wisesight_sentiment,pos,234,master,False,
1893,ผมก็ยังคงมีศรัทธาเครื่องยนต์ที่สันดาปภายในเหมือนMazda รอชมครับ skyactive x น่าสนใจครับ,positive,wisesight_sentiment,pos,86,master,False,
1894,แสนสิริ ไม่มีความจริงใจกับลูกค้าเลย เสียใจมากจริงๆค่ะ ปัญหาที่เกิดขึ้นมีช่องออกมากมาย แต่ไม่ทำให้ต้องขอโทษนะคะที่บอกกับท่านแบบนึ้,negative,wisesight_sentiment,neg,129,master,False,
1895,แงงง อยากกิน,positive,wisesight_sentiment,pos,12,master,False,
1896,พรุ่งนี้ได้ป่ะ,positive,wisesight_sentiment,pos,14,master,False,
1897,วันนี้ไปกินที่สาขาโรบินสันกาญจนบุรี...ของน้อยมาก ของหมดไม่เติม ต้องขอจากพนักงาน พนักงานในร้านมีจำนวนน้อย บริการไม่ทั่วถึง พนักงานแคชเชียร์ไม่เข้าใจโปรโมชั่นก่รใช้บัตรเครดิต ไม่ยิ้มแย้ม ราคาแพงเกินไป 379 บ. ไม่คุ้มค่ากับเงินที่จ่ายไปเลน,negative,wisesight_sentiment,neg,235,master,False,
1898,น่ากินอ่ะคับ😋😋😋,positive,wisesight_sentiment,pos,15,master,False,
1899,5555ได้รอใช้กนี้พี่เขหมดก่อน,positive,wisesight_sentiment,pos,28,master,False,
1900,ไปกิน(สิ่),positive,wisesight_sentiment,pos,10,master,False,
1901,เบียร์บ๊วย / เหล้าบ๊วยพีช ร้านกินเฮอาหร่อยค่ด ยอมเมาตาย ถ้าชอบบ๊วยควรลองจริงๆๆๆๆ,positive,wisesight_sentiment,pos,80,master,False,
1902,ไอบ้า 😂 ไปกินฮอตพอทกันนน,positive,wisesight_sentiment,pos,24,master,False,
1903,ใจเอนไปทาง bobbi brown ละ555 เพราะ ysl คนใช้ละอุดตันเยอะละก็แพงกว่า555,negative,wisesight_sentiment,neg,70,master,False,
1904,ล้อเล่นครับผม มีความสุขปีใหม่นะครับ ชอบทานเอ็มเคสุดๆ,positive,wisesight_sentiment,pos,52,master,False,
1905,อยากไปกินจุงเบยหาแนวร่วม,positive,wisesight_sentiment,pos,24,master,False,
1906,โอ้ยยย ท้ายนี่นึกไปถึง พวก Yaris Ativ มาก ของจริงวิ่งบนถนนจะเปนไงนะ คหสต. ชอบตัวเก่ามากกว่า ดูมีกิมมิก,positive,wisesight_sentiment,pos,102,master,False,
1907,5555 กินอย่างอื่นฟ่า รอบหน้า,negative,wisesight_sentiment,neg,28,master,False,
1908,ประชาชนเป็นใหญ่ ประชาธิปไตยสุจริต #เลือกตั้ง62 #ประชาธิปัตย์,positive,wisesight_sentiment,pos,60,master,False,
1909,จะกิงเนื้อสไลดดดด์,positive,wisesight_sentiment,pos,18,master,False,
1910,โอ้ยยย ยอมแล้วคะซิสสส เจ้าแม่ชาบู หมูทะ จิ้มจุ่ม mk จ้างกินกันเลยที่เดียว555555,positive,wisesight_sentiment,pos,79,master,False,
1911,สุดๆไปเลย ตอนนี้มันส์สุดๆไปเลยจริงๆ ในงาน kulov max 7 presents onyx aquafest 2018 รีบมากัน ทุกๆคน เพราะความสนุกนี้มีถึงแค่วันที่ 16 เมษา หากพลาดต้องรอไปอีก 1 ปี เสียดายแย่ บอกเลยยยย#kuเลิฟ #kuเลิฟsongkranonyx #kuเลิฟสงกรานต์ #kulovmax7,negative,wisesight_sentiment,neg,235,master,False,
1912,กินแค่ฟูลมูนขวดเดียวก็มึนแล้ว เอิ่ม,negative,wisesight_sentiment,neg,35,master,False,
1913,แบบเน้ๆๆๆๆ ชีส!!!!!,positive,wisesight_sentiment,pos,19,master,False,
1914,แพงๆ เมื่อก่อนกินทุกเดือน เด่วนี้ปีละ1-2ครั้ง กินบุพเพ่เฮ้าส์ดีกว่า,negative,wisesight_sentiment,neg,67,master,False,
1915,ลาจากเบียร์ช้าง มาโซยลีโอ,positive,wisesight_sentiment,pos,25,master,False,
1916,ดันเลย พรรคอนาคตใหม่ #เลื่อนเเม่มึงสิ,positive,wisesight_sentiment,pos,37,master,False,
1917,จริงครับ ทำผมอึ่งไปเลยตรงที่สธ.ออกมาตอบว่าไม่เป็นความจริง หน้าด้านมาก..!!!!!!!,negative,wisesight_sentiment,neg,78,master,False,
1918,เทอไม่ชอบกิน,negative,wisesight_sentiment,neg,12,master,False,
1919,ขอบคุณที่ทำเพื่อพวกเราครับ ซึ้งใจหลายเด้อ,positive,wisesight_sentiment,pos,41,master,False,
1920,วันอังคารที่ 20 เครป่ะหละ,positive,wisesight_sentiment,pos,25,master,False,
1921,ลีว่ายังไงก็ยาก เพราะทุกวันนี้ตลาดนี้ยอดขายน้อยมาก เทียน่าจะตายแล้วด้วยนะ,negative,wisesight_sentiment,neg,73,master,False,
1922,น่าสนใจมากเพราะนิสสันตอบโจทย์ควาวแข็งแกร่งและสมรรภาพเยี่ยมมาก,positive,wisesight_sentiment,pos,61,master,False,
1923,เก๋งหลับในพุ่งชนรถสิบล้อ..แต่ข้างหน้ารถเก๋งไม่เป็นไรเลยสักนิด...ฮอนด้าซิตี้..ของเค้าดีจริง..R.I.P.ผู้เสียชีวิตด้วยครับ,positive,wisesight_sentiment,pos,118,master,False,
1924,เคยเข้าไปเม้นท์ในเพจไอ่หงอก มันมาตอบเอง(เรื่องที่มันอ้างว่า เบียร์ช้าง จ่ายเงินให้มาเวล นำภาพในหลวงร.9ไปใส่ในหนัง spiderman)สาวกมันเข้ามาสมทบ บอกว่าให้แคปเม้นท์ไปใส่กรอบ ที่อ.หงอกลงมาตอบเอง?? กุละขรรมกลิ้ง บอกพวกมัน ไอ่หงอกมันน่าจะดีใจมากกว่าที่กุอุตส่าห์สละเวลามาคุยกะเหี้ยอย่างมัน แม่มดิ้นกันทั้งเพจ 55555555555,negative,wisesight_sentiment,neg,313,master,False,
1925,"จะพา สมูทโตะ""ไปที่กําแพงเมืองจีนค่ะได้เดินขึ้นเดินลงถ้าหน้ามันแล้วจะไม่สวยถ้าไปเที่ยวที่นี้อยากลืม สมูทโตะ""ไปรท์..อาย smooto vita bright Eye serum ค่ะ #พาsmootoไปเที่ยว",negative,wisesight_sentiment,neg,168,master,False,
1926,นี่อยากไปพรุ่งนี้พุ่งตัวไปซีโฟร่าเลยหนาแต่ท่าพน.ต้องบีทีเอสเพราะไม่มีที่จอดหนาวันอาทิตย์ 555,positive,wisesight_sentiment,pos,92,master,False,
1927,good idea !,positive,wisesight_sentiment,pos,11,master,False,
1928,ไปค่ะ บุพเพสันคอหมู,positive,wisesight_sentiment,pos,19,master,False,
1929,เรากิน mk ก็ท้องเสีย,negative,wisesight_sentiment,neg,20,master,False,
1930,"ลาเนจก็ดี แต่ลาเนจตัวนึงก็แพงแหง่ะ แบบ20,000วอนไม่มีจริง",negative,wisesight_sentiment,neg,56,master,False,
1931,น่ากินจังเลย บอกตัวเอง,positive,wisesight_sentiment,pos,22,master,False,
1932,ถ้า ไปอีกจะพักที่นี่แหละครับ,positive,wisesight_sentiment,pos,28,master,False,
1933,ลดความอ้วนอยู่ อดเลน,negative,wisesight_sentiment,neg,20,master,False,
1934,บอกแล้วไงชีสเอ็มเคไม่อร่อย อย่าเลยแต่ถ้าเลี้ยงก็ได้หมดแล้วแต่ขุ่นพี่เลย,negative,wisesight_sentiment,neg,71,master,False,
1935,ทุกคน เราต้องไปเลือกตั้งนะ อย่าให้ลุงตู่ได้เป็นนายกอีกเลย ปกตินี่เป็นคนไม่อินการเมืองนะ แต่กะชุดนี้คือบับกุสุดจะทนจริงๆ,negative,wisesight_sentiment,neg,119,master,False,
1936,ไปไล่อ่านตามเม้นอ้ะ เขาใช้ศัพท์แบบว่าไม่เจออะไร แต่มันเจอเว้ยย,negative,wisesight_sentiment,neg,62,master,False,
1937,ไปวันนี้ได้มั้ย อยาก,positive,wisesight_sentiment,pos,20,master,False,
1938,ชุดตอกไข่ยังมีอยู่ไมคะ,positive,wisesight_sentiment,pos,22,master,False,
1939,แม่งยิ่งมีเรื่องคลิปคนดังมาเลยหนักเลยช่วงนี้อีห่า555,negative,wisesight_sentiment,neg,52,master,False,
1940,มาสคาร่า #in2it ตัวนี้กันน้ำ และกัน #รีมูฟเวอร์ ด้วย!!!!!! อีห่า เช็ดจนหนังตาจะแหกแล้ว,negative,wisesight_sentiment,neg,86,master,False,
1941,โดยรวมแล้วโอเค,positive,wisesight_sentiment,pos,14,master,False,
1942,ไปดิ..รอไร,positive,wisesight_sentiment,pos,10,master,False,
1943,จริง หากินแบบนี้🤦🏻‍♀️,negative,wisesight_sentiment,neg,21,master,False,
1944,ออเจ้า... คุณพี่ภาพ..นี้...อยากกินเบียร์ช้าง....ต้องไปจัดซะ...ให้หายอยาก..สัก...10..ขวด,positive,wisesight_sentiment,pos,87,master,False,
1945,ไฮไลท์ที่พลาดไม่ได้ของสวนสัตว์ขอนแก่น คือการเดินชมสัตวอัฟริกา บนทางเดินลอยฟ้า ทั้งมุมมองสัตว์จากที่สูง และจุดชมวิวที่งดงาม สุดประทับใจ,positive,wisesight_sentiment,pos,134,master,False,
1946,กูคนเดียวป้ะที่ใช้mamonde 23ละออกชมพูแปร๋นอยู่คนเดียว ทำไมมันไม่ตุ่นเหมือนชาวบ้านเขาบ้างงงง!!!!!!,negative,wisesight_sentiment,neg,97,master,False,
1947,ถ้ากินคนเดียวก็หยิบไม่สิงก็ช้างนี่แหละ ฮูกาเด้นไว้กรณีออกสังคม แต่ถ้าไปกะเพื่อนก็จำใจกินลีโอ ไม่ชอบเลยง่ะ มันจืด ชีวิตพี่มันขมกว่านี้ไอน้อง,negative,wisesight_sentiment,neg,139,master,False,
1948,แม่งบรรยายซะกูคอแห้งเลย 5555,negative,wisesight_sentiment,neg,28,master,False,
1949,ถ้ามรึงจะมี Civic ตัวใหม่ขับขนาดนี้ มรึงไม่ต้องกลัวค่าพวกนี้ละมั้ง -*-,negative,wisesight_sentiment,neg,70,master,False,
1950,แต่ผมชอบมาสด้า2ดีเซล ประหยัดน้ำมันดีครับ,positive,wisesight_sentiment,pos,40,master,False,
1951,รีวิวผ้าอนามัยสั้นๆเลย เจ็บ,negative,wisesight_sentiment,neg,27,master,False,
1952,บ้าไปแล้วจอยลดา นิยายเรื่องนึงชั้นต้องซื้อ4000เลยหรอ แพงกว่าซื้อหนังสือสิบเท่า นี่มันสมเหตุสมผลแล้วหรอ,negative,wisesight_sentiment,neg,102,master,False,
1953,น่ารักมากㅠ_ㅠ เป็นเด็กที่ชอบทำหน้าแบบนี้จริงๆเลยอ่าเนอะ มันเป็นยังไงอ่ะน้องงงง มันแบบโอ้ยปวดหมองโวยวายเยลลี่ในตู้เย็นหมดหรือมังเครียดมากเพราะนมผงขาดตลาด ไหนบอกหน่อย มันเป็นยังไงฮึ้น้งอ้วงงง,positive,wisesight_sentiment,pos,188,master,False,
1954,เสียงผู้ชายเรียกฮยอนจินนี่เป็นเพื่อนหรือแฟนบอยอะ5555555555555,positive,wisesight_sentiment,pos,61,master,False,
1955,"4,000,000 บาท ซื้อรถอีซูซุ มิว7 ที่เหลือ ฝาก ธนาคาร",positive,wisesight_sentiment,pos,51,master,False,
1956,เมาเหี้ยๆ บาคาดี้2ช็อต5555555555,negative,wisesight_sentiment,neg,32,master,False,
1957,มะกี้ได้ยินพนักงานทรูบอกลูกค้าว่า เราใช้แก้วกับหลอดย่อยสลายได้ค่ะ รักษ์โลก /นี่แบบ หืมมม ไม่เชื่อ หยิบแก้วตัวเองขึ้นมาเลย เออว่ะ พลาสติกเบอร์7 ดูตัวอักษร พีแอลเอ ใช่จริงๆด้วยเคยผสมเองกับมือเมื่อสิบกว่าปีก่อน พอลีแลคติกแอซิด มีหมู่เอสเทอร์ให้เกิดปฏิกิริยาไฮโดรไลซิสน้ำเข้าไปแยกได้,positive,wisesight_sentiment,pos,279,master,False,
1958,แสงที่ show dc หลากหลายดีนะ เดี๋ยวม่วง เขียว เหลือง โอ๊ยยยยมาจะครบสีรุ้งล่ะ รูปมันแต่งยากนะ 😅 ไม่ว่าจะไปครั้งไหนๆรูปที่ได้มีทุกสีจริงๆ 😂,negative,wisesight_sentiment,neg,136,master,False,
1959,มีความโดดเด่น ปราดเปรียว ด้านหน้าออกสปอร์ตนิดๆ ด้านในดูกว้างขวาง เบาะนุ่มสบาย #Rama3honda,positive,wisesight_sentiment,pos,89,master,False,
1960,มั่ยแดกแร้วลีโอ เลาจบกัง,negative,wisesight_sentiment,neg,24,master,False,
1961,คนไหนจะเปนจ้าวภาพ,positive,wisesight_sentiment,pos,17,master,False,
1962,ชอบ Honda Civic เพราะภายในกว้างขวาง ขับนิ่ม เร่งเร็วแรง ไม่กินน้ำมัน ทั้งยังใช้ E85 ได้ด้วย #ฮอนด้าที่รัก #EnjoyHondaThailand,positive,wisesight_sentiment,pos,125,master,False,
1963,ชาแนลอย่าใช้เลยคุณ เราแบบเสียดายตังค์มากก แพงแต่ไม่โอเค น้ำหอมก็แรงเหลือเกิน อยากลอง Three จะรอกลับไปสอยที่ไทยค่ะ,negative,wisesight_sentiment,neg,113,master,False,
1964,ส่วน B หายไป ชอบแบรนด์ Honda แดงสดสวยโฉบเฉี่ยว หรูดูดีมีสไตล์,positive,wisesight_sentiment,pos,61,master,False,
1965,เบื่อเธอมากพอกับการกินเอ็มเคทุกอาทิตย์เลย,negative,wisesight_sentiment,neg,41,master,False,
1966,ทุกอย่าง ยกเว้น oriental princess อ่ะ เกลียดกลิ่น,negative,wisesight_sentiment,neg,49,master,False,
1967,วันนั้นเสือกไม่ลดเน้อ 555,negative,wisesight_sentiment,neg,25,master,False,
1968,เค้าบอกอร่อยยย,positive,wisesight_sentiment,pos,14,master,False,
1969,ตกลงมึงจะเอายังไงจะให้กูดูดแต่บุหรี่มวนใช้มั้ยมึงไม่ให้กูมีทางเลือกเลยหรอ..เซ็งผลประโยชน์ล้วน😩😩,negative,wisesight_sentiment,neg,95,master,False,
1970,ทางเข้าหาไม่ยาก,positive,wisesight_sentiment,pos,15,master,False,
1971,พี่กรแม่งเอาฝีหนองให้แดกหวะ 🤔,negative,wisesight_sentiment,neg,29,master,False,
1972,หมดไปสองกลมคับ #หงส์ทอง,positive,wisesight_sentiment,pos,23,master,False,
1973,โลกออนไลน์ชื่นชม ผู้สมัคร ส.ส. ในจ.ลพบุรี พรรคเพื่อไทย พร้อมทีมงานช่วยเหลือรถหาเสียงของพรรคประชาธิปัตย์ ที่จอดเสียอยู่ระหว่างทาง #VoiceOnline,positive,wisesight_sentiment,pos,141,master,False,
1974,เตรียมอดกิน เมนูบุฟเฟต์แบบจัดเต็มไปอีกปี เพราะทางบริษัทได้ลงทุนหลายล้านบาทในการเรียกคืนสินค้า และใช้อีกหลายล้านบาทในการเรียกอบรมพนักงาน ^_^ #จำเคสกระทะดำได้ไหม ต่างจังหวัดเล็กไม่มีบุฟเฟต์แบบจัดเต็มเหมือนที่เคยมีกัน,negative,wisesight_sentiment,neg,214,master,False,
1975,Nissan Altima (Teana) รุ่นใหม่!! นอกจากรูปลักษณ์จะโดนใจแล้ว..ยังอาจมาพร้อมกับระบบขับเคลื่อน 4 ล้อ!!,positive,wisesight_sentiment,pos,99,master,False,
1976,ไม่เอา บีก้อนมีหนองอักเสบ,negative,wisesight_sentiment,neg,25,master,False,
1977,อายแชโดว& บลัช คิวเพลส ใช้ดีค่ะ ลิป ink ใช้ดีค่ะ ติดทน สีน่ารัก หอมค่ะ,positive,wisesight_sentiment,pos,70,master,False,
1978,จะบอกว่าสาขาโลตัสภูเก็ตพนง น้อย บริการช้า เพิ่มพนง หน่อยค่ะ จะได้ทั่วถึง รสชาติอร่อยเหมือนเดิม,negative,wisesight_sentiment,neg,94,master,False,
1979,เสียดายมากสาขาที่เพชรบุรีปิดไปแล้ว,negative,wisesight_sentiment,neg,34,master,False,
1980,เอาเบียร์กับsmirnoff midnightมาผสมกันกะว่าเมาๆได้หลับง่ายขึ้น อิควายดีดกว่าเดิมอีก ลุกมาขัดห้องน้ำถูกพื้นตอน5ทุ่มครึ่งแล้วกู,negative,wisesight_sentiment,neg,124,master,False,
1981,ส่งกำลังใจให้ทีมงานทุกคนครับผม,positive,wisesight_sentiment,pos,30,master,False,
1982,เหมือนจะหลอนไปเอง นิสสันน่าจะแต่งติดกล่องซิ่งมาจูน ปุ้ง ปั้ง มาด้วยเลยเหมือนเสียงยิง,negative,wisesight_sentiment,neg,84,master,False,
1983,แล้วจะให้ทำยังไงล่ะ ก็ในเมื่ออำนาจไม่ได้อยู่ในมือประชาชนเลยตอนนี้,negative,wisesight_sentiment,neg,65,master,False,
1984,อยากกกก ป่ะ เอื้อยออกซอย 150฿ 55555,positive,wisesight_sentiment,pos,35,master,False,
1985,มหชัยข้าวใหญ่กว่าปลาดิบอีก555,negative,wisesight_sentiment,neg,29,master,False,
1986,พน เทอไปทัศนศึกษาใช้มั้ย? งั้นเอาสักวันพุทบ่555555,positive,wisesight_sentiment,pos,50,master,False,
1987,จะเลิกเหล้าอียี่ห้อนี้แหล่ะ,negative,wisesight_sentiment,neg,27,master,False,
1988,แดกเบียร์ช้างทีไรเป็นอ้วกเมาค้างทุกที,negative,wisesight_sentiment,neg,37,master,False,
1989,"ทำไมรถยกสูงขึ้นนิดนึงแพงไปหมด chr, cx3 แตะล้าน มิน่าโบนัสกัน5-6เดือน 55",negative,wisesight_sentiment,neg,71,master,False,
1990,วันนี้เสียค่าเดินทางมาmrt ลาดพร้าว 40 ไป เพชรบุรี 28 ต่อด้วยเรือมา 15 รวม 73 บาท เสียเวลาไป ชม.กว่า ถ้ามาแท็กซี่ อาจจะ 200หรือมากกว่านั้น เพราะรถติดชิบหาบ แบบชิบหายจริงๆ โชคดีแท้ที่วางแผนการเดินทางก่อน อิอิ,positive,wisesight_sentiment,pos,206,master,False,
1991,ภูมิใจในตัวน้องนางมากจริงๆพูดกี่รอบละไม่รู้555 ใช้แล้วไม่รู้สึกหนักหน้าเลย เคยใช้ Nars แล้วไม่ค่อยปลื้มยังไม่หมดขวด…,negative,wisesight_sentiment,neg,116,master,False,
1992,สวยหรู สดุดตา ใครๆหลายคน นิสสันนาวารา ปิกอัพ รถคุณภาพดี มีความไว น่าใช้มากๆ,positive,wisesight_sentiment,pos,75,master,False,
1993,โว๊ยยย รีวิวเกม Too Run เล่นสนุกนะ ลุงทูแม่งคะแนนเริ่มต้นที่ 250 ด้วยวะ 5555 ไม่รู้จะปลดล็อคเล่นคุณเอก ธนาธร กับคุณหญิงหน่อยได้จริงป่าว (มีพี่มาร์คกับลุงไพบูลย์ด้วย) แต่คอมเม้นต์ใน play store อย่างฮา รายละเอียดเกมน่ารักดี ดินสอ ยางลบ หีบคูหา บัตรเลือกตั้งแต่ละใบก็ใช้เงินซื้อเอา,positive,wisesight_sentiment,pos,278,master,False,
1994,ใครที่ไม่ชอบรบกวนไปที่อื่น,negative,wisesight_sentiment,neg,26,master,False,
1995,จัดไปอย่าให้เสีย,negative,wisesight_sentiment,neg,16,master,False,
1996,ฝังใจกับimaล่ะสิ hybrid ของฮอนด้าตั้งแต่accord เขาประหยัดกว่าtoyotaนะ แถมใช้แบตลิเทียมไม่ใช่ไฮดราย,positive,wisesight_sentiment,pos,98,master,False,
1997,อยากให้ขายถึง1ทุ่มอะครับ เลิกงานก็5โมงแล้ว ไปกินไม่เคยทัน,positive,wisesight_sentiment,pos,57,master,False,
1998,น้ำมะพร้าวอัญชันอร่อยมากคับ,positive,wisesight_sentiment,pos,27,master,False,
1999,จัดเลยอย่าได้รอช้า​ ข้าหิววว,positive,wisesight_sentiment,pos,28,master,False,
2000,ดีสิแกรรรร ต้องลองเดี๋ยวไม่อินเทรนนะ🤗,positive,wisesight_sentiment,pos,37,master,False,
2001,ทำไมพอเวลา มีข่าวรถHonda ออกใหม่ ต้องมีคน มาระบาย มาบ่น เรื่องห่วยแบบนั้น แบบนี้ ทุกที ถ้าเป็นเรื่องจริง ก็น่าเห็นใจอยู่ แต่ควรไประบายที่ 0 เลยไหม ไปโวยวายที่ 0 บริการนุ้นเลย เอาให้ระเบิดไปเลย แต่...ถ้าเป็นเรื่องแต่งขึ้น เพื่อบัพค่ายนี้ ก็ขอให้เจริญลงๆๆ ทำกับใคร ขอให้ได้แบบนั้นกลับไป เพี้ยงง,negative,wisesight_sentiment,neg,292,master,False,
2002,กด WOW 😀😀 SPY Gold Seriesกับความหรู ไฮโซดถือแล้วดู Goldมากๆมี3รสให้เลือกแต่ส่วนตัว ชอบรส #พิ้งค์โกลด์ เหมาะกับสาวยุคใหม่แบบเรามาก รสชาติหอมหวานจากลูกพีชสดรสชาติกลมกล่อมดื่มง่ายให้ความรู้สึกผ่อนคลายเพิ่มเติมด้วยความสดชื่นจากฟองซ่าละเมียดละไม ในแพคเกจทันสมัยโดดเด่นน่าลิ้มลองเหมาะกับทุกความสนุกทุกการสังสรรค์ของสาวยุคใหม่,positive,wisesight_sentiment,pos,319,master,False,
2003,ไม่นะ อันนี้คนเต็มใจดูดเองถ้าของดีกว่าคนก็ต้องเลือกสิ่งที่ดีกว่า บุหรี่จริงแพงทำร้ายสุขภาพ บุหรีไฟฟ้าลงทุนทีเดียวแต่อยู่ยาวเสียเงินน้อยกว่า ดีต่อตนเองละคนรอบข้างไม่ก่อมะเร็ง เถียงไม่ได้แล้วพาลอิอิ ไหนงานวิจัยของไทยเอามาโต้ดิ,positive,wisesight_sentiment,pos,224,master,False,
2004,บาบีก้อนนนนนนนนนนนน,positive,wisesight_sentiment,pos,19,master,False,
2005,อยากหรอ ตังหมดไปกับเมื่อวานแล้ว,positive,wisesight_sentiment,pos,31,master,False,
2006,ถ้ากิน กินเอมเคโกลเหมาะก่า,negative,wisesight_sentiment,neg,26,master,False,
2007,หมี่หยกกแสนอร่อยย ฟินน😍,positive,wisesight_sentiment,pos,23,master,False,
2008,ลูกอยากกิน🤣👼🏻👼🏻👼🏻,positive,wisesight_sentiment,pos,17,master,False,
2009,โหสบายใจและ แค่หนองเอง,negative,wisesight_sentiment,neg,22,master,False,
2010,พวกพี่ สร้างมอบเลยครับ555,positive,wisesight_sentiment,pos,25,master,False,
2011,โห cx3 นั่นมาสด้า2ชัดๆ แคบกว่านี้ คงหายากแล้วครับ 😆😆😆,negative,wisesight_sentiment,neg,53,master,False,
2012,ตามใจ รำคาญ,negative,wisesight_sentiment,neg,11,master,False,
2013,เครื่องสำอางที่คิดว่ากากด๋อยสุดที่ใช้อยู่ในตอนนี้ก็ OLAY อ่ะ พวกโนเนมหรือเพิ่งเกิดให่อะไรแบบนี้ไม่กล้าใช้ ไม่ชอบมาล…,negative,wisesight_sentiment,neg,116,master,False,
2014,เมนูฮิตที่​ทุกคนชอบ ครับ,positive,wisesight_sentiment,pos,24,master,False,
2015,สู้ๆนะครับ,positive,wisesight_sentiment,pos,10,master,False,
2016,แกเคยกิน แกก็ชอบอยู่เพราะมีหลายอย่าง แต่สำโรงของน้อยเนอะ,negative,wisesight_sentiment,neg,56,master,False,
2017,แต่นี่ไม่ชอบเบียร์ช้างอะ รสชาติเหี้ย เหี้ยหมดเพราะไม่ชอบกิน ชอบพวกคอกเทลมากกว่า,negative,wisesight_sentiment,neg,79,master,False,
2018,อร่อยนะคะ ทานมาแล้ว,positive,wisesight_sentiment,pos,19,master,False,
2019,555วันนี้ป่ะ,positive,wisesight_sentiment,pos,12,master,False,
2020,เต้าเจียวหรืออะไรที่ไข่ไก่ เค็มมากค่ะ น้ำซุปก็ค่อนข้างเค็ม บอกตรงว่าไม่กล้ากินอีก ต้องเปลี่ยนอาหารจานเดียวแทน,negative,wisesight_sentiment,neg,109,master,False,
2021,ว้าวๆ ใช้ Cosluxe พอดีเลย กรี๊ดดด,positive,wisesight_sentiment,pos,33,master,False,
2022,#พาsmootoไปเที่ยว ตัวนี้หนูติดมากกกกก คือตอนนั้นหนูลองใช้ใช้ไปมันดีมาก หน้าาาไม่เเห้ง หนูพาไป รร เเล้วหนูก็ทาเพื่อนก็บอกว่าขอลองใช้หน่อย กนูก็บอก คุณสมบัติของตัว smooto จนถึงตอนนี้เพื่อนใช้เกือบทั้งห้องล่ะ ไปทะเล หนูต้อง ติดจนเเบบว่าไปบ้านญาติยังต้องพก หลังโดนเเดดหนูก็ทาตัวนี้ ดีมากกก รักกกเลย 😘😘😘😘😘😘😘,positive,wisesight_sentiment,pos,302,master,False,
2023,ใช้มึงปราบม้ากับไอให้หมดก่อนเถอะยังใงก็มีแต่กูพูดไม่ได้กูกลัวตายกูหว่งลูกหลานกู,negative,wisesight_sentiment,neg,79,master,False,
2024,เอาเสียยากเลยหราออเจ้า,negative,wisesight_sentiment,neg,22,master,False,
2025,อยากให้มีกุ้งสดจังเลย,positive,wisesight_sentiment,pos,21,master,False,
2026,มาสด้า 2 แคบนะ ข้างหลัง แต่เป็นรถหนักเหมาะแก่การขับขี่มากมายพี่เค้าใช้อยู่ๆๆ แต่เค้าว่าแกไม่ต้องคอนเซินเรื่องหนักเบาก็ได้เพราะว่าถ้าหนักข้อเสียคือเปลืองน้ำมัน เอาจริงๆเราก็ไม่ได้ว่าขับทางไกลบ่อยไรงี้ รถเบาๆก็ถือว่าดี,negative,wisesight_sentiment,neg,216,master,False,
2027,คูชั่นบาบาร่า นี่ต้องยอม ยอมหลบทางให้คนผิวขาวเลย คือแบบสีขาวมาก คนผิวคล้ำไม่ตอบโจทย์ นี่ขนาดเบอร์เข้มสุดนะ แต่ปกปิด…,negative,wisesight_sentiment,neg,116,master,False,
2028,เป็นรัฐบาลที่เฮงซวยที่สุดแล้วหน้าด้านหน้าทนตอแหลไปตอแหลมา #เลื่อนแม่มึงสิ,negative,wisesight_sentiment,neg,73,master,False,
2029,พึ่งรับรถมาวันนี้ หล่อเข้มถูกใจมากครับ #หล่อกว่าพี่ก็รีโว่นี่แร่ะ,positive,wisesight_sentiment,pos,65,master,False,
2030,Teana รถดีนะ ผมเคยใช้ J32,positive,wisesight_sentiment,pos,25,master,False,
2031,แคมรี่ยัดลูกโต สงสัยคนใส่ลูกสูบคงสายแว้นซ์มาก่อนแน่ๆ 55555,negative,wisesight_sentiment,neg,58,master,False,
2032,<Jusme Color> Essence Foundation ส่วนตัวใช้แล้วไม่ดรอปจริงๆ ค่ะ คอนเฟิร์ม แต่ไม่ค่อยควบคุมความมันเท่าไหร่ ยังมันตรงบริเวณทีโซนอยู่ ตัวนี้คิดว่าเหมาะกับคนผิวแห้งและผิวไม่มันมากกว่าค่ะ ตอนนี้ใช้จะหมดขวดแล้ว มีรองพื้นตัวไหนที่ควบคุมความมันกว่านี้มั้ยคะ,negative,wisesight_sentiment,neg,249,master,False,
2033,ลงแล้วครับ เราจะไม่หยุด,positive,wisesight_sentiment,pos,23,master,False,
2034,แย่ ผมเมาสปาย จุดจบสายขี้เมาแบบผม -_-,negative,wisesight_sentiment,neg,37,master,False,
2035,ถูกมาก ระดับโตโยต้ามันต้องเริ่มที่ 3.9 ล้านบาทสิ ไปตั้งราคาใหม่,positive,wisesight_sentiment,pos,63,master,False,
2036,มั่วชิบหาย ช้างซื้อกินขวดละ50บาทเอง มึงบอกราคาเดิม65ถุยยยย,negative,wisesight_sentiment,neg,58,master,False,
2037,นิสสันนี่รถดีแต่ผู้บริหารห่วย ตามค่ายอื่นเขาไม่ทัน เขาออกรุ่นใหม่กันให้โครมๆ นิสสันเงียบกริบ ปล.หมดประกันศูนย์แล้วหาอู่นอกดีๆไม่ง้อก้ได้,negative,wisesight_sentiment,neg,136,master,False,
2038,ถูกใจเลย กำลังมองหารถใหม่อยู่ ต้องไปชมสักหน่อย Hoda civic new Hatchback red ดูภายนอกก็สวยมากแล้วค่ะ ไปชมที่งานมอเตอร์สักหน่อย,positive,wisesight_sentiment,pos,125,master,False,
2039,อยากกินพาไปหน่อย,positive,wisesight_sentiment,pos,16,master,False,
2040,พรุ่งนี้เดี่ยวเลี้ยง 55,positive,wisesight_sentiment,pos,23,master,False,
2041,รีล่า กินได้แต่เนสเล่เหมือนกัน คริสตัลกับสิงห์คือโคตรหวานไม่ชอบมาก,negative,wisesight_sentiment,neg,66,master,False,
2042,เลี้ยงเหรอ ป่ะ,positive,wisesight_sentiment,pos,14,master,False,
2043,ไม่ชอบกินเบียร์ มีบุฟเฟ่ต์แสงโสม หงส์ทอง แม่โขง ไรแบบนี้มั้ย,negative,wisesight_sentiment,neg,60,master,False,
2044,ลดแค่แป๊ปซี่ กินเกือบพัน,negative,wisesight_sentiment,neg,24,master,False,
2045,กาวข้างหลังผ้าอนามัยติดทุกอย่างยกเว้นกางเกงในจ้าาา ใส่ดีๆ อย่าให้มันพลิกกลับด้านเด็ดขาด ไม่งั้นมีร้อง เอื้ออออออ 55555,negative,wisesight_sentiment,neg,118,master,False,
2046,ต้องไปกินรอบัตรตั๊วนิ,positive,wisesight_sentiment,pos,21,master,False,
2047,คนอะไรใจร้ายเหมือนหน้าตา 😭😭😭😭,positive,wisesight_sentiment,pos,29,master,False,
2048,สูบบุหรี่ตายกันเยอะแล้วคับ,negative,wisesight_sentiment,neg,26,master,False,
2049,อย่าตกม้าตายดังรีโว่น่ะ,negative,wisesight_sentiment,neg,23,master,False,
2050,"Mก็ของซีพี,ส่วนCนี่ก็ของเบียร์ช้าง สรุปว่าต้องซื้อแพงแต่ขายถูก งั้นยกปท.ให้2ตัวนี้ปกครองเลยดีมั้ย🐃🐃🐃",negative,wisesight_sentiment,neg,100,master,False,
2051,รับข้าวกระเทียมฟรี ^_^,positive,wisesight_sentiment,pos,22,master,False,
2052,วีออสนอกตากรุ่นแรกเลย พอปรับโฉมแล้วทำช่วงล่างไม่ดี ไม่ค่อยเกาะ,negative,wisesight_sentiment,neg,62,master,False,
2053,กูเห็นละ อยากกิน,positive,wisesight_sentiment,pos,16,master,False,
2054,ขอบคุณพี่ที่เข้าใจ,positive,wisesight_sentiment,pos,18,master,False,
2055,จริงอันนี้เข้าตาสุดๆ อยากดั้ย,positive,wisesight_sentiment,pos,29,master,False,
2056,บาบีก้อนของชั้นนน ม่าย,negative,wisesight_sentiment,neg,22,master,False,
2057,เป็นฉากจบที่เหี้ย เอาตามตรงคือกูไม่น่าอ่านเรื่องนี้เลยอะ อ่านมาครึ่งตอนว่าจะไม่อ่านต่อเพราะหลอน แต่ด้วยความขี้เสือกของกูก็แม่งต้องจำใจอ่านต่ออะ แล้วกูก็กลายเป็นคนมีอคติกะอิเพลงจัทร์เอ๋ยจันทร์เจ้า เพิ่งอ่านจบมาหมาดๆ เกร็งไปหมดไม่กล้าขยับอะ กูไม่กล้าไปขรี้!!! #ดอกไม้ราตรี,negative,wisesight_sentiment,neg,270,master,False,
2058,เพราะพื้นที่ในโครงการทั้งหมดเป็นของซีพีและเบียร์ช้างโดยอาศัยเงินงบประมาณแผ่นดินมาพ้ฒนาเพื่อสร้างมูลค่าเพิ่มบนที่ดินของนายทุนทั้งสอง,negative,wisesight_sentiment,neg,131,master,False,
2059,More Sangsom needed,positive,wisesight_sentiment,pos,19,master,False,
2060,สู้ๆนะครับ เอาใจช่วยครับ,positive,wisesight_sentiment,pos,24,master,False,
2061,สู้ๆนะครับ ถ้าเราไม่มีผู้นำ การรบกับระบบผิดๆก็ไม่ชนะ,positive,wisesight_sentiment,pos,52,master,False,
2062,ไปสิค๊าาาาาาาาา 55555,positive,wisesight_sentiment,pos,21,master,False,
2063,"แม่อยากกิน บะหมี่,เป็ดย่าง แบบแน่นๆ จัดให้หน่อยย",positive,wisesight_sentiment,pos,48,master,False,
2064,วางสินค้าขายเมื่อไหร่,positive,wisesight_sentiment,pos,21,master,False,
2065,ชัวรึมั่วนิ่ม??? 555555,negative,wisesight_sentiment,neg,23,master,False,
2066,ลอลีเอะสีเขียว เกงในแทบฉีก ใช้มาจะ10ปีละ,negative,wisesight_sentiment,neg,40,master,False,
2067,แพ้ไบโอเธิร์มแน่ๆ เหน่ยจัย,negative,wisesight_sentiment,neg,26,master,False,
2068,CX5 mazda 2 ดีเซล ปัญหาน้ำดันฝาสูบโก่ง,negative,wisesight_sentiment,neg,38,master,False,
2069,ยังไงก็ไม่ดีอะเชอะ,negative,wisesight_sentiment,neg,18,master,False,
2070,นิสสัน นาวารา ใหม่! คือเทคโนโลยีที่เปลี่ยนให้ทุกปัญหากลายเป็นเรื่องง่าย,positive,wisesight_sentiment,pos,71,master,False,
2071,ดูนิสสันหน่อยคับ,positive,wisesight_sentiment,pos,16,master,False,
2072,1. สีชมพูสดใส 2. สีน้ำตาลตุ่นๆ 3. สีส้มสดใส 4. สีชมพูตุ่นๆ ค่ะเพราะว่าแมทช์กับบลัชที่ 4U2 แจกค่ะ 😻❤️😂👄 #4u2 #4u2cosmetics #4u2thailand,positive,wisesight_sentiment,pos,134,master,False,
2073,D-condo แสนสิริ โครงการพระราม9-อ่อนนุช ตามสัญญาระบุแล้วเสร็จ พ.ค.57 แต่โครงการติดปัญหาทำให้ล่าช้า ซึ่งจะแล้วเสร็จปลายปี 58,negative,wisesight_sentiment,neg,122,master,False,
2074,เบียร์ช้างกินแล้วมีความสุข,positive,wisesight_sentiment,pos,26,master,False,
2075,เป็นโปรโมชั่นเปิดสาขาใหม่นะคะ,positive,wisesight_sentiment,pos,29,master,False,
2076,พิเศษสุดๆกับนิสสันนาวา เป็นปิ๊กอัพที่ชอบมากนั่งสบายด้วย,positive,wisesight_sentiment,pos,55,master,False,
2077,อดแหลกตามระเบียบ,negative,wisesight_sentiment,neg,16,master,False,
2078,สนใจค่าาาา ยาริสเอทีฟ,positive,wisesight_sentiment,pos,21,master,False,
2079,ไม่เหี้ยทำไม่ได้นะแบบนี้ ไอ้หน้าข้อศอกหมาเอ้ย 😡😡😡,negative,wisesight_sentiment,neg,49,master,False,
2080,ชวนแม่ไปกิน,positive,wisesight_sentiment,pos,11,master,False,
2081,สลายต้นตอสิวอุดตัน ด้วยประสิทธิภาพของสารสกัดธรรมชาติ Mangosteen Extract ลดเลือนริ้วรอย รอยดำ รอยแดง จากสิว ด้วยสารสกัดธรรมชาติ Centella Asiatica Extract คุณสมบัติที่ดีต่อผิวอ่อนโยน ปลอดภัยกับทุกสภาพผิว ปราศจากสารที่ทำให้เกิดการระคายเคือง และเช็ดสิ่งสกปรกที่เจอระหว่างวันได้สะอาดหมดจด - น้ำมัน - แอลกอฮอล์ - SLS - สารกันเสียชนิด parabenและphenoxyethanol ผ่านการทดสอบทางการแพทย์ #สมูทอีคลีนซิ่งวอเตอร์,positive,wisesight_sentiment,pos,399,master,False,
2082,เสียค่าเช่าชุดอีกไหมล่ะ5555,negative,wisesight_sentiment,neg,27,master,False,
2083,พรุ่งนี้ไปกินบาบีก้อนก่อนเถอะออเจ้า,positive,wisesight_sentiment,pos,35,master,False,
2084,เวลาหยิบก็คิดถึงว่าพอร์ชก็มีเหมือนกันนะ :) #เกรทพอร์ช แฮปปี้วาเลนไทน์,positive,wisesight_sentiment,pos,69,master,False,
2085,เน็ตควายมากกูพูดจริงเสียดายตังค์ที่ติดตั้งเน็ตโครตห่วยยิ่งดึกๆเน็ตยิ่งห่วยตอนมาติดตั้งใหม่ๆก็ดีนานๆไปเเย่ขึ้นเรื่อยๆกากกว่าเน็ตค่ายอื่นอ่ะบอกจริงไม่สนหรอกว่าจะเป็นเด็กเเล้วเม้นด่าเเบบนี้ เเต่นี้หาตังค์จ่ายค่าเน็ตมาตลอดเหนื่อยน่ะเล่นเกมส์ไปเดี่ยวก็หายกากเกินติดตั้งโปรพิเศษ100Mเเต่พอวัดดูปล่อยไม่ถึงเท่าที่ตกลงกันไว้พอโทรไปเเจ้งก็ปล่อยมาเต็มไม่กี่วันก็เหมื่อนเดิมใบเเจ้งก็มาย้อนหลัง3เดือนทุกครั้งห่วยไปน่ะบางทีโปร100M/700 กว่าบาทเเต่คุณภาพเเย่เสียดายตังค์,negative,wisesight_sentiment,neg,454,master,False,
2086,ไม่อยากแดกเอ็มเคไปอีกนาน,negative,wisesight_sentiment,neg,24,master,False,
2087,ป่ะ กินกัน,positive,wisesight_sentiment,pos,10,master,False,
2088,นี้ไงโปรมาแล้วไปหามาอีกคน,positive,wisesight_sentiment,pos,25,master,False,
2089,สูตรที่ใช่ สูตรที่ชอบ คือ “Biore Perfect Cleansing Water Acne Care” เพราะเป็นสูตรที่เหมาะกับคนเป็นสิวอย่างพวกเรา ที่ใช้เพราะจะช่วยลดการสะสมของแบคทีเรีย ลดปัญหาการเกิดสิว เหมาะกับผิวบอบบาง แพ้ง่าย เป็นสิวง่าย และยังให้ความนุ่มชุ่มชื้นสุขภาพดี แกผิวหน้าของพวกเรา #บอกลาวงจรสิว,positive,wisesight_sentiment,pos,274,master,False,
2090,เป็นอัยการภาษาไทยนี่แหละครับ อ่านครับที่คุณว่า อัยการปรเมศผมก็เคารพท่าน ผมทำอะไรให้คุณเหรอครับด่าผมห่วยแตก แค่มารยาทคุณก็ไม่ผ่านแล้วครับ ผมไม่อ่านแค่กฎหมายที่แก้ครับ ผมอ่านประกาศของต้องห้ามด้วยคุณอ่านรึยังครับ ผมอ่านเจตนารมณ์จากรายงานการประชุมยกร่างกฎหมายด้วยครับคุณมีโอกาศได้อ่านรึยังครับ ความคิดคุณมัรแคยไปนะครับือ่านที่ผมตั้งข้อสังเกตุให้แตกก่อนครับ ลักทรัพย์รับของโจรผมทำมาพันกว่าเรื่องแล้วครัยคุณเคยเห็นขอวจริงสำนวนจริงซักเรื้องมั๊ยครับทั่อ้างมา ผมสอบเข้าครัยไม่ได้จับสลาก ผมไม่ได้อ้างตำแหน่งหน้าที่การงาน ไม่จำเป็นครับ คดีดังระดับประเทศผมก็เคยทำมาแล้ว ของคุณคงทำคดีสำคัญมาเยอะถึงได้ใช้คำพูดดูถูกคนอื่น ถ้าผมห่วยแตกคุณคงต้องหาคำไหนดีมาเปรียบ แค่ความคิดคุณยังแย่ขนาดนี้ ตำแหน่งที่มีปรากฏน้องเค้าคงให้เกียรติผม โพสต์เดิมผมไม่ได้บอกว่าเป็นใคร เปิดกระโหลกให้กว้างครับ อย่าเชื่อจากคนบอก คนคว้าให้ลึกครับ เอาของพี่ปรเมศมาอ้างซะ ผมกับท่านปรเมศรู้จักกันดีครับ เป็นเพื่อนคุณอาผมด้วย ผมเคารพท่านปรเมศครับ ความเห็นทางวิชาการต่างกันได้ แต่ผมไม่เคยด่าใครที่ผมเห็นต่างว่าห่วยแตกหรือดูถูกภูมิปัญญาใครเขา แม้เราจะเหนือกว่าคนนั้นผมก็ไม่ทำครับ อ่านของท่านมีชัย ฤชุพันธ์ บ้างก็ดีนะครับ คุณอาจไม่มีหนทางที่เข้าถึงข้อมูลการประชุมยกร่าง กม. ถ้ามีก็จะทำให้ปัญญาคุณดีขึ้นครับ อย่าเอาตามที่เขาพูดมาบอก หัดค้นคว้า แล้วค้นให้ถึงค้นตอนะครับถ้ามีปัญญา อวยพรใ้ห้ครับ ก่อนเขียนผมเขียนเฉพาะให้เพื่อนๆเห็น มีน้องขอแชร์ผมอนุญาต ไม่ได้อยากดังครับ ชีวิตผมสบายพอแล้ว แต่ถ้าน้องอยากดังบ้างพี่พอจัดให้ได้นะครับ บอกได้เลย,negative,wisesight_sentiment,neg,1386,master,False,
2091,เอาใจช่วยครับ.ขอให้ผ่านไปได้ด้วยดีครับ,positive,wisesight_sentiment,pos,38,master,False,
2092,เคยแพ้เครื่องสำอาง สิวขึ้นทั้งหน้า ต้องเลิกแต่งหน้าในช่วงนั้นไปเลย ครีมอะไรก็ไม่กล้าลง พอสิวหาย ผิวก็พัง เป็นผิวมันที่ขาดน้ำ ตอนนั้นเลยเลือกใช้ aquasource ของ biotherm นี่แหละค่ะ พูดแล้วจะหาว่าเว่อร์ แต่ใช้ครั้งเดียว ตื่นมาหน้ามันดีขึ้นจริงๆ ไม่ต้องหน้านั่งเครียดกับผิวหน้าทั้งวันอีกแล้ว ลูกรักเลยตัวนี้ ♡♡ #ประสบการณ์หน้าสด #หน้าสดแต่ไม่เศร้า #BiothermThailand #AquasourceAura,positive,wisesight_sentiment,pos,377,master,False,
2093,ไม่มีภูเก็ต,negative,wisesight_sentiment,neg,11,master,False,
2094,บุหรี่ไฟฟ้า จับนะเทอ,negative,wisesight_sentiment,neg,20,master,False,
2095,สุนทรียภาพ..ของการดื่มที่ละมุนละไม..ไปกับ Heineken🍺🍺🍺,positive,wisesight_sentiment,pos,53,master,False,
2096,อยากผิงแม่แก้หนาวว จิบแสงโสมเบาๆ ถ้าบัตรฟรี เดี๋ยวเลี้ยงเหล้าเอง อิอิ,positive,wisesight_sentiment,pos,69,master,False,
2097,ภาพถ่ายจากดอยสุเทพตอนตี 3 วิวโคตรสวยเลย,positive,wisesight_sentiment,pos,39,master,False,
2098,อยากกินหมูกรอบบบบบบ ทั้งอิ่มทั้งมัน.,positive,wisesight_sentiment,pos,36,master,False,
2099,ขวานซิ่ง ทำกันซวยกันถ้วนหน้าถ้วนตา **ยอดขายนาวาร่า สีขาว ขายเเม่ค้าพ่อค้ายากละปีนี้,positive,wisesight_sentiment,pos,83,master,False,
2100,ไม่เกี่ยวกะดัดดาน เพราะคนไม่ได้เดือดร้อนอะไร ถ้าแกไม่สูบตั้งแต่แรกจนติดก้ไม่ต้องมานังเดือดร้อนงี้ป้ะโก้,negative,wisesight_sentiment,neg,103,master,False,
2101,ขอบคุณน้องหมิวมากๆเลยนะคะ 🙏🙏💗💗,positive,wisesight_sentiment,pos,30,master,False,
2102,มีใครเสียภาษีขายหุ้นให้กรมสรรพากร บอกหน่อย เบียร์ช้างไปซื้อบ.เครื่องดื่มสิงค์โปร์ Big C. บ. CP ซื้อแมคโคร บ.อาหาร USA. หลีกเลี่ยงคู่ค้าไม่ต้องเสียภาษี ?,negative,wisesight_sentiment,neg,152,master,False,
2103,ถ้าไม่ติดว่า ชอบ rukkit ไม่แดกหรอก ubeer,negative,wisesight_sentiment,neg,40,master,False,
2104,ฝาชีชอบหมูบด เราชอบลูกชิ้นคริสตัล,positive,wisesight_sentiment,pos,33,master,False,
2105,Kulov แม่งเมาค้างมากก,negative,wisesight_sentiment,neg,21,master,False,
2106,อีดอก กินหมูไม่ได้กินเนื้อ,positive,wisesight_sentiment,pos,26,master,False,
2107,อิห่าราก กูแพ้แสงโสมเหรอวะ หมดไส้หมดพุง,negative,wisesight_sentiment,neg,39,master,False,
2108,มั่วแต่จ้องจะจับแต่บุหรี่ไฟฟ้า,negative,wisesight_sentiment,neg,30,master,False,
2109,ลาก่อนเบียร์ช้าง...สวัสดีลีโอ,negative,wisesight_sentiment,neg,29,master,False,
2110,เกลียดการขายเบียร์ช้าง,negative,wisesight_sentiment,neg,22,master,False,
2111,เบื่ออาการแพ้ผ้าอนามัยของตัวเองมากแพ้ชิบหายแต่ก่อนไม่เป็นพอเป็นแล้วลามแม่งทุกยี่ห้อจะบ้า,negative,wisesight_sentiment,neg,88,master,False,
2112,1.9ก็วิ่งมหาสารเกาะถนนด้วยรีโว่ยังเทียไม่ได้เลยของเค้าดีจริงๆว่าแล้ว4ประตูซักคันดีมั้ยเรา,positive,wisesight_sentiment,pos,89,master,False,
2113,อยากได้กะบะออโต้หรือรถhondajazz,positive,wisesight_sentiment,pos,31,master,False,
2114,แค่ไม่ปล่อยควันมือ 2 ก็ถือว่าคุณประโยชมหาศาลแล้ว,negative,wisesight_sentiment,neg,48,master,False,
2115,ช้ำใจกับอินนิสฟรี เจ็บใจมาก,negative,wisesight_sentiment,neg,27,master,False,
2116,อือหืออ ต้องจัดด เดี๋ยวได้เงินละจัดเลยย,positive,wisesight_sentiment,pos,39,master,False,
2117,จะเอาแรงไปไหนครับเครื่อง ลัมโบเมืองนอกขี่ในเมืองได้แค่60 นอกเมือง90 ทางไฮย์เวย์120 ได้ยินแต่เสียงท่อ แต่ก็ไปถึงที่หมาย พอๆกับวีออส,negative,wisesight_sentiment,neg,130,master,False,
2118,เท่จังจับบุหรี่ไฟฟ้าได้🤬😡,negative,wisesight_sentiment,neg,25,master,False,
2119,ก้อไว้รอก่อนเลยไง จะได้ไม่ตื่นเต้นทีหลัง,positive,wisesight_sentiment,pos,40,master,False,
2120,คงจะลดเหลือ299 แค่สมาชิกค่ะ มะวานไป379อยู่ค่ะ แต่คุ้มค่ะอร่อยเวอร์,positive,wisesight_sentiment,pos,66,master,False,
2121,โอยยยยยย นีเวียยยยยยยยยยยยย,negative,wisesight_sentiment,neg,27,master,False,
2122,เคยได้ยินมานานละว่าลิปสีแดงของ Armani Beauty คือสุดยอด คือความ iconic ก็ไม่เก็ตหรอก มาวันนี้โดนกับตีวเองแล้วเข้าใจเลย Armani Maestro Lip Stain เบอร์ 400 คือสุดยอด ที่คนรักการแต่งหน้าไม่มีไม่ได้อ่ะ เป็นสีแดงแบบก่ำแดงจริงแน่นๆ ทาแล้วมีพลังมาก เนี้อดีมากระดับที่ปาดลงไปคือเนียน สวย แบบลืมไปได้เลยที่เคยคิดว่าสีแดงทายาก ต้องทาของปาก แท่งนี้ทาเองเดี่ยวๆปาดเดียวจบ สวยซึ้ง ราคายังไม่แน่ใจ เพราะเคาทเตอร์เปิด 3 พค นี้ ที่เซนทรัลลาดพร้าว คุณเชื่อเรา มันดีจริงๆ ดีจนเราจะไปสอยสีอื่นด้วย ไม่ควรพลาดด้วยประการทั้งปวง #armanibeauty #armanibeautythailand,positive,wisesight_sentiment,pos,541,master,False,
2123,Lip matte stick ของ nyx นี่ทำปากแห้งเหมือนกันนะ,negative,wisesight_sentiment,neg,47,master,False,
2124,ทาร์ตถูกๆ ดีด้วย เค้าชอบทาร์ต naked คือเนื้อแป้งๆ ไม่ชอบ ซื้อต่อมือสองมายังเสียดายเงิน,negative,wisesight_sentiment,neg,86,master,False,
2125,ที่สุดเลย..เหมือน มาสด้า ที่สุด,positive,wisesight_sentiment,pos,31,master,False,
2126,1.9 ไปทำมาขนาดนี้ จากเดิมแค่150ม้า ไปทำมาซะเยอะ 185ม้า แต่นาวาร่าเดิมๆ ไม่ต้องไปแต่งอะไรก็จัดมาให้190ม้าครับแบบไม่ต้องดิ้นให้เหนื่อย เครื่องไปทำมาแล้ว มาเกทับผมว่ามันตลกครับ จริงๆห่างกันแค่5ม้า ตามหลักทฤษฎีแล้วแทบไม่รู้สึกถึงความต่างเลยครับ รถผมเสียเงินซื้อมาได้รถที่พร้อมใช้งาน แต่รถคุณรถตลาดค่าตัวที่แพงกว่า แต่ต้องต้องจ่ายค่าของแต่งเพิ่มอีกหลายรายการเพื่อที่จะว่าให้วิ่งทัน แล้วบอกไม่ต้องทำไรมาก เปลี่ยนกล่องใหม่ เปลี่ยนเทอโบใหม่ เปลี่ยนแคมใหม่ (ท่อก็ต้องเปลี่น)ทำมาขนาดนี้ถ้าบอกไม่เปลี่ยนก็เสียเวลาเปล่าถูกมั้ยครับ จากรถที่ได้ชื่อประหยัด (คงไม่ประหยัดซะแล้วละครับ) ถ้าคนเค้ามีความคิดที่เป็นกลาง เค้าก็คงรู้แล้วครับว่าค่ายไหนหน้าใช้กว่ากัน ขอโทษสมาชิกด้วยครับที่เขียนเยอะ แต่ผมฟังเค้าตอบแล้วตลก และขัดความรู้สึกมากครับ..,positive,wisesight_sentiment,pos,723,master,False,
2127,เอาแทนฮอทพอทปะละ,negative,wisesight_sentiment,neg,16,master,False,
2128,เผย 10 อันดับรถญี่ปุ่นประหยัดน้ำมันสุดปี 2017 'พรีอุส' คว้าอันดับ 1,positive,wisesight_sentiment,pos,67,master,False,
2129,ชอบๆๆนิสสันใช้ดีมากๆทนทานแข็งแรงประหยัดน้ำมันดีไซน์สวยงามภายในกว้างใหญ่,positive,wisesight_sentiment,pos,71,master,False,
2130,ห่ะ เนื้อเป็นฝี,negative,wisesight_sentiment,neg,15,master,False,
2131,วอดก้ากลับไปกินได้อีก แต่เบลนี่ควรพอ รอบเดียวพอ,negative,wisesight_sentiment,neg,47,master,False,
2132,เหนด้วยอีกหนึ่งเสียงจ้า โค้กก่อนไม่ซ่าส์เร้ยY_Y,negative,wisesight_sentiment,neg,47,master,False,
2133,ok เย้ๆๆ ผึ้งเลี้ยงงง,positive,wisesight_sentiment,pos,21,master,False,
2134,แงงงง ฝากถ่ายรูปด้วยค้าบบ เห็นนางดื่มช้างแล้วใจไม่ดีเลย5555555555,negative,wisesight_sentiment,neg,65,master,False,
2135,ชาติไทยพัฒนานี่มีสนธิ (ที่รัฐประหารสมัยเราป.2) ด้วย คนที่ไม่เคารพหลักการประชาธิปไตยคนนี้ หน้าด้านมาลงเล่นการเมืองด้วยหรอ ไม่ละอายใจหรอ,negative,wisesight_sentiment,neg,134,master,False,
2136,ไว้สิ้นปี ทำกินที่บ้านเถอะ 555,negative,wisesight_sentiment,neg,30,master,False,
2137,ไม่มีอยู่แล้วเพราะกูไม่กินเอ็มเค,negative,wisesight_sentiment,neg,32,master,False,
2138,วิ่งไปจุดพลุที่ร้านบาร์บีก้อน,positive,wisesight_sentiment,pos,29,master,False,
2139,ไม่อร่อย 😂 กินน้ำใสปกติเถอะ,negative,wisesight_sentiment,neg,27,master,False,
2140,แต่รีวิวก็เชื่อไม่ได้ร้อยเปอร์หรอกต้องลองเอง นี่แพ้อินนิสฟรีเซ็ตชาเขียวทั้งตระกูลไม่ใช่แต่ตัวเซรั่ม ขนาดแบรนด์เคลม…,negative,wisesight_sentiment,neg,115,master,False,
2141,สาขากาญจน์ของก็คงน้อยตามเคย,negative,wisesight_sentiment,neg,27,master,False,
2142,น่ากินอะ เมื่อคืนไมไม่เห็น,positive,wisesight_sentiment,pos,26,master,False,
2143,ไม่น่ามีบุหรี่ไฟฟ้าขายนะ,negative,wisesight_sentiment,neg,24,master,False,
2144,หว้ายยยน่าลองงงจัง เรื่องสุขภาพเนี้ยยย,positive,wisesight_sentiment,pos,38,master,False,
2145,ก้อ นิชดา เกินสะแล้วมั้งจันเจ้า,negative,wisesight_sentiment,neg,31,master,False,
2146,ชอบรถเก๋งMazda 3 ชอบsport เอนกประสงค์ Ch-r ตอนนี้ชอบ Ch-r มากกว่า555,positive,wisesight_sentiment,pos,68,master,False,
2147,ถ้ามาตามแบบนี้มันยังคงแพ้ มาสด้าสอง กับสวิฟอยู่ดี สวยกว่ารุ่นเก่า แต่มันยังดูเชยกว่าคู่แข่ง,negative,wisesight_sentiment,neg,91,master,False,
2148,ส่วน B ค่ะที่หายไป ชอบความปราดเปรียว สีแดง หรูหรา เจ็บเปรี้ยวเข็ด #Rama3honda,positive,wisesight_sentiment,pos,77,master,False,
2149,กินกันไหมวันพน,positive,wisesight_sentiment,pos,14,master,False,
2150,เราไปร้านจะไปกิน พนง.บอกรีฟิวยังมาไม่ถึง เราก็งงๆ55,negative,wisesight_sentiment,neg,51,master,False,
2151,วันนี้มากินเอ็มเค สาขาบิ๊กซีอ่อนนุช เป็นเพราะเรานั่งโซนด้านในเราจึงเห็นพนักงานยืนจับกลุ่มกันไม่ค่อยสนใจลูกค้าจนลูกค้ากินของคาวเสร็จละ ก้อไม่เก็บจานชาม สั่งของหวานมาเสริฟก้อวางซะห่างตัวลูกค้า..เพนาะไม่เก็บโต๊ะไงน้ำจิ้มนี่ก้อไม่มองไม่ขอก้อไม่เติมอันนี้เข้าใจได้นะ...ไม่ประทับใจสาขานี้ไม่เหมือนสาขาอื่นเลยอ่ะ,negative,wisesight_sentiment,neg,305,master,False,
2152,แต่บับอหๆๆๆๆๆๆ วนว.ก็ต้องเสียเก้าเปอก็ต้องเสีย อินนิสฟรีเทอมันร้าย!!,negative,wisesight_sentiment,neg,68,master,False,
2153,ซื้อช้างแดกง่ายกว่าอีสัส 555555,negative,wisesight_sentiment,neg,31,master,False,
2154,ไปเชียงรายนี่แดกอะไรไม่รู้ แต่ที่รู้ๆคือเรดผสมโค้ก(.....),negative,wisesight_sentiment,neg,57,master,False,
2155,งานโคฟของ show dc นี่วงลงเยอะมากเลยนะ แล้วก็เทหลายวงเหมือนกัน แบบรู้สึกว่างานนี้คือหลายๆอย่างไม่ค่อยโอเคเลยอ่ะ,negative,wisesight_sentiment,neg,110,master,False,
2156,วันนี้ยังไง,positive,wisesight_sentiment,pos,11,master,False,
2157,ค้นพบแล้วว่าแดก285ไม่ได้จริงๆ...,negative,wisesight_sentiment,neg,32,master,False,
2158,นี่ๆเจอที่พาราก้อนค่ะ ร้านแมคโดนัล บอกลูกสาว(มัธยมต้น) ให้แซงคิวไปซื้อเลยไม่ต้องกลัว(เสียงดังมาก) ถ้าใครมีปัญหาเดี๋ยวโทรตามบอดี้การ์ด😱 คุณพระตอนนั้นบอกเลยว่า ลูกสาวก็อายชาวบ้านจนจะมุดดินหนีไปเลย อีแม่นิสัยเสีย เหตุการณ์หลายปีมาแล้วยังไม่ลืม,negative,wisesight_sentiment,neg,240,master,False,
2159,หืมม เพิ่งจะเคยแพ้ผ้าอนามัยอะ แบบบ..ฟกะไยดฝแบห้ห้ำคำรกยด,negative,wisesight_sentiment,neg,56,master,False,
2160,งดกินไปก่อนนน,negative,wisesight_sentiment,neg,13,master,False,
2161,จัดไปสิคะ..,positive,wisesight_sentiment,pos,11,master,False,
2162,ฮรือแพ้นีเวียผื่นขึ้น😭,negative,wisesight_sentiment,neg,22,master,False,
2163,อยากกินอ่ะ,positive,wisesight_sentiment,pos,10,master,False,
2164,อร่อยเมื่อวานไปทานที่ไอทีสแควร์..หลักสี่😀,positive,wisesight_sentiment,pos,41,master,False,
2165,อยากได้ทุกขิ้นเลยค่ะ,positive,wisesight_sentiment,pos,20,master,False,
2166,อุ๊ยดีค่ะ ดีทั้งใหม่ ทั้งลอลีเอะเลย ร้องดี ใช้ดี,positive,wisesight_sentiment,pos,48,master,False,
2167,น่ากินเอนิๆ,positive,wisesight_sentiment,pos,11,master,False,
2168,Toyota Vios คือ โดนตัดรุ่น ที่แท้จริง .. โดน Yaris Ativ เสียบ,negative,wisesight_sentiment,neg,61,master,False,
2169,GTRอัลลัยหน้าตายังกะnissan Z,negative,wisesight_sentiment,neg,28,master,False,
2170,เสียดายจัง,negative,wisesight_sentiment,neg,10,master,False,
2171,ก็คงสุ่มไงครับก้อน ไม่ได้เอาแต่งดี,negative,wisesight_sentiment,neg,34,master,False,
2172,ครั้งที่สองที่แดกฟูลมูน แต่นี่แดกไปแค่แก้วเดียว คันปากยิบๆ,negative,wisesight_sentiment,neg,58,master,False,
2173,เห็นข่าวแล้วอุทานได้อย่างเดียว ชิบหายละพึ่งสังอะตอมมาด้วย,negative,wisesight_sentiment,neg,57,master,False,
2174,เซตเบิดเดย์ ค่ะ อิ่มๆ,positive,wisesight_sentiment,pos,21,master,False,
2175,ตอนนั้นอยากเปลี่ยนรถเพราะ wish เก่าแล้ว + กินน้ำมันเอาเรื่องนะสำหรับขับในเมือง 9-10 กม. ลิตร แหนะ.. ตัดมาภาพที่ Teana ซัดไป 8.5 กม./ ลิตร 😅,negative,wisesight_sentiment,neg,139,master,False,
2176,เดี่ยวพาไปเลี้ยงย้อนวันเกิด .. 29 ธันวา,positive,wisesight_sentiment,pos,39,master,False,
2177,อยากกินวะ แก,positive,wisesight_sentiment,pos,12,master,False,
2178,ยี่ห้อนี่ เขาชอบตั้งชื่อ ลงท้ายด้วย สระอา เทียน่า อัลเมร่า นาวาร่า เทอร่า พัลซ่า ยามาฮ่า แฮร่,positive,wisesight_sentiment,pos,93,master,False,
2179,ลงทะเบียนเรียบร้อยค่ะ,positive,wisesight_sentiment,pos,21,master,False,
2180,ช็อคที่ 1 Benz ขึ้นอันดับ 5 ชนะ มิตซู นิสสัน ฟอร์ด ช็อค 2 MG มาแรงมาก ช็อค 3 เข้าไปดู BMW ติดที่ 11 ปล chev หายสาบสูญ อันนี้ไม่ช็อค,negative,wisesight_sentiment,neg,131,master,False,
2181,มื้อเที่ยงฮะ,positive,wisesight_sentiment,pos,12,master,False,
2182,เบียร์สิงห์ขวดเล็กขวดเดียวสามารถทำให้กูนอนทั้งวันได้,negative,wisesight_sentiment,neg,52,master,False,
2183,ไม่เคยอยากได้เครื่องสำอางขนาดนี้😂 แแพม มม,positive,wisesight_sentiment,pos,41,master,False,
2184,เด่วนะ family mart ขาย เบียร์ ช้าง ทำไมไม่เดือดกัน #โลกสวยไปอีก #คนไทย ชอบมองว่าสิ่งนั้นไม่ดีไม่งาม #แต่ใจสกปรก,negative,wisesight_sentiment,neg,111,master,False,
2185,กิ่งที่ช่วยเติมเต็มรสชาติความอร่อยในมื้ออาหารของเราคือเสียงเพลง แนวจังหวะเพราะๆ ฟังสบายๆ กินไป ฟังไป สำหรับเราไม่เคยขาดเพื่อนเพราะมีช้างค่อยเติมคำว่าเพื่อนเสมอ นอกจากช้าง จะเติมเต็มคำว่าเพื่อนแล้ว ยังเติมเต็มให้รสชาติอาหารมื้อนั้นอร่อยและเป็นมื้อพิเศษสุดๆ ยิ่งได้กินกับเพื่อนแล้วฟังเพลงชิวจากวงโปรดแบบรูม39 มีความสุข,positive,wisesight_sentiment,pos,316,master,False,
2186,จะเลี้ยงใช่แม้ะะ ? 😄,positive,wisesight_sentiment,pos,20,master,False,
2187,ถ้าไปกินก็ได้มา,positive,wisesight_sentiment,pos,15,master,False,
2188,เปิดแว้ววววว,positive,wisesight_sentiment,pos,12,master,False,
2189,อีกหนึ่งเรื่องใหญ่มากๆ ที่ต้องช่วยกันจับตาครับ... ว่ากฎหมายฉบับนี้เอื้อผลประโยชน์ให้ใคร แม้มีเสียงคัดค้านมากมาย แต่ก็มีค.พยายามผลักดันจะผ่านให้ได้,negative,wisesight_sentiment,neg,146,master,False,
2190,อีควายกุไม่ได้รวยนะอีเหี้ย,negative,wisesight_sentiment,neg,26,master,False,
2191,บุหรี่ไฟฟ้าดีกว่าประหยัดกว่า..,positive,wisesight_sentiment,pos,30,master,False,
2192,"คุณยังไม่เข้าใจประเด็น ประเด็นคือ Nissan March, Almera, Sylphy, Pulsar, Juke, Livina , Mitsubishi Mirage, Attrage และ Suzuki Swift Ciaz ต่างก็ใช้ Jatco CVT 7 เช่นเดียวกับที่ใช้ใน All new Suzuki Swift ในเมื่อ All new Suzuki เปลี่ยนน้ำมันเกียร์ทุก 2 หมื่น กม. นั่นก็หมายความว่ารถยนต์ทุกรุ่นในเมืองไทยที่ใช้เกียร์ Jatco CVT7 ก็ควรปรับเปลี่ยนระยะเปลี่ยนมาเป็น 2 หมื่นกม. เช่นกัน",negative,wisesight_sentiment,neg,374,master,False,
2193,สวัสดีครับ คุณมีน ไม่ทราบว่าคุณมีนเข้าใช้บริการที่สาขาใดครับ ที่พบปัญในเรื่องของเครื่องดื่มรสชาติจืด ก้อนจะได้แจ้งฝ่ายที่เกี่ยวข้องให้ทำการปรับปรุง แก้ไขให้ดียิ่งขึ้นต่อไปครับ,negative,wisesight_sentiment,neg,175,master,False,
2194,5555 จัดไหม,positive,wisesight_sentiment,pos,11,master,False,
2195,เห็นด้วยครับ อย่าว่าแต่ข้าวผัดกระเทียม ข้าวขาวยังแข็งมากจนกินไม่ได้เลยบางครั้ง ฝากก้อนด้วย,negative,wisesight_sentiment,neg,90,master,False,
2196,แม่โขง แสงโสม ดีที่สุด,positive,wisesight_sentiment,pos,22,master,False,
2197,ผู้นำเรื่องเหี้ยอะไร คนด่าทุกโพส เน็ตเหี้ยๆ,negative,wisesight_sentiment,neg,43,master,False,
2198,มี Honda city type ปี08 เครื่องแรงดีมาก สนใจเทรินค่ะ,positive,wisesight_sentiment,pos,52,master,False,
2199,บุหรี่ไฟฟ้าปรับเป็นแสน แหวนเพรช นาฬิกาหรู ร่วม 30-40ล้าน ไม่แจ้งถือร่ำรวยผิดปกติ.....ต้องยึดทรัพย์ . รอไรอยู่.....คุกด้วย กฎหมายใหม่ ประหารนี่นา...,negative,wisesight_sentiment,neg,147,master,False,
2200,ขี้แตกด้วยมึง กินลีโอเปนงี้ตล่อดด 555,negative,wisesight_sentiment,neg,37,master,False,
2201,ลองเบิ่งป่ะ,positive,wisesight_sentiment,pos,11,master,False,
2202,♥️ 😬สุขสันต์วันเกิดค้าบคุณพ่อ😬 ♥️ ... มีเวลาแค่พักเที่ยงพ่อมาถึงบ้านพอดี จัดเสื้อลายสวย ๆ jaguar ( พ่อไม่ชอบใส่สี ๆ) บวก น้ำดื่มมีประโยชน์ jackdaniel’s พร้อมรับประทานอาหารนาน ๆ ได้กินที mk’ ... 😳😳😳😳😳😳😳😳 😂พ่อร้องไห้ 😂 🎈🎉🎊🎉🎊🎉🎊🎉🎊🎉🎈 “ คำอวยพรของแม่พ่อล้ำค่าที่สุด “,positive,wisesight_sentiment,pos,261,master,False,
2203,กูหงุดหงิดโว้ยผ้าอนามัยโคตรเหี้ยอ่ะกาวนี่ไม่ได้เรื่องไม่ติดเลยผีมากรำคาญ!,negative,wisesight_sentiment,neg,73,master,False,
2204,เอมเคเป็นไรที่เบื่อที่จะกินมาก อยากกินซูชิกับหมี่เยนแต่คือแม่กับน้องชอบกินง่ะ แล้วประเด็นแม่เลี้ยงเลยเออๆกินก็ด่ะ5555,negative,wisesight_sentiment,neg,117,master,False,
2205,ประทับใจจจจจ ^^,positive,wisesight_sentiment,pos,15,master,False,
2206,อยู่ดีดีก็เรียกทุกสิ่งอย่างว่าน้องไปหมด ไม่ว่าจะสัตว์สิ่งของหรือแม้แต่อาหาร วันก่อนนู้นไปกินบาบีกอนกับเพื่อน คีบหมูแล้วหล่นลงช่องซุป ก็อุทานว่าน้องจมน้ำ เพื่อนตกใจหันมาถามน้องไหน นี่บอกน้องหมู มานึก ๆ ก็แบบ ถ้ากูเป็นเพื่อนได้โดนโบกสักทีอะ 55555555 วงวารเพื่อน,negative,wisesight_sentiment,neg,259,master,False,
2207,Jazz RS+ กับ Mazda 2 1.5 XD High Connect ตัวไหนน่าสนใจกว่ากันครับ ปัจจุบันใช้ Mirage ขับคนเดียว (ไป-กลับที่ทำงาน 50 กม) ถ้าถนนโล่งขับเรื่อย ๆ 80-100 แต่ชอบมุดหลบรถที่ขับช้าขวางทาง แล้วก็กลับไปความเร็วปกติ แต่เกียร์ CVT ของ Mirage มันตอบสนองช้าจนน่าหงุดหงิด เลยไม่แน่ใจว่าของ Jazz มันจะลบข้อด้อยตรงนี้ไปได้ไหมครับ ปล. ตอนแรกเล็ง CX-3 2.0 S แต่เริ่มมองว่ามันเกินความจำเป็น และพื้นที่ภายใน (รวมถึง Ground clearance) มันไม่ต่างกับ Mazda 2 เลย (กับส่วนต่าง 2 แสนบาท) (และค่าประกัน + ภาษี + ซ่อม + น้ำมัน น่าจะต่างกันประมาณนึง),positive,wisesight_sentiment,pos,521,master,False,
2208,แดกบุฟเฟ่ต์เหอะ อิ่มกว่า,negative,wisesight_sentiment,neg,24,master,False,
2209,น่ากินเนอะ,positive,wisesight_sentiment,pos,10,master,False,
2210,อยากกินบุพเฟ่,positive,wisesight_sentiment,pos,13,master,False,
2211,ผมดูอยูทึ่ทำงานกับเพื่อนๆคับ,positive,wisesight_sentiment,pos,28,master,False,
2212,หาแดกกับทุนอำนาจเก่า ได้สิทธิพิเศษจากไอ้เปรม แก้กฏหมาย ได้โควต้าพิเศษมาเยอะ นี่จะได้ทำรถไฟฟ้าสายสีทอง รถไฟความเร็วสูง สื่อเหี้ยๆก็ได้เงินโฆษณาปิดปาก ยกประเทศให้แม่งไปแบ่งกับไอ้เบียร์ช้างเหอะ,negative,wisesight_sentiment,neg,190,master,False,
2213,จะเรียกว่าถูกหวยป่าวคะ😄 แต่คุณมีน้ำใจมากค่ะชี้แจง แบบเรียบๆ แบบเข้าใจทางร้าน,positive,wisesight_sentiment,pos,76,master,False,
2214,สนับสนุนการปรับปรุง เห็ดกินแค่สองคำหมดไม่คุ้มราคา,negative,wisesight_sentiment,neg,49,master,False,
2215,น่าสนมากกกก แต่ก็ยังกินไม่ได้อีก😂😂,positive,wisesight_sentiment,pos,34,master,False,
2216,หงุดหวิดกับกาวผ้าอนามัย,negative,wisesight_sentiment,neg,23,master,False,
2217,รีวิวผ้าอนามัยสูตรเย็น แบบสั้นๆนะ ' ตัวอยู่แอฟริกาจิ๋มอยู่ขั้วโลกเหนือ ' อีดอก หนาวจนจิ๋มชาไปหมด 5555555555555,negative,wisesight_sentiment,neg,110,master,False,
2218,ถ้าลุงกับพวกกกต.เป็นเด็ก แล้วจับกลุ่มเล่นกัน กูคงเรียกได้อย่างเดียว 'ไอ้เด็กเหี้ย',negative,wisesight_sentiment,neg,82,master,False,
2219,ฉีกทุกกฎของการโฆษณาผ้าอนามัยปกติจะเห็นแต่แบบสวยละมุน ซาร่ามาแบบสวยฮาเลย ยอมใจ,positive,wisesight_sentiment,pos,77,master,False,
2220,รอกินหรือรอผล,positive,wisesight_sentiment,pos,13,master,False,
2221,กูจะไม่ใช้โซฟีละ หมันไส้,negative,wisesight_sentiment,neg,24,master,False,
2222,จับบุหรี่ไฟฟ้ายัดตูดแม้ง,negative,wisesight_sentiment,neg,24,master,False,
2223,มึงบ้าไปแล้วจิงๆด้วยออกกฏหมายอะไรของมึง ไอ้บ้า โกงบ้านกินเมืองมึงออกกฏหมายจับมังวะ,negative,wisesight_sentiment,neg,82,master,False,
2224,ชอบ Biore สูตร Oilclear ค่าา เพราะเป็นคนที่มีผิวมีรูขุมขนกว้างมากก น้ำมันผลิตเยอะตลอดวัน และเป็นคนแต่งหน้าออกจากบ้านตลอด เวลาเช็ดเครื่องสำอางจึงอยากใช้สูตรที่ขจัดความมันโดยตรง เพราะมีทั้งน้ำมันของหน้ากับเครื่องสำอางรวมกัน เยิ้มมาก จึงเลือกสูตรนี้ที่ขจัดความมันโดยตรง เพราะกลัวจะอุดตันที่ผิวมากก,positive,wisesight_sentiment,pos,294,master,False,
2225,ยังงัยถ้าเราเหน เรากะคงไม่กินชิ้นนั้นยุดี...,negative,wisesight_sentiment,neg,44,master,False,
2226,รถไม่มีเซนเซอร์ งานเข้าแล้ว ฟอร์จูนเนอร์ บริษัทไม่ได้ติดตั้งมาเหรอ ไอ่....หน้าด้านแถแท้ๆ,negative,wisesight_sentiment,neg,88,master,False,
2227,อยากได้ anessa 🎉,positive,wisesight_sentiment,pos,16,master,False,
2228,"คืนนี้ตั้งใจจัดหนักทั้งทีจะให้ ""กูหลับ“ ภาพตัดเร็วไปได้ไง เสียหมดชื่อเสียงที่สร้างมา จะมันส์ทั้งทีต้อง ""KUเลิฟ"" ดิวะ เลือกเอาจะหลับหรือจะเลิฟ แต่กูอ่ะต้องสนุกไว แต่อยู่ได้ยาว ๆ ""KUเลิฟ"" เท่านั้นชั่วโมงนี้... อิอิ!! #ชีวิตต้องไม่สะดุด #อย่าหยุดKU #สนุกไวไม่สะดุด #KULOVMAX7 #กลับไม่ดึก",negative,wisesight_sentiment,neg,284,master,False,
2229,ฮอนด้าเอาเรื่อง! หนุ่มใจกล้าที่ขึ้นหลังรถชูป้าย กรณี HR-V เสีย 20 รายการ #ข่าวฮอนด้า #ข่าวยานยนต์ #เว็บรถมือสอง…,negative,wisesight_sentiment,neg,112,master,False,
2230,หมูสไลทุกแบบน้ำจิ๋มซีฟูด,positive,wisesight_sentiment,pos,24,master,False,
2231,Jukeมาก่อน Ch-r ออกต้นแบบ Honda Civicลอกไฟท้าย Hrvเสียบต่อทันทีครับ พี่โตมัวแต่รำมวย,negative,wisesight_sentiment,neg,84,master,False,
2232,สามี พาเค้าไปหน่อยจิ 😚😚😚,positive,wisesight_sentiment,pos,24,master,False,
2233,นิสสันถ้ามีของในสต็อกสั่งวันนี้พรุ่งนี้ได้ของครับ ถ้าเป็นโชว์รูมในเขตกรุงเทพบางทีสั่งเช้าบ่ายมาถึงแล้วก็มี,negative,wisesight_sentiment,neg,106,master,False,
2234,ป้ายแดงก้อแค่ยาริส นึกว่าBMW,negative,wisesight_sentiment,neg,28,master,False,
2235,เสียใจจังเลยค่ะ แต่ถ้าเปลี่ยนใจเมื่อไหร่อย่าลืมอินนีสฟรีนะคะ😊🙏🏻,negative,wisesight_sentiment,neg,63,master,False,
2236,หล๋วยยยยยย ของมันต้องมีจิงๆ Roller-Pearl blooming bouquet ปกติใช้ dior ไม่ติดเลยฮะ (ฉีดน้ำหอมของdiorไม่เคยติด) เลยซื้ออันนี้มากลิ้งๆ ติดทนมาก พกง่ายด้วย 9/10เลยงับ 💘🌸✨ #ของดีบอกต่อ #ของมันต้องมี #ไว้รีวิวห้ามขายของของโว้ยย #รีวิวคสอ #dior #diormakeup,positive,wisesight_sentiment,pos,250,master,False,
2237,ไปกัน บาบิก้อนน555555,positive,wisesight_sentiment,pos,21,master,False,
2238,แท็กซี่สีเขียวเหลือง ทะเบียน 1 มก 1111 กทม. ทิ้งผู้โดยสาร และหลอกเงินค่าโดยสาร ทำให้ผู้โดยสารพลัดหลง ในคืนวันที่ 31 ธค. แทนที่เค้าจะได้กลับบ้าน มึงทำให้เค้าหลง ไม่มีที่นอน แถมยังเอาตังเค้าไปอีก #แท็กซี่ #คนเลว2019 #คนหาย #ThaiPBS,negative,wisesight_sentiment,neg,229,master,False,
2239,รอดูต่อไป แต่ถ้าจะไปนะ โชว์ดีซีไปยาก ถ้าไม่มีรถตัวเองก็ไปลำบากนิดนึง ส่วนตัวคิดว่ามันเป็นห้างที่ไม่มีอะไรเลย...,negative,wisesight_sentiment,neg,111,master,False,
2240,เลี้ยงสิคับ 😁😁😁,positive,wisesight_sentiment,pos,15,master,False,
2241,สวัสดีครับ อยากทราบว่าเเอคคอร์ดเเละคัมรี่จะมาทันภายในปีนี้มั้ยครับ ขอบคุณครับ,positive,wisesight_sentiment,pos,77,master,False,
2242,เหล็กบางเหล็กหนา รองดูเชกเม้นเดียวกัน ราคาไกล้เคียงกัน อย่างโตโยต้ากับฟอดมันก็ต่างกันเยอะเเล้วนะคับ ถุงจะถุงลมเยอะเเต่ถ้าเหล็กโครงสร้างห้องโดยสารมันยุบใส่กันมันก็ตายนะคับ ยอมรับความจริงบ้างนะคับ ไม่ใช่ดื้อกันดันทุรังอย่างเดียว มารวมตัวกันดีกว่าคับ เพื่อเป็นข้อต่อรองให้บริษัทมันผลิตออกมาเพื่อให้มีคุณภาพมากที่สุด เพื่อให้เป็นประโยชน์ต่อผู้บริโภคมากที่สุด เเต่ตอนนี้โตโยต้าใช้วัสดุไม่สมกับราคา กั๊กออฟชั่นดีๆ เอาเปรียบผู้บริโภคเป็นอย่างมากคับ,negative,wisesight_sentiment,neg,441,master,False,
2243,ท่าทางยาบ้าเสียภาษีไช่ปะครับเสียน้อยกว่าค่าปรับยาบ้าอีก,negative,wisesight_sentiment,neg,55,master,False,
2244,เดือนสุดท้ายแล้วโว้ย,positive,wisesight_sentiment,pos,20,master,False,
2245,Honda CRV เหมาะสำหรับรถครอบครัว เทคโนโลยีใหม่ๆ เข้ามาเติมเต็มอีกสุดยอดเลย,positive,wisesight_sentiment,pos,73,master,False,
2246,ถถถถถ ไปโชว์ดีซีด้วยสิ ไหนๆมาละ แต่มันยังไม่ค่อยมีไรมากก,negative,wisesight_sentiment,neg,56,master,False,
2247,จัดไปค่ะแอด👍👌👌,positive,wisesight_sentiment,pos,14,master,False,
2248,ที่แม่หญิง งดงาม สวย✨สะดุดตาพี่หมื่น มัดใจพี่หมื่นมิให้มองหญิงใดได้อีกเพราะแม่หญิงเบลล่า ใช้อายไลเนอร์ 👉 มิสทีน ซุปเปอร์ แบล็ค ฟิคซ์ อายไลเนอร์✨ กรีดขอบตา จนสวย คมกริบ ติดทนนาน แม้จักรอพี่หมื่นกลับมาสักกี่ปี ก็ยังมิจางหาย จนได้ใจของพี่หมื่น💓 ไงล้ะเจ้าค่ะ สงสัย? อีชั้นต้องมีไว้ใช้บ้างเเล้วละกระมัง พี่หมื่นจักได้มองบ้าง 💓 อิอิ,positive,wisesight_sentiment,pos,326,master,False,
2249,น่าสนMu-Xสีแดงแจ่มจรัส,positive,wisesight_sentiment,pos,22,master,False,
2250,พ่อเป็นคนตลก 555555555555555555555555 พ่อไม่ควรร้องเพลงพ่อควรเปึนานกก็พอ 😂 #ฟ้ารักพ่อเพราะนโยบายของพ่อ #ฟ้ารักพ่อ #อนาคตใหม่ #พรรคอนาคตใหม่ #เลือกตั้ง62 pic.twitter.com/QqHKGhu0QP,positive,wisesight_sentiment,pos,179,master,False,
2251,น้อง : กินเหล้ากับเพื่อนมีแต่เหล้าไพร่ ไอ้สัดคิดถึงลุง ฮือตลกพูดอีกก็ถูกอีก อยู่กับลุงแม่งกินเหล้าอย่างราชา วิสกี้ สก็อตซ์ หวานปากมาก อยู่กะเพื่อนเจอแสงโสมนี่แบบไม่ไหว y-y,negative,wisesight_sentiment,neg,171,master,False,
2252,เสียดายที่จ.ตรังยังไม่มีค่ะ,negative,wisesight_sentiment,neg,27,master,False,
2253,กลับมาแล้วไปกินกัน 555,positive,wisesight_sentiment,pos,22,master,False,
2254,ชีสสส พลีสสส,positive,wisesight_sentiment,pos,12,master,False,
2255,ว่ากันว่านี่คือ Nissan GT-R R36 รุ่นใหม่ จะเฟี๊ยวขนาดไหน ไปดู,positive,wisesight_sentiment,pos,61,master,False,
2256,กินเท่าไรก็ไม่เบื่อ,positive,wisesight_sentiment,pos,19,master,False,
2257,อยากกกกกแหลก,positive,wisesight_sentiment,pos,12,master,False,
2258,Foam Innisfree จากรอบ 1+1 ชิ้นละ 250฿ ค่า Bija : ช่วยเรื่องสิว - 7 หลอด Jeju Cleansing : ทำความสะอาดสิ่งสกปรก สิ่งต…,negative,wisesight_sentiment,neg,116,master,False,
2259,สื่อเมิน!!! พ่อค้าผักแฉกระบะค่ายดัง Revo เอาเกียร์ Vigo มาใส่! #ข่าวยานยนต์ #เว็บรถมือสอง #Unseencar…,negative,wisesight_sentiment,neg,101,master,False,
2260,กินสเมอนอฟ กระป๋องเดียวก็มึนแล้วอ่ะ กากจัง T___T,negative,wisesight_sentiment,neg,48,master,False,
2261,เอาจริงๆคือ นอกจาก Passion ทางการเมือง เราก็ต้องศึกษาที่มาที่ไปเหตุผลด้วย แล้วก็อ้างอิง ConspiracyTheoryให้น้อยลงหน่อย เพราะบางอย่างมันมีเหตุผลความจำเป็นยันอยู่ หลายๆครั้งเห็นเด็กๆไม่ศึกษากระบวนการทางกฎหมาย/ราชการ มุ่งแต่จะต่อว่าตามที่ตนเชื่อสมคบคิดท่าเดียว จะไม่โตเอา,negative,wisesight_sentiment,neg,268,master,False,
2262,ลูกอายุยังไม่ถึง12ปี แต่สูงเกินก็ไม่ได้เลย #ใช้ส่วนสูงวัดแทนอายุ,negative,wisesight_sentiment,neg,64,master,False,
2263,ชอบมาก 555 ประหยัดตัง,positive,wisesight_sentiment,pos,21,master,False,
2264,วันนี้อะไปลองมาละบลัช 4u2 สีที่จะเอาหมดอีก โอย ชุ้นคงไม่มีบุญ,negative,wisesight_sentiment,neg,61,master,False,
2265,ขออย่างเดียว อย่าปลอมหงส์ทองนะคับ ผมชอบกิน!! อิอิ,positive,wisesight_sentiment,pos,49,master,False,
2266,อยากกิน5555,positive,wisesight_sentiment,pos,11,master,False,
2267,รถนิสสัน ยี่ห้อนี้ใส่มานานแล้ว ตัวเครื่องดี ใช้งานได้นาน คุณภาพดี,positive,wisesight_sentiment,pos,65,master,False,
2268,กินตัวนี้เพิ่มอีกนิดไป 100 pipers ดีกว่าครับ คหสต จากคนแดกเหล้าทุกคืนวัน,positive,wisesight_sentiment,pos,72,master,False,
2269,นอสเริ่มต้นจากศูนย์ค่ะ ซึ่งเป็นศูนย์โตโยต้า เพราะรถนอสมีปัญหาต้องถ่ายน้ำมันเครื่อง นอสรีบมาที่สุดแล้วค่ะ ทำเต็มที่แล้วจริงๆ,negative,wisesight_sentiment,neg,123,master,False,
2270,ขอบคุณคร้า 😁,positive,wisesight_sentiment,pos,12,master,False,
2271,อะไหล่ ค่าซ่อม. มันแพงกว่าโตโยต้าครับ. เลยไม่เอามาทำกัน.,negative,wisesight_sentiment,neg,56,master,False,
2272,โซฟีกาวแปะไม่เคยติดเลย,negative,wisesight_sentiment,neg,22,master,False,
2273,พาไปกินหน่อยยยรอคน ดีที่ ไม่ใช่แมงดา,positive,wisesight_sentiment,pos,36,master,False,
2274,อยากแดกเฉยๆ ไม่เกี่ยวกับใจเลยครับ หิวช้าง555,positive,wisesight_sentiment,pos,44,master,False,
2275,เงินเดือนกินชาบู กินเอ็มเค แป๊บเดียวก็หมดไปแล้วพันนึง ถ้าเอามาลงทุนต่อยอด ได้เงินทุนคืน แถมได้กำไรอีก !!...,negative,wisesight_sentiment,neg,107,master,False,
2276,ผมว่า ลีโอ รสชาด เวลาเย็นๆ ดื่ม แล้วมันจะกลมกล่อมหวาน ไม่ข่ม ดีสุด,positive,wisesight_sentiment,pos,66,master,False,
2277,อะกวนตีนตอนลดไม่กิน30-2ไม่ลด พอวันที่3มันกลับมาลดอีก อีดกทง555555,negative,wisesight_sentiment,neg,65,master,False,
2278,ชาชีสเอ็มเคไม่อร่อยเลยว้อย,negative,wisesight_sentiment,neg,26,master,False,
2279,ไปวันที่เข้ากีราสีไหม กลับละไปต่อจะได้ไม่เสียเวลา,negative,wisesight_sentiment,neg,49,master,False,
2280,ภูเก็ตไม่มีฮอตพอต 😤,negative,wisesight_sentiment,neg,19,master,False,
2281,มีตำรวจในบ้านเมืองเหมือนมีโจร อะ พอไม่มีกล้องพูดกับประชาชนสนตีนเลยนะ พอมีกล้องสุภาพเชียว ้ คนออกกฤหมายเหี้ยๆ แทนที่จะควบคุม แต่เสือกทำมาให้ผิดกฤหมาย ข้ออ้างเหี้ยๆ บอกว่าสินค้าไม่ได้เสียภาษี แล้วพวกมึงเคยให้นำเข้าบ้างไหม ละครับ ตอบให้ว่าไม่เคย เอาตามความเป้นจริงมึงได้รายได้จากใบยาสุบไง แล้วพอคนไม่ซื้อบุหรี่ของมึงไปใช้บุหรี่ไฟฟ้า รายได้มึงหดใช่ไหมละไอพวกชาติหมา,negative,wisesight_sentiment,neg,361,master,False,
2282,รอเอ็งพามาจัด อ่าา,positive,wisesight_sentiment,pos,18,master,False,
2283,อยากกินลีโอจัง,positive,wisesight_sentiment,pos,14,master,False,
2284,บัตรหมดแล้ว,negative,wisesight_sentiment,neg,11,master,False,
2285,เหนื่อยใจแทน กะหน่วยงานในประเทศนี้...ตอแหล บิดเบือน ใส่ร้าย เก่งกันมาก,negative,wisesight_sentiment,neg,70,master,False,
2286,เห็นคอมเม้นท์ว่าไม่อร่อย,negative,wisesight_sentiment,neg,24,master,False,
2287,ไม่สูบดีสุด เอาเวลาไปอ่านสือและมาติวให้กุดีกว่า,negative,wisesight_sentiment,neg,47,master,False,
2288,ดูVertigo1958ของHitchcockซ้ำทาง #Netflix ไปเลยเอาBeyond Oblivion หรือMás allá del olvido1956มาดูบ้าง พล็อตก็คล้ายๆกัน พระเอกคนรักตาย พอมาเจอสาวหน้าเหมือนเลยพยายามเปลี่ยนเธอให้เป็นคนนั้น หนังภาพสวยค.คลาสสิคเทคนิคอะไรไม่แพ้ฮอลีวูดถือว่าชอบประทับใจ❤ถึงฟังภาษาสเปนไม่ออก+โนซับเถอะ😂,positive,wisesight_sentiment,pos,277,master,False,
2289,ใช้ของ estee รู้สึกเฉยๆ มาเจอ แม่เลียบ รู้สึกว่าดีกว่าเยอะ,negative,wisesight_sentiment,neg,58,master,False,
2290,เค้าบอกไก่เค้มไป,negative,wisesight_sentiment,neg,16,master,False,
2291,สั่งพาเลทนี้ทางเซโฟร่ากันเถอะค่ะ ไม่มีอะไรจะเสียแล้ว limited edition ด้วย และการที่มีสีคอนทัวร์คือ Hoola อันเดียวก็…,negative,wisesight_sentiment,neg,116,master,False,
2292,นี่นิสสันยังดูไม่ใหญ่อีกเหรอครับ..ส่วนตัวคิดว่ารถกระบะนิสันออกแบบดูเทอะทะกว่าค่ายอื่นในยุคเดียวกัน(แต่ดูตัวเลขแล้วก็ไม่ได้ใหญ่นะ)ถ้าเขาเดินเกมแบบค่ายเจ้าตลาดทั้ง2ค่ายหรือออกตัวเท่ๆแบบฟอร์ดน่าตะไปได้ดีกว่านี้(ฟอร์ดยังไม่ใข่แรปเตอร์นะแรปเตอร์ส่วนตัวว่าแรปเตอร์เป็นปิคอัพหรูน่าจะเฉพาะกลุ่มที่เงินถึงๆ),negative,wisesight_sentiment,neg,298,master,False,
2293,เงินออกก่อนเลี้ยงเลยนะ,positive,wisesight_sentiment,pos,22,master,False,
2294,โอ้ยยยยไม่ไหวแล้ว เย็นนี้ต้องไปจัด,positive,wisesight_sentiment,pos,34,master,False,
2295,ขอเเจ้งเรื่องการจองรถหน่อยค่ะมีปัญหาเยอะมากไม่เข้าใจว่าท่าmgจัดการยังไงจองร่วงหน้าเป็นเดือนกว่าด้วยซ้ำจน เเจ้งจะเอารถวันไหน เซ็ลรับปากว่าได้เเน่นอนในเดือนที่เราต้องการได้เเน่นอนไม่มีปัญหา เเล้วก็โทรมาเเจ้งว่ารถมาถึงเเล้ว ท่าดิฉันก็เเจ้งล่วงน่าไปก่อนนานเเล้วว่าสะดวกวันที่เท่าไร พอจนถึงวันรับรถเซ็ลไม่เเจ้งไม่โทรมาบอกว่ารถไม่ได้เเล้วให้เราโทรตามเอง ไม่เเจ้งไม่ตามเรื่องอะไรให้เลย แล้ววันที่ทราบว่ารถมาถึงโทร เช็กเข้าไปที่ศูนย์mg สุวินทวงค์ ท่าผู้จัดการบอกมีการเเต่งรถของดิฉันเเล้ว ฉันเลยคิดว่ารถจะได้ตามวันเเน่นอนเเล้วพอถึงวันรับรถบอกไม่มีรถให้ ทำไมถึงการจัดการรับรถมัวขนาดนี้ค่ะ ตัวเซ็ลก็ไม่มีการสนใจตามเรื่องหรือโทรเเจ้งอะไรลูกค้าเลยต้องมีคนโทรถามเองเช็กเองทุกอย่าง,negative,wisesight_sentiment,neg,666,master,False,
2296,บาร์บีก้อนอีกแล้ว อิเหี้ยยยยยย กินจนจะเป็นหมูแล้วเนี่ย บักฟัคคคคค,negative,wisesight_sentiment,neg,65,master,False,
2297,ชุดพี่หมื่นไม่สะดวก ออเจ้าไปได้เลย 😅,negative,wisesight_sentiment,neg,36,master,False,
2298,ระวังเป็นเนื้อแบบเกรดมะดีแบบของแมค55555555 แต่ว้อยอยากกินนน,negative,wisesight_sentiment,neg,59,master,False,
2299,ซีตี้สวยเเต่เสียดายจอ LED ไห้มากากมากก.. รุ่นก่อน miner สวยกว่า # วีออสก็สวยดีเเต่เสียดายกะจังหน้าอย่างเดียว..,negative,wisesight_sentiment,neg,110,master,False,
2300,นี่ไงสารพัดหม้อดินในเอ็มเคของมึงอะ,positive,wisesight_sentiment,pos,34,master,False,
2301,เง้อออินนิสฟรีหรอออ อ้ากก,negative,wisesight_sentiment,neg,25,master,False,
2302,เดอะมอลลบางกะปิชั้น 3 ครับ,negative,wisesight_sentiment,neg,26,master,False,
2303,ไทยแลนด์ ไทยแลนด์ ไทยแลนด์,negative,wisesight_sentiment,neg,26,master,False,
2304,อยากไปผิงไฟชมแสงจันทร์จิบแสงโสมข้างๆแฟน 👫👌,positive,wisesight_sentiment,pos,42,master,False,
2305,ผมยังยืนยันทำเกินกว่าเหตุครับ,negative,wisesight_sentiment,neg,29,master,False,
2306,ขอด้วยคนx สี่ประตู,positive,wisesight_sentiment,pos,18,master,False,
2307,พึ่งลง Netflix ไม่กี่วัน ใครชอบหนังจิตวิทยา คล้ายๆ gone girl พระเอกเรื่องนี้เป็นโรคจิตที่ฉลาดมากเวอร์ๆ ทำทุกอย่างเพื่อนางเอง เราจะเห็นทุกสเต็ปของความสัมพันธ์ ตั้งแต่จีบจนเลิก หนังไม่ใช่เรื่องรักคลุกคลิก มันดาร์กกมาก หักมุม จิตตกไปอยู่ #รีวิวNetflixTH #รีวิวหนัง,positive,wisesight_sentiment,pos,261,master,False,
2308,ผมก็แค่ทดลองเลิกกินเบียร์ช้าง ครับ เสี่ย,negative,wisesight_sentiment,neg,40,master,False,
2309,บัดห่า มื้อหน้ามีอีเว้น หม่องใหม่ อิอิ,positive,wisesight_sentiment,pos,38,master,False,
2310,เด่วเอาไปมอมอิเตี้ย 555,positive,wisesight_sentiment,pos,23,master,False,
2311,ดีเหมือนกัน,positive,wisesight_sentiment,pos,11,master,False,
2312,ขอบพระคุณมากๆที่ชื่นชอบการบริการของน้องๆก้อนน๊าคร้าบบ😊,positive,wisesight_sentiment,pos,54,master,False,
2313,สถานที่ ที่คิดว่าโรแมนติก และอยากไป คือ ฟูจิซัง ที่ญี่ปุ่น ค่ะ เพราะบรรยากาศสวยๆที่มีภูเขาไฟฟูจิ ทะเลสาบ ดอกซากุระบาน คงเหมือนอยู่ในแดนสวรรค์ สวยสุดๆ ยิ่งได้ไปกับคนรัก ได้ชมธรรมชาติ ดื่มด่ำบรรยากาศ ถ่ายรูปคู่สวยๆให้เพื่อนอิจฉา ฟินเหมือนเป็นเจ้าหญิงไปเลย #SPYCLASSIC,positive,wisesight_sentiment,pos,265,master,False,
2314,อย่าไปกินเลย ขาดทุน ม่ายของ,negative,wisesight_sentiment,neg,27,master,False,
2315,มาดามแป้งเห็นน้องๆที่ทำงานใช้ค่ะและน้องก็แนะนำด้วยค่ะ มาดามแป้งเลยให้คนไปซื้อมาลองใช้ดู มาดามแป้งเป็นคนไม่ไช้สินค้าแพงมากค่ะ และสินค้าตัวมีสารสกัดเมือกหอยทากและมีส่วนผสมทองคำ24k ฟื้นฟูความอ่อนโยน เพิ่มความชุ่มชื้นด้วยค้ะ มาดามแป้งเลยใช้เพราะมันดีจิง แบรนด์สินค้ารู้ว่ามาดามแป้งใช้สินค้านี้จึงติดต่อให้มาดามแป้งมาเป็นพรีเซนเตอรsnailwhite gole ค่ะ,positive,wisesight_sentiment,pos,345,master,False,
2316,ซื้อให้ไอ้อ้วน,positive,wisesight_sentiment,pos,14,master,False,
2317,ร่างกายต้องการแสงโสมงี้หรอ,positive,wisesight_sentiment,pos,26,master,False,
2318,สุดยอดเลยครับ Nissan รุ่นนี้อเนกประสงค์ภายในก็สวยงามหรูหราครับลองขับมาแล้ว,positive,wisesight_sentiment,pos,74,master,False,
2319,มันปิดกั้นพวกเราเกินไปแล้ว,negative,wisesight_sentiment,neg,26,master,False,
2320,ไอ้นี่มันคนละอย่างกับ ณเดชกับยาย่าจะ present Lay's หรือนักแสดงที่เล่นเป็นพ่อพี่หมื่นในบุพเพออกมาขาย BSC Cornsoy นะครับ คนที่ hurt ที่สุดก็คือ FC ของคุณเองที่เค้าเชื่อมั่นในความเป็น expert ของคุณ และมั่นใจเพราะคุณยอมที่จะเอาหน้าและชื่อของคุณมารับประกัน ไหนแถแบบนี้ล่ะ?,positive,wisesight_sentiment,pos,267,master,False,
2321,ทางหัวหน้างานได้โทรมาแล้วนะคะ ขอบคุณที่ทางMK ใส่ใจในปัญหาของลูกค้าและพร้อมจะรับผิดชอบและแก้ไขไปในทางที่ดีขึ้นค่ะ,positive,wisesight_sentiment,pos,112,master,False,
2322,กุเกลียดยูเบียร์ รสชาติเหี้ย,negative,wisesight_sentiment,neg,28,master,False,
2323,ช้างจาก 65 เป็น 118฿ ต้องแดกเหล้าขาวละมั้ง,negative,wisesight_sentiment,neg,42,master,False,
2324,ปกติฮุนไดก็ทำรถหน้าตาไม่เหมือนกันอยู่แล้วนะ เหมือนหลอกด่ามาสด้า,negative,wisesight_sentiment,neg,63,master,False,
2325,รุ่นนี้มันออกแบบไฟมาให้แยงตาพอดีเชียว แสบตามาก #Fortuner #toyota #bad #dosomething #BMW,negative,wisesight_sentiment,neg,87,master,False,
2326,บาบีก้อนนนนน,positive,wisesight_sentiment,pos,12,master,False,
2327,งั้นไปดื่มสปายไวน์คูลเลอร์ก่อนแล้วกันนะ555,positive,wisesight_sentiment,pos,42,master,False,
2328,พาเด็กชายมากินสิ,positive,wisesight_sentiment,pos,16,master,False,
2329,อ่ะเฮีย งานลดราคามาแล้ว,positive,wisesight_sentiment,pos,23,master,False,
2330,ข้าวเที่ยงเรา,positive,wisesight_sentiment,pos,13,master,False,
2331,ไม่เกิดจากพยาธินะคะ เป็นเนื้อสูตรใหม่มาลองตลาด อิอิ,negative,wisesight_sentiment,neg,51,master,False,
2332,แฟนตัวจริงการ์นิเย่ แน่เลยค่ะ คุณคนนี้ ^^,positive,wisesight_sentiment,pos,41,master,False,
2333,มั่นใจเลือก มิตซูบิชิ เป็นเพื่อนคู่ใจตลอดทุกทริปไม่ว่าจะเหนือใต้ออกตก เธอก็อยู่ข้างกันเสมอ ประหยัดน้ำมันมาก คุ้มค่า จริงๆ ครั้งนี้ขอเจ้าหนูขาวนำโชคให้พี่ด้วยน้าาา พี่อยากไปMeet&Greet พี่ขุนเรือง เพี้ยงๆๆๆ😁😁😁😉😉 #Mitsubishi #Attrage,positive,wisesight_sentiment,pos,230,master,False,
2334,เล้งแซ่บยักษ์ ไซส์ XL รสชาติแซ่บถูกปาก น้ำซุปเปรี้ยวเผ็ดเค็มพอดี หอมพริกมะนาว ซดน้ำเพลินมาก กระดูกหมูเปื่อยนุ่ม เลาะเนื้อออกจากกระดูกได้ง่ายดาย,positive,wisesight_sentiment,pos,143,master,False,
2335,🌞แสงแดดเมืองไทย โดยเฉพาะหน้าร้อนอย่างเดือนเมษายน ช่างแรงเหลือเกิน ทอดไข่ดาวน่าจะสุก ดังนั้นผิวเราไม่ใช่ไข่นะค่ะ ที่ยิ่งทอดยิ่งอร่อย รังสียูวีไม่เพียงทำให้เราตัวดำเท่านั้น แต่ยังกระตุ้นให้ร่างกายสร้างสารอนุมูลอิสระ ซึ่งเป็นตัวการสำคัญที่ทำให้เกิดริ้วรอยก่อนวัย เพราะฉะนั้นก่อนออกจากบ้านถ้าขี้เกียจทาครีมบำรุงใดๆ ขอร้องเถอะนะ ให้ทาครีมกันแดดสักตัวก็ยังดี โดยเลือกครีมกันแดดที่ป้องกันทั้ง UVA และ UVB ส่วนเทคนิคการทาครีมกันแดด คือบีบครีมออกมาให้มากพอ โดยกะประมาณที่สองข้อนิ้วชี้ ทา 20 นาทีก่อนออกแดด และทาซ้ำทุกสองชั่วโมง นอกจากครีมกันแดดแล้ว ตัวช่วยอื่นๆอย่าง ร่ม หมวก แว่นกันแดด ผ้าสีทึบเนื้อทอแน่น หรือเสื้อผ้าที่มีค่า UPF สูงๆ ก็ต้องจัดมาเต็มให้หมดนะคะ สำหรับแดดเบอร์แรงอย่างเมืองไทย 💁จึงอยากได้ Kiehl's Ultra light Daily UV Defense เป็นครีมกันแดดในฝันของสาวๆ เลยค่ะ สูตรใหม่นี้สามารถปกป้องได้มากกว่าสูตรเก่าถึง 3 เท่า อีกทั้งเนื้อครีมบางเบา ไม่มัน ซึมสู่ผิวได้ดี หมดกังวลกับเรื่องเหนียวเหนอะ เป็นคราบไปเลยค่ะ ทั้งยังป้องกัน UVA และ UVB ที่มี SPF 50 PA++++ ไม่เพียงแค่กันแดดเท่านั้น ยังช่วยให้ผิวอ่อนเยาว์ลง ลดจุดด่างดำ ริ้วรอยลดลง ผิวนวลเนียน ไม่มันเงา อยากได้มาทากันแดดเล่นน้ำวันสงกรานต์ จะได้โชว์หน้าสดเล่นน้ำได้อย่างมั่นใจ จนคุณพี่หมื่นต้องหลงใหลในความออร่าของตัวข้าเจ้าค่ะ,positive,wisesight_sentiment,pos,1178,master,False,
2336,ผมนำรถมาซ่อมมอเตอร์กระจกที่ ศูนย์ #มาสด้าอุบลพิจิตรเพชรมอเตอร์คาร์ ตั้งแต่วันอังคารที่ 16 มกราคม 61 ช่างทำ console ผมแตกแต่ไม่บอกผมเลยซักคำ พึ่งสังเกตเห็นตอนจะขับรถกลับ😢 ถ้าขอโทษซักคำจะไม่ว่าอะไรเลยครับ ผ่านมา 6 วันเรื่องเงียบ ไม่มีการแสดงความรับผิดชอบใดๆ รู้สึกผิดหวังครับ ต่อไปคงไม่กล้ามาใช้บริการอีกแล้วครับ,negative,wisesight_sentiment,neg,310,master,False,
2337,เรื่องบุหรี่ไม่มีความเห็น เห็นแต่มีคนมาทำให้ข้าราชการสาธารณสุข เสียชื่อ,negative,wisesight_sentiment,neg,71,master,False,
2338,Fish hotpot is good,positive,wisesight_sentiment,pos,19,master,False,
2339,แพ้ผ้าอนามัยทุกยี่ห้อเลยค่ะ ผื่นแดง ทุกครั้งที่ใส่,negative,wisesight_sentiment,neg,50,master,False,
2340,Nussan x-trail โดยส่วนตัวแล้วเป็นรถที่ชอบและอยากทดลองขับมานานแล้ว คิดว่ารถคันนี้น่าใช้มาก ราคาไม่แพง แต่ของครบ,positive,wisesight_sentiment,pos,110,master,False,
2341,ที่ไหนมีขาย ผ้าอนามัยในฝันกูเลย,positive,wisesight_sentiment,pos,31,master,False,
2342,สุดยอดครับโตโยต้า,positive,wisesight_sentiment,pos,17,master,False,
2343,กลุ่มนี้ รีโว่ คุ้มสุดครับ กำลังดีสุด แรงม้าไม่โอเวอร์ มาเต็มตามแรงม้าจริง,positive,wisesight_sentiment,pos,74,master,False,
2344,จะเลี้ยงเค้าใช่ปพ,positive,wisesight_sentiment,pos,17,master,False,
2345,ไอ้ห่าไม่มีชุดไทยยยยยยย,negative,wisesight_sentiment,neg,23,master,False,
2346,แท็กงี้ ตังก็หมดแย่ดิ 555,positive,wisesight_sentiment,pos,25,master,False,
2347,ทำไมไม่มีกุ้ง,negative,wisesight_sentiment,neg,13,master,False,
2348,สวยมากครับ Honda Civic ชอบๆกำลังจะไปจองพอดีเลยครับ,positive,wisesight_sentiment,pos,50,master,False,
2349,เหนือสิ่งอื่นใดตอนนี้กุแสบตะหมูกมาก E-cig เนี่ย,negative,wisesight_sentiment,neg,47,master,False,
2350,เบื่อไก่อ่ะ บาบีก้อนได้ป้ะ,negative,wisesight_sentiment,neg,26,master,False,
2351,#YedtalksXHeineken นี่คือแบบบัดซบมาก นี่มันกูนี่ นั่นก็กูนี่ มันคือ TED Talk เวอร์ชั่นฮาร์ดคอร์ 😂😂😂,negative,wisesight_sentiment,neg,99,master,False,
2352,ที่จังหวัดอุดรธานี ก้อนมีให้บริการที่สาขาเซ็นทรัล อุดรธานีนะคร้าบ :),positive,wisesight_sentiment,pos,68,master,False,
2353,ถ้าเรามีบุหร่ไฟฟ้า...เราต้องพกใบกำกับภาษีก้วยใช่ไหมค่ะ,negative,wisesight_sentiment,neg,54,master,False,
2354,ไม่จำกัดช่วงเวลา,positive,wisesight_sentiment,pos,16,master,False,
2355,แค่สองสาขา ใจร้ายอ่ะ,negative,wisesight_sentiment,neg,20,master,False,
2356,Ford Fiesta ฟอร์ด เฟียสต้า ประตูชอบปิดไม่ได้,negative,wisesight_sentiment,neg,44,master,False,
2357,อยากไปแล้วเนี้ยยยยย,positive,wisesight_sentiment,pos,19,master,False,
2358,กลิ่นเเรงเเต่ทานได้โอเครเลย..นุ่มมากราคาสบายๆ,positive,wisesight_sentiment,pos,45,master,False,
2359,เออ พี่นกแนะนำ Black Mirror ใน netflix ให้ดูอะ นี่ก็ตามไปดู เขาบอกว่าเป็นซีรี่ส์สะท้อนด้านมืดไรงี้ เจอเข้าไป ep แรกกูช็อคอะ แบบเคว้งมาก แค่ ep แรกกูจอดเลย ร้ายมาก ไม่ต่อ ep2 เลยอะจนตอนนี้เคยไปตามอ่านกระทู้ยังมีคนคิดเหมือนนี่นะว่า ep แรกแม่งเล่นกับใจสุดแล้วอะ กุยอม,positive,wisesight_sentiment,pos,264,master,False,
2360,คนเราจะสะสมผ้าอนามัยลายคิตตี้ไปทำไมวะลอรีเอะ,negative,wisesight_sentiment,neg,44,master,False,
2361,ต้องมานอนนี่ดิ,positive,wisesight_sentiment,pos,14,master,False,
2362,ผมชอบผสมน้ำคับ ได้รสชาติ #แสงโสมเต็มๆ,positive,wisesight_sentiment,pos,37,master,False,
2363,หมอไม่ให้กินจ้า,negative,wisesight_sentiment,neg,15,master,False,
2364,สายหวานต้องมา,positive,wisesight_sentiment,pos,13,master,False,
2365,ชอบมากๆนิสสัน แข็งแรงทนทาน ประหยัดน้ำมัน กว้างใหญ่ ปลอดภัย ครบทุกความต้องการเลย,positive,wisesight_sentiment,pos,79,master,False,
2366,วันไหนก็ดี,positive,wisesight_sentiment,pos,10,master,False,
2367,อมก จะใช้ชีวิตกับคริสตัลยังไง นี่ไม่ชอบกินสิงห์อีก,negative,wisesight_sentiment,neg,50,master,False,
2368,ตอบแทนพี่ฟลุ๊คนะ ปัญญาอ่อน,negative,wisesight_sentiment,neg,26,master,False,
2369,Mizumi เป็นกันแดดที่แพงที่สุดที่ซื้อมา กั้นใจซื้อแบบสุดด,negative,wisesight_sentiment,neg,56,master,False,
2370,ซื้อยากมากค่ะ แอฟเด้งตลอดๆ,negative,wisesight_sentiment,neg,26,master,False,
2371,น่าจะระบุเวลาด้วยนะ หรือให้บริการทั้งวัน แต่ไม่น่าใช่ เพราะมีคำว่า Lunch อยู่อะ,negative,wisesight_sentiment,neg,79,master,False,
2372,เอาเวลามาจับบุหรี่ไฟฟ้า ไปหาจับยาบ้าที่มันดูดเข้าไปแล้วฆ่าคนตาย กุไม่เคยคนดูดบุหรี่ไฟฟ้าไปฆ่าใครสักคน แค่เสือกโทษหนักกว่ายาบ้า ใช้สมองหรือส้นตีนออกกฏหมาย,negative,wisesight_sentiment,neg,153,master,False,
2373,วันไหนจ้ะะะ,positive,wisesight_sentiment,pos,11,master,False,
2374,ป่ะๆ แดก285 กัน,positive,wisesight_sentiment,pos,15,master,False,
2375,ลิปมินิetudeแม่งมินิจริงๆ55555,negative,wisesight_sentiment,neg,30,master,False,
2376,วันพุธนี้ จัดเลน,positive,wisesight_sentiment,pos,16,master,False,
2377,พรุ่งนี้ เตรียมตังไว้😎,positive,wisesight_sentiment,pos,22,master,False,
2378,ลูกชิ้นคริสตัลไข่ปลา,positive,wisesight_sentiment,pos,20,master,False,
2379,หมดแล้วนิคะ 😂😂😂 ให้น้อยไปป่าว,negative,wisesight_sentiment,neg,29,master,False,
2380,วันเกิดนุ่นไปกัน จ่ายใครจ่ายมัน 5555,positive,wisesight_sentiment,pos,36,master,False,
2381,ขึ้นอยู่กับสาขาค่ะ เพราะเคยเจอบางแบบว่า นึกว่าหนังกำพร้า 🤣🤣🤣 #สาขาฟิวเจอร์พาร์ครังสิต,negative,wisesight_sentiment,neg,85,master,False,
2382,ตอนนี้กุเครียดเรื่อง บาบีก้อนมีพยาธิตัวตืดในเนื้ออยุ,negative,wisesight_sentiment,neg,52,master,False,
2383,ใช้มาสด้า 2... มา 2 คันล่ะ บอกเลย รถแรง หนึบ ตัวใหม่นี่ ประหยัดนำ้มันฝุดๆ... แต่ล่าสุด อะไหล่รอนานมาก รอจนลืม.... กระจกมองข้างเสีย สั่งอะไหล่ เกือบ1เดือน 😆😆😆 #ช่างบางศูนย์ เด่วนี้ ง่อยแดกมาก ไม่ค่อยรู้เรื่องเลย... #ชอบบอกส่าบูกค้าคิดไปเอง🙄,negative,wisesight_sentiment,neg,239,master,False,
2384,ลองดูแบบใหม่ๆบ้าง เผื่อติดใจ วีออส ซีวิคราคาก็จะต่างกัน,positive,wisesight_sentiment,pos,55,master,False,
2385,ถ้ารสชาติแบบสเมอนอฟกูจะปาทิ้งง,negative,wisesight_sentiment,neg,30,master,False,
2386,แม่งควายล้วนนน,negative,wisesight_sentiment,neg,14,master,False,
2387,NISSAN GTR R35 !! * คันใหม่ #สมาคมรถแต่ง,positive,wisesight_sentiment,pos,40,master,False,
2388,บ้านแสนสิริ บางหมู่บ้านอย่างแย่ สวยแต่รูป อยู่ไปแล้วจะรู้สึกไม่เหมือนอย่างที่โปรโมทนู่นนี่สวยหรู โดยเฉพาะนิติ กร่างยังกะมาออกเงินซื้อบ้านให้อยู่ ไม่นอบน้อมกับลูกบ้าน #แสนสิริ #แสนทุเรศ,negative,wisesight_sentiment,neg,184,master,False,
2389,คนนี้เลยค่ะ Momay Melover ช่วงมีวันนั้นของเดือนนอนไม่หลับกระสับกระส่าย กลัวว่าจะรั่วซึมเลอะเทอะที่นอน กว่าจะผ่านวันนั้นของเดือนเสียเวลานอน มาก ลอรีเอะ ซอฟท์แอนด์เซฟ เอ็กซ์ตร้าโพเทคชั่น แอนตี้แบคทีเรีย ชอบได้มากสงบไปเยอะ ได้นอนยาวๆ เลยไม่รบกวนคนนอนด้วยกันค่ะ ดีต่อใจจริงๆ ค่ะ,positive,wisesight_sentiment,pos,274,master,False,
2390,คือกูนี่เป็นอะไรกับผ้าอนามัยโซฟีวะเนี่ย เเพ้มันทุกรอบเลยอิเหี้ย!ถ้าไม่ติดว่ายี่ห้ออื่นมันหมดนะมึง! แม่งง,negative,wisesight_sentiment,neg,104,master,False,
2391,อยากได้เซทหมูคะ กับเกี้ยวซ่าพริกเกลือ เกี้ยวซ่าของบาบีคิวพลาซ่า อร่อยทุกรสชาติเลยคะ,positive,wisesight_sentiment,pos,83,master,False,
2392,แต่เมาหนักมาก 5555,positive,wisesight_sentiment,pos,18,master,False,
2393,ว่างๆวันไหนจัดดีมัย,positive,wisesight_sentiment,pos,19,master,False,
2394,ใช่เนื้อหมูบางมากๆๆๆๆๆๆ ทุกสาขาที่ไปกิน เซ็นลาดพร้าวฯ บิ๊กซีรัชดา เดอะมอลล์งามฯ บา,negative,wisesight_sentiment,neg,82,master,False,
2395,อยากได้เตาอบจุงเบย 😋,positive,wisesight_sentiment,pos,20,master,False,
2396,สาขาอื่นมันไม่ร่วมไง,negative,wisesight_sentiment,neg,20,master,False,
2397,ชอบ Biore Perfect Cleansing สูตร Acne Care ค่ะ เพราะปกติเราต้องแต่งหน้าเกือบทุกวัน ใช้โฟมล้างหน้าอย่างเดี่ยวไม่สะอาด ทำให้เกิดสิวตามมา อยู่ตลอด ซึ่งเป็นปัญหากวนใจอย่างมาก จึงขอเลือกสูตรนี้ที่สามารถเช็ดเครื่องสำอางค์ได้สะอาดหมดจด อ่อนโยน ไม่ทำร้ายผิวให้ระคายเคือง ป้องกันการเกิดสิว ช่วยให้ผิวหน้าชุ่มชื่นด้วยค่ะ สูตรนี้จึงเหมาะกับเรา มาร่วมสนุกกันนะเพื่อนๆ,positive,wisesight_sentiment,pos,355,master,False,
2398,เข้าไป..หมดแล้ว😭😭😭,negative,wisesight_sentiment,neg,18,master,False,
2399,แล้วที่คุณบอกว่า #ทำเพื่อผลประโยชน์ของตัวเองที่จะตามมาภายหลัง ถ้ามีคนแบบนี้เยอะๆมันจะเป็นอย่างไร ยกตัวอย่าง เบียร์ช้าง เบียร์สิงห์ ทุกธุรกิจอีกมายมาย มีการบริจาค เพื่อสร้างภาพลักษณ์ ทำดีเพื่อหวังผลนั้นแหละ #คุณบอกผมหน่อย มีคนพวกนี้เยอะๆ มันไม่ดียังไง,negative,wisesight_sentiment,neg,250,master,False,
2400,ผมจะเปลี่ยนเครือข่ายละนะครับ จ่ายรายเดือนทุกเดือน เนตไม่ได้เรื่องเลยครับ,negative,wisesight_sentiment,neg,72,master,False,
2401,เหมือนที่ผมชอบมาสด้า แต่ไม่ชอบติ่งเช่นกันครับ รถมีปัญหา ด่าว่าผมขับไม่เป็น ไม่ถนอม ส้ะงั้น โคตรงง,positive,wisesight_sentiment,pos,97,master,False,
2402,ต้องคิดถึงดุสิตธานีแน่ๆอ่า สมัยอยู่จุฬาคือดงบัง เอสเจมาต้องได้เจอตัวจริงทุกครั้ง แต่งตัวออกจากหอตอนกลางคืน เพื่อนๆจะรู้เลยว่าไปดุสิตอีกแล้ว😂โชคดีที่หอใหม่และคณะอยู่ใกล้มาก แค่ข้ามถนนก็ถึง ไม่งั้นเราคงไม่ได้เจอกันบ่อยๆขนาดนี้แน่ๆ😘 ขอขอบคุณพี่ยามดุสิตด้วยที่ไม่ไล่ค่ะ #ดุสิตธานี,positive,wisesight_sentiment,pos,276,master,False,
2403,บอกกูจัลดราตาให้ สุดท้ายไม่ลด ให้ซื้อโปรแกรมไม่ต้องใช้ไง แม่ง !!! 😤 #โรงพยาบาลกรุงเทพขอนแก่น,negative,wisesight_sentiment,neg,92,master,False,
2404,ปกติไม่ชอบsmirnoffอยู่แล้ว เรียกว่ากินไม่ได้เลยก็ได้ แต่เมื่อคืนบั่บ แงงงงงงงกระดกเพียวไปหลายยกเลย กลับห้องคือหัวห…,negative,wisesight_sentiment,neg,115,master,False,
2405,จะมีใครเลี้ยงล่ะ ก็ต้อง อยู่แล้ว 555,positive,wisesight_sentiment,pos,36,master,False,
2406,จะหมดปี 2018 แล้ว ปัญหามอไซค์บนทางเท้ายังแก้ไขไม่สำเร็จซะที,negative,wisesight_sentiment,neg,59,master,False,
2407,ว่างวันไหนบอกมา,positive,wisesight_sentiment,pos,15,master,False,
2408,หนวดน่ากินนมากค่าาาาา,positive,wisesight_sentiment,pos,21,master,False,
2409,เทออออออออออออออออออออออออออ,positive,wisesight_sentiment,pos,28,master,False,
2410,การได้สั่งลาวันอาทิตย์ ด้วย Jameson Ginger & Lime สักแก้วนี่มันดีจริงๆ นะ ถ้าไม่เชื่อ ก็ลองทำตามดูได้! #JamesonThailand #TwiceAsSmooth,positive,wisesight_sentiment,pos,134,master,False,
2411,เอยกลับวันไหน,positive,wisesight_sentiment,pos,13,master,False,
2412,น่าจะเป็นเพลง slide ของเฮียคาลวินนะ เพราะ Jack Daniel's รสชาตินุ่มเหมือนกัน กินแล้วไม่ได้กระอักกระอ่วน แต่มันไหลไปตามฟีล 😘,positive,wisesight_sentiment,pos,122,master,False,
2413,โฮกาเดนคนเดียวสี่ อิเหี้ยยยยยยยยย,negative,wisesight_sentiment,neg,33,master,False,
2414,หาดใหญ่ก็เบียร์อร่อยนะจ๊ะ,positive,wisesight_sentiment,pos,25,master,False,
2415,อันนี้อร่อยป้ะ อีป๋องดำแดงแดกแล้วไม่ชอบเลย,negative,wisesight_sentiment,neg,42,master,False,
2416,มีปัญหากับฟอร์ดเรนเจอร์ที่นี่ตลอดเลยอ่ะ ทำไมชอบคิดว่ารถตัวเองแรงเว่อจนไม่เห็นว่าคนอื่นเค้าเสียจังหวะ คิดจะพุ่งก็พุ่…,negative,wisesight_sentiment,neg,116,master,False,
2417,แค่สปายอะตอนนั้น ปวดกบาลไปทั้งวัน ไม่หร่อย ไม่ชอบ ไม่แดกแล้ว555555555555555,negative,wisesight_sentiment,neg,75,master,False,
2418,ชอบ Honda Civicค่ะ ดูสปอร์ตวัยรุ่นดี แถมการออกแบบทั้งภายในภายนอกที่ดูทันสมัย โฉบเฉี่ยวน่าขับมากค่ะ #TheFuturelsWhatWeCreate,positive,wisesight_sentiment,pos,123,master,False,
2419,จะโอเคก่ต่อเมื่อกินเอ็มเค,positive,wisesight_sentiment,pos,25,master,False,
2420,Before vs. After ครั้งนี้ทำสีที่ร้าน Rapi-Rabi สาขาอโศก (สุขุมวิท 31) เป็นร้านทำสีสไตล์ญี่ปุ่น น้ำยาและโปรดักส์ต่างๆ ของญี่ปุ่นแท้ๆ จอยชอบผมโทนร้อนอยู่แล้ว ก็ปรึกษากับทางร้านว่าขอแดงๆ จัดมาเลยค่ะ ได้สีแดงอมม่วงไวน์ๆ เลิฟมาก! สนนราคา 1500 บ. ทำสี+ทรีทเม้นต์,positive,wisesight_sentiment,pos,256,master,False,
2421,CX3 ถือว่ากินขาดทั้งสมรรถนะและช่วงล่าง กับคู่แข่งเซกเม้นเดียวกัน จะแพ้ตรงภายในห้องโดยสาร กับราคาอะไหล่ค่าบำรุงรักษา นี้แหละ,negative,wisesight_sentiment,neg,123,master,False,
2422,โอ๊ยโปรมันน่าโดน,positive,wisesight_sentiment,pos,16,master,False,
2423,เคยใช้กันแดดมิสทีนตัวแมทล่าสุด ไพรเมอคอนเลคชั่นหลอดดำ เสร็จแล้วลงแป้นสิวันนา ลองครั้งแรก ออกไปเดินโลตัลก็แอร์นะ ไม่ถึง2ชม. จมูกหลุด หน้าเปนคราบ ตกเยนหลุดหมดเลย 555 เช็ดเครื่องสำอาจแทบไม่มีแป้งติด เห้ออออ !!,negative,wisesight_sentiment,neg,206,master,False,
2424,แล้วแต่ชอบ ไม่ชอบก้อแล้วแต่,positive,wisesight_sentiment,pos,27,master,False,
2425,Fortuner ครับขอร้องล้ะ ตอนกลางคืนอย่าขับรถตามตูดกูเลย #แสบตาโว้ยยยยยย #รถกูมันคันน้อย #ลำแสงแห่งฟอร์จูน,negative,wisesight_sentiment,neg,103,master,False,
2426,สวยงามตามท้องเรื่อง ออเจ้า #ToyotaBuzz #MOTORSHOWยกมาที่นี่,positive,wisesight_sentiment,pos,59,master,False,
2427,"ฝนตก..ยิ่งนึกถึงทีไรก็ยิ่งชุ่มฉ่ำอุ่นในหัวใจ แม้ว่าคืนนี้อากาศจะ""หนาว""สักเท่าไหร่ ก็ขอฝากลมฝนช่วยเป็นสื่อให้เธอรู้ ว่าฉันคิดถึง.... อยากไป Overcoat Music Festival เพราะงานดนตรีนี้มีศิลปินดีโดนใจหลายวง และมีเครื่องดื่มชั้นดีอย่างช้างไว้ดื่มแก้หนาวอีก อากาศจะหนาวแค่ไหนก็ไม่หวั่นค่ะ",positive,wisesight_sentiment,pos,280,master,False,
2428,เพื่อนเมื่อใดจิมา,positive,wisesight_sentiment,pos,17,master,False,
2429,มาสด้า2ดาวน์เท่าไร,positive,wisesight_sentiment,pos,18,master,False,
2430,กูรู้สึกดีชิบหายเลย ที่กูไม่ออกโตโยต้า ไอ้ซั้ด,negative,wisesight_sentiment,neg,46,master,False,
2431,กุว่าตำรวจบางคนก็มีบุหรี่ไฟฟ้า,negative,wisesight_sentiment,neg,30,master,False,
2432,สาขาหาดใหญ่หายไปแล้ว....เมื่อไหร่จะกลับมาเปิดอีกคะ,negative,wisesight_sentiment,neg,50,master,False,
2433,ลด 100 บาท และเรากินกี่ชุดอะ 2-3 ชุด,positive,wisesight_sentiment,pos,36,master,False,
2434,แบบน้ำดำ ยังไม่เคยลอง,positive,wisesight_sentiment,pos,21,master,False,
2435,ที่พักอยู่ไม่ห่างจากตลาดต้นตาลมาก,positive,wisesight_sentiment,pos,33,master,False,
2436,หลู้ค่ะกินกับเบียร์ช้างเย็นๆฟินเว่อร์ค่ะ,positive,wisesight_sentiment,pos,40,master,False,
2437,เฮ๊ย! น่าสน,positive,wisesight_sentiment,pos,11,master,False,
2438,ยูเซอรีนโอเมก้าดีมาก,positive,wisesight_sentiment,pos,20,master,False,
2439,ใช้มาเกือบ 5 ปีไม่เคยมีปัญหา ขับสบาย รักมากเลยคะ CR-V,positive,wisesight_sentiment,pos,53,master,False,
2440,ผิดเพราะอะไรกุงง...บุหรี่ก้อต้องผิด...เหล้าด้วย...มึงเป็นขี้หีอะไรกุงง...,negative,wisesight_sentiment,neg,73,master,False,
2441,ทำเถอะครับ สู้เถอะครับ อย่างน้อยๆก้อรู้ว่าได้ลงมือทำ ส่วนคนที่พูดบั่นทอนท้อแท้ ถ้าคิดแบบนั้นอย่าพูดบั่นทอนกำลังใจคนที่เค้าทำเพื่อพวกเราเลยครับขอร้อง ท่านมองผ่านๆไปเสียก้อได้ พวกพี่เค้าทำเพื่อเรามาเยอะแล้วส่งกำลังใจให้เค้าดีกว่านะครับ🙏🙏,positive,wisesight_sentiment,pos,235,master,False,
2442,ผ้าอนามัยแบบสอดใส่ยากจังวะ กว่าจะหารูเจอ เอ๊ะ!,negative,wisesight_sentiment,neg,46,master,False,
2443,BMW M5 (E39) ว่าแล้วทำไมจึงแพงกว่ารถญี่ปุ่น การทดสอบไดนามิคส์ของช่วงล่าง + ยาง + เบรก,positive,wisesight_sentiment,pos,85,master,False,
2444,อยากกินบาบีก้อนคัดเซตหมู,positive,wisesight_sentiment,pos,24,master,False,
2445,น้องไม่ซื้ออินนิสฟรีให้ ร้องไห้,negative,wisesight_sentiment,neg,31,master,False,
2446,เห็นไอ้พวกค้ายาบ้า เวลาโดนปปส.จับยังต้องยึดทรัพย์สินไว้ตรวจสอบเลยเรื่องเส้นทางการเงินก็ให้ ปปง.จัดการเห็นสืบกันทีได้ยกขบวนการทุกที กะ อีแค่แหวนกะนาฬิกา คงกระจอกมาก !!!!! ว่าที่มามาจากไหน จริง บ่ แต่ก็อย่าว่ามันคนละเรื่องกัน คดีทุจริตบ้านเราโทษมันแทบไม่มี บุหรี่ไฟฟ้า โดนหนักกว่าต้องเอาไปติดคุกไม่จ่ายภาษีต้องเอาไปประหาร555,negative,wisesight_sentiment,neg,322,master,False,
2447,อยากพาพ่อแม่ไป,positive,wisesight_sentiment,pos,14,master,False,
2448,ขอบคุณบาร์บีคิวครับที่แปลให้ไม่ครบ ทำให้ผมย้อนกลับไปอ่านภาษาอังกฤษข้างบน สรุปง่ายๆว่าไม่มีพยาธิอ่ะใช่ เพิ่มเติมคือเนื้อเป็นฝีและติดเชื้อแบคทีเรียเอง จะโวยวายอะไรกินๆไปเหอะ ...ไม่ทราบว่าเนื้อเคสนี้สามารถเอามาขายได้หรอครับ แค่แปลยังไม่ครบไม่ตรง ไม่มีความจริงใจ ลาก่อนแบรนด์นี้ครับ,negative,wisesight_sentiment,neg,278,master,False,
2449,เบียร์หมีคือหนักหัวมากกกกก,negative,wisesight_sentiment,neg,26,master,False,
2450,พก red ดื่มเลื่อย ๆ,positive,wisesight_sentiment,pos,19,master,False,
2451,ถ้านิสสันออกแบบให้สวยดูดีกล้ายกสูงฟอร์ดหรือค่ายอื่นๆคงไม่แซงหน้า,positive,wisesight_sentiment,pos,64,master,False,
2452,ไปกินแบบริฟิวก้อผิดหวังค่ะเสริฟช้า15นาทีแล้วสั่งต่อกว่าจะมาช้ามากพนักงานคงจะเหนื่อยหน้าบูดเชียว สาขาเซนทรัลมารีน่าพัทยา,negative,wisesight_sentiment,neg,119,master,False,
2453,ทำไมอ่าาาาาา เดี๋ยวหนีไปทำเอมเค อีดอก5555,negative,wisesight_sentiment,neg,41,master,False,
2454,#ลอรีเอะเฟรชคอนโทรล #30 cmซื้อง่ายที่เซ่เว่นค่ะ #ล็อคกลิ่นมั่นใจไม่อับชื้น #นี่สิคอนโทรลได้ทั้งคืน,positive,wisesight_sentiment,pos,98,master,False,
2455,ตายๆรถคันล้านสามไม่มีมาให้ ซูซูกิแคร์รี่คัน3แสนยังมีให้เลย,positive,wisesight_sentiment,pos,58,master,False,
2456,ผ่าม พ้าม #แวะมาตบเสียงมุข,negative,wisesight_sentiment,neg,26,master,False,
2457,ชวนคนขับรถที,positive,wisesight_sentiment,pos,12,master,False,
2458,มาดามแป้งหน้าอ่อยกว่าวัย อยากหน้าเด็กมั่ง ต้องซื้อ สเนลไวท์โกล มาใช้บ้างละ,positive,wisesight_sentiment,pos,74,master,False,
2459,นี่ใช้ของ L'Oreal ทุกอย่างเลยคะ,positive,wisesight_sentiment,pos,31,master,False,
2460,อีฟโรเช่กูก็ใช้มาทั้งแชมพู เซรั่ม ที่มักผม สรุป ผมกูก็ยังร่วงเหมือนเดิม😑 แต่ทำไมคนอื่นใช้แล้วผมหายร่วงผมขึ้น😂,negative,wisesight_sentiment,neg,109,master,False,
2461,มหาชัย ไม่เห็นมี4หม้อ อะคะ,negative,wisesight_sentiment,neg,26,master,False,
2462,กำแพงปิดเรียบร้อยแล้วเพราะสู้หมูกะทะไม่ได้ 😁😁,negative,wisesight_sentiment,neg,45,master,False,
2463,วันนี้เรามีข้อมูลดีๆ มาบอก พร้อมวิธีแก้ง่ายๆ มาแนะนำสาวๆ ด้วยค่ะ ก็แค่...เดินเข้า 7-Eleven แล้วแลกซื้อสุดคุ้ม Laurier Soft & Safe Anti – Bac แค่ 20 บาท! เท่านี้ก็จบปัญหาให้น้องสาวได้สบายยย #มั่นใจหมดกังวลเรื่องกลิ่น วันนี้ - 3 ม.ค. 61 เท่านั้นนะคะ :),negative,wisesight_sentiment,neg,250,master,False,
2464,ขอเสียของบุหรี่ไฟฟ้าคือ...รัฐบาลขาดทุนจบ!!!,negative,wisesight_sentiment,neg,43,master,False,
2465,ว่าจะซื้อ มาสด้า 2 ตอนนี่ไม่เอาแล้ว เปลี่ยนขับโตโยต้าดีกว่า,negative,wisesight_sentiment,neg,59,master,False,
2466,อยากกินอีกล่ะ😱,positive,wisesight_sentiment,pos,14,master,False,
2467,mamondeเราใช้ก็รู้สึกแห้งมากเหมือนกัน ใครว่าดีเราว่าแห้งมากอะ,negative,wisesight_sentiment,neg,61,master,False,
2468,กูก็เลิกบุหรี่ได้ก็เพราะบุหรี่ไฟฟ้านี่ล่ะสาดดด,positive,wisesight_sentiment,pos,46,master,False,
2469,เที่ยงแพรค่ะจะเลี้ยง hotpot ฮาจิบัง บาบีก้อน หรืออะไรดี อิอิ,positive,wisesight_sentiment,pos,60,master,False,
2470,ปากของwet n wildรู้ว่านานรอดแต่ก็ไม่ค่อยกล้า แม่งอยู่นะ แต่คราบ 5555555555,negative,wisesight_sentiment,neg,74,master,False,
2471,หน่อว ปกติพี่ 285 ไง มอพี่แม่งกินแต่285,negative,wisesight_sentiment,neg,39,master,False,
2472,ผ้าอนามัยแม่งเย็นมาก เย็นจนออกร้อน อ่าาาาาห์ กลัวฮีเป็นไข้จัง ไม่รู้จะทำตัวยังไง,negative,wisesight_sentiment,neg,80,master,False,
2473,แปลกดีจังไม่แจ้งสาขาที่ร่วมในโพส,negative,wisesight_sentiment,neg,32,master,False,
2474,อันนี้น้ำจิ้มไม่อร่อย,negative,wisesight_sentiment,neg,21,master,False,
2475,สักวันคงทนไม่ไหว5555,negative,wisesight_sentiment,neg,20,master,False,
2476,ไฮเนเก้น ที่ร้านเจ๊แก ขายขวดละ 140 งงเลย ว่าทำไมถึงแพงกว่าร้านเหล้า,negative,wisesight_sentiment,neg,67,master,False,
2477,สาขาหาดใหญ่ไม่มี,negative,wisesight_sentiment,neg,16,master,False,
2478,แม่งเอ้ย ขอนแก่นไม่มี,negative,wisesight_sentiment,neg,21,master,False,
2479,อย่าเท ลค. เหมือน ford fiesta นะคนับ,negative,wisesight_sentiment,neg,36,master,False,
2480,สู้ไปด้วยกันคะ✌🏼,positive,wisesight_sentiment,pos,16,master,False,
2481,ครอบครัว เรียก ซี จิรภัทร ภูมิรักษ์ คิดถึงช้างงงง แดกคนเดียวไม่อร่อย :'(,negative,wisesight_sentiment,neg,72,master,False,
2482,ไฮเนเก้นในเซเว่นแก้ขัดไปก่อนค่ะ เวลาเสี้ยนมาพี่ก็ข้ามถนนน้อย ๆ ไปซื้อในร้านโชว์ห่วยตรงข้ามตึกนี่ล่ะค่ะ 555555,negative,wisesight_sentiment,neg,109,master,False,
2483,ขอบคุณ พวกพี่ๆครับ,positive,wisesight_sentiment,pos,18,master,False,
2484,ไม่มีขนมจีบแล้วเหรอครับ,negative,wisesight_sentiment,neg,23,master,False,
2485,เออ นึกถึงกูแล้วจะชิบหายกันถ้วนหน้า🤣🤣🤣,negative,wisesight_sentiment,neg,38,master,False,
2486,4จ่าย3ว่ะ🙊,positive,wisesight_sentiment,pos,10,master,False,
2487,งานนี้ลีโอเสือกเป็นสปอนเซอร์ อีเหี้ย กูแดกลีโอแล้วปวดหัว,negative,wisesight_sentiment,neg,56,master,False,
2488,มาเปิดที่สิงห์บุรีด้วย จะโกรษเเล้ว,negative,wisesight_sentiment,neg,34,master,False,
2489,ได้รับสินค้าแล้ว สินค้าใช้ดีมากค่ะ ขอบคุณค่ะ,positive,wisesight_sentiment,pos,44,master,False,
2490,มันอัตรายมากครับสูบมาเป็นปีแล้ว เลิกบุหรี่มวนมาเป็นปีหลังจากสูบมันมา17ปี ร่างกายสมบูณร์ขึ้นมาก ปวดหายใจได้ดีขึ้น รับกลิ่นได้ดีมากทำอะไรก็ไม่เหนื่อยง่าย,negative,wisesight_sentiment,neg,151,master,False,
2491,คืออะไรไม่เข้าใจอธิบายหน่อยค่ะก้อน ซื้อ1500 แล้วได้คูปอง500 สามใบ =1500 แล้วมันพิเศษตรงไหน,negative,wisesight_sentiment,neg,90,master,False,
2492,โมเม้น เป็นเมนส์ แล้วผ้าอนามัยขูดดากนิแบบ.....,negative,wisesight_sentiment,neg,46,master,False,
2493,นีเวียคลีนซิ่งอย่าเรียกว่าคลีนซิ่งเลย ใช้เกือบทุกสูตรและ เช็ดจนสำลีจะหมดห่อก็ยังไม่เกลี้ยง ปกติ 5-6 แผ่นก็ได้และ อั…,negative,wisesight_sentiment,neg,116,master,False,
2494,พี่ยอร์ชต้องสัก3-4ชุดถึงจะอิ่มอ่ะ55555,positive,wisesight_sentiment,pos,38,master,False,
2495,ซื้อให้หน่อย,positive,wisesight_sentiment,pos,12,master,False,
2496,โคตรเกลียดแท็กซี่สูบบุหรี่อ่ะ,negative,wisesight_sentiment,neg,29,master,False,
2497,อยากกินเนื้อสไลด์​,positive,wisesight_sentiment,pos,18,master,False,
2498,เมื่อวานชานมไข่มุกก็อร่อย วันนี้รุ่นพี่ก็อร่อย //สูดกาววาดไม่ทันแล้ว #เต็นสิค,positive,wisesight_sentiment,pos,77,master,False,
2499,เสียใจทสาขาเดอะมอลล์บางกะปิ ยุบไปแล้ว,negative,wisesight_sentiment,neg,37,master,False,
2500,ผ้าอนามัยคงไม่มีใครเห็นปะ,negative,wisesight_sentiment,neg,25,master,False,
2501,ไปกินเซนทรัลบางนามา ซูซิแข็งมาก มีหน้าไห้เลือก 3 อย่าง 👎,negative,wisesight_sentiment,neg,56,master,False,
2502,เงินหดหาย ตอนนี้สเมอนอฟป๋องละ100ละ อย่างแพง,negative,wisesight_sentiment,neg,43,master,False,
2503,คือ บลัชออน clinique ที่เกามีขายเป็นร้อยๆสี meanwhile ที่ไทยมีสอง-สามสี ท้อ,negative,wisesight_sentiment,neg,75,master,False,
2504,ทางของเรามาละ,positive,wisesight_sentiment,pos,13,master,False,
2505,เก็บตังไปกินกัน555,positive,wisesight_sentiment,pos,18,master,False,
2506,ฮอนด้า อะไหล่แพงหละน้อ เบิกห้างอย่างเดียว ส่วนโตโยต้า รับเต็มๆขายดีเทน้ำเทท่า ส่วนเยอรมัน ใช้เบนซ์ บีเอ็ม 5555 อุดรธานี สกายแลป ไปพลางๆก่อนนะ,negative,wisesight_sentiment,neg,141,master,False,
2507,ตอนเด็กๆผู้ใหญ่สอนว่า ทำธุรกิจพวกสิ่งมึนเมามันไม่เจริญหรอก แต่สิ่งที่เห็นตอนนี้ คือเบียร์ช้างกับเบียร์สิงห์แม่งรวยจนไม่รู้จะเอาเงินไปทำไรแล้ว เป็นที่เชิดหน้าชูตาในสังคมอีก,negative,wisesight_sentiment,neg,171,master,False,
2508,ผมเมาเบียร์ลีโอ แต่พี่เป็นสาวเบียร์สิงห์. จะว่าอะไรรึเปล่าถ้าจะให้เปิดขวดลีโอ555. แซวเล่นเด้อก๊าบบบบ,positive,wisesight_sentiment,pos,100,master,False,
2509,ผลิตภัณฑ์เช็ดหน้าแบบไหนที่คุณชื่นชอบ คือ ที่เช็ดแล้วหน้าสะอาดหมดจด ไม่เหลือคราบ ไม่เหลือสิ่งสกปรก หน้าไม่แห้งตึง หน้าไม่ลอก ใช้แล้วไม่แพ้ ไม่เป็นสิวค่ะ ถ้าได้ลองใช้ Purity Micellar Water รับรองหน้าสะอาดกิ๊ก รับรองออร่าเกิดแน่นอนค่ะ #Mantracompetition #Mantralady #Corinedefarme,positive,wisesight_sentiment,pos,277,master,False,
2510,สงขลายังสาขาไหนมั่งนิ ไซไม่บอกให้แหมด,positive,wisesight_sentiment,pos,37,master,False,
2511,สเมอนอฟอีเล้คทริคบลูรสชาติเหี้ยมาก,negative,wisesight_sentiment,neg,34,master,False,
2512,ชอบๆครับ Nissan X-trailกำลังอยากได้อยู่พอดีเลยครับจัดโปรราคาเบาๆให้แบบนี้ถูกใจเลยครับ,positive,wisesight_sentiment,pos,85,master,False,
2513,GOoooooo!!!!!!,positive,wisesight_sentiment,pos,14,master,False,
2514,ใกล้ๆบ้านพี่ อยากไป ไปเปนเพื่อนหน่อยยย,positive,wisesight_sentiment,pos,38,master,False,
2515,เมนู​ฮิตที่ทุกคนชอบ ... ชอบสุดๆก็น้ำจิ้มนี่แหละ,positive,wisesight_sentiment,pos,47,master,False,
2516,กินกะที่บ้านแล้วตื่นมาแฮงค์อ่ะเข็ดเลย ละเป็นเวลากินกะที่บ้านทุกครั้ง กินกับเพื่อน(ตอนจบม6ก็ไม่เป็นไร) กินแต่บาคาดี้ฟูมูล เหล้าเบียร์ไม่อร่อย,negative,wisesight_sentiment,neg,140,master,False,
2517,"ไม่พบพยาธิ แต่พบ!! ""Chronic inflammation and multifocal small-size abscesses are found in fibrous connective tissue next to muscle tissues. Inflammatory cells, debris cells, and bacterial clumps are located in the center."" สรุป ""เนื้อวัวมีการติดเชื้อแบคทีเรียจนเกิดการอักเสบและกลายเป็นฝีหนอง"" เอาเนื้อวัวที่ติดเชื้อแบคทีเรียมาขายนี่หนักกว่าพยาธิอีกนะคะ ก๊อบเค้ามา",negative,wisesight_sentiment,neg,363,master,False,
2518,ยังเสือกไปซื้อโจมาโลน,negative,wisesight_sentiment,neg,21,master,False,
2519,ตัวนี้ดีจริง หลังๆโตต้าทำรถมาดี เหมือนยาริสตัวใหม่อะ ทำการบ้านมาดี,positive,wisesight_sentiment,pos,66,master,False,
2520,เงินออกจัดๆ555,positive,wisesight_sentiment,pos,14,master,False,
2521,อยากแดกบาบีก้อนโว้ยยยน,positive,wisesight_sentiment,pos,22,master,False,
2522,เพชรบูรณ์ไม่เคยร่วมรายการเลยยย,negative,wisesight_sentiment,neg,30,master,False,
2523,วันนี้ไม่มีตังค์เสาร์กลับบ้าน55555,negative,wisesight_sentiment,neg,34,master,False,
2524,กุอ่านข่าวเพจแหม่มโพธิ์ดำ ที่ไอเหี้ยตัวนึงแบบมีไรกะเด็กม.ปลาย ถ่ายคลิป แบล็คเมล แถมมันติดเชื้ออีก เลว,negative,wisesight_sentiment,neg,101,master,False,
2525,รอบะหมี่หยกอยู่นะครับ ของฟรีมีจริงหรือเปล่า,positive,wisesight_sentiment,pos,43,master,False,
2526,กินกันไหม๊,positive,wisesight_sentiment,pos,10,master,False,
2527,เมื่อไหร่ดี,positive,wisesight_sentiment,pos,11,master,False,
2528,ยากๆๆๆกินๆๆๆๆ,positive,wisesight_sentiment,pos,13,master,False,
2529,เอสเคทูแม่งเลย ล้อเล่น5555555555,negative,wisesight_sentiment,neg,32,master,False,
2530,มีแต่ของอ้วนๆ ไม่เอาด้วยหรอก,negative,wisesight_sentiment,neg,28,master,False,
2531,อยากได้รางวัลมากเลยค่ะ เรารักบาบีก้อนน 55,positive,wisesight_sentiment,pos,41,master,False,
2532,ฝากผู้บริหารใจถึงหน่อยมาสด้า 6 มาได้แล้วลองสำรวจดูก็ได้คนให้ความสนใจเยอะมากไม่เอาส่วนแบ่งการตลาดหน่อยรึ,negative,wisesight_sentiment,neg,103,master,False,
2533,พรรคพลังประชารัฐ โดนร้องเรียน จะย่างเข้า 3 เดือนแล้ว ยังไม่มีผลใดๆเกิดขึ้น แต่พรรคไทยรักษาชาติ โดนร้องไม่ถึงอาทิตย์ พิจารณาและมีมติเรียบร้อย และเรื่องที่ควรร้องอีกเรื่อง พรรคพลังประชารัฐ ให้ลุงตู่เป็นเคนดิเดตก็ขัดต่อกฎหมายไม่ต่างกัน #เลือกตั้ง62,negative,wisesight_sentiment,neg,245,master,False,
2534,ห่วยแตกมากคับ!!!!! สาขาplus mall อมตะนคร จ.ชลบุรี ของหมดแต่หัววัน สั่งคอเป็ด บอกหมด(???) ทั้งที่พึ่งเปิดบริการ โปร 3 4 3 ก้บอกของหมดแต่หัววัน ช่วยเคลียให้ด้วยครับ เพราะถ้าคราวหน้าเจออีกผมไม่ไว้หน้าแน่ครับ เพราะโดนมาเยอะแล้ว,negative,wisesight_sentiment,neg,223,master,False,
2535,ช่วงที่พนักงาน mk เต้นประจำวันของเขาอะนะ แม่งเป็นช่วงที่ awkward ทั้งคนกินทั้งคนเต้นเลยสัส กุก็ไม่อยากหันไปมองเขาอ…,negative,wisesight_sentiment,neg,115,master,False,
2536,ตอบแชดน่อยคับแอด,negative,wisesight_sentiment,neg,16,master,False,
2537,แสงโสมน่ารักกว่า,positive,wisesight_sentiment,pos,16,master,False,
2538,สมน้ำหน้ารัฐบาลไทย บอกว่าประเทศไทยเป็นเมืองพุทธ ชนทำบริษัทเบียร์ช้างไปจดทะเบียนที่สิงคาโปร เก็บภาษีสบายเลยส่วนประเทศไทยได้แต่นั่งดู,negative,wisesight_sentiment,neg,131,master,False,
2539,เราชอบกินน้ำสิงห์จัง,positive,wisesight_sentiment,pos,20,master,False,
2540,ผมใช้ดากอนพาวเวอร์4X4มา 20ปี วีครอสรุ่นนี้สวย ดีแม๊คไฟมันไม่สวย,negative,wisesight_sentiment,neg,63,master,False,
2541,Clouds across the moon บาร์เล็กๆในซอยปรีดีพรมยงค์ 14 ที่ให้บรรยากาศเสมือนจิบ Cocktail ภายใต้แสงจันทร์ เครื่องดื่ม Signature ในร้านก็ตั้งตาม Concept พระจันทร์โดยเราได้ลอง Stardust ที่เบสด้วย White Rum ผสมกับไซรัป แครนเบอร์รี่ และกลิตเตอร์ขอบแก้วที่ให้รสชาติหวานแบบฟรุตตี้ๆดีทีเดียว pic.twitter.com/U6vcGH5fFL,positive,wisesight_sentiment,pos,307,master,False,
2542,สู้ๆครับพี่ๆ,positive,wisesight_sentiment,pos,12,master,False,
2543,ผมก็ชอบดื่มสิงห์แต่ไม่บ่อย ส่วนมากก็ลีโอ ช้าง เพราะถูกกว่า,positive,wisesight_sentiment,pos,58,master,False,
2544,เออไปหมดละตอนนี้กูหิว,positive,wisesight_sentiment,pos,21,master,False,
2545,จัดแบบนี้ขอเงินหน่อยสิ show dc,negative,wisesight_sentiment,neg,30,master,False,
2546,เค้าจะลดความอ้วน,negative,wisesight_sentiment,neg,16,master,False,
2547,ความคิดเห็นของคุณมีประโยชน์สำหรับฉันมากๆเลยค่ะ เเฟนดิฉันสูบบุหรี่วันละ 3 ซอง ติดต่อมา 3 ปี (อายุ28) จนถูกหามส่งเข้า รพ. ตอนนี้ลดเหลือ 1 ซอง ละหันมาใช้บุหรี่ไฟฟ้าช่วยลด รู้สึกเครียดเเละทรมานเพราะเราไม่ใช่คนสูบ เเต่พยายามให้กำลังใจ ให้เขาเลิกได้เร็ววัน.,positive,wisesight_sentiment,pos,251,master,False,
2548,เข้าไปแล้ว แต่หาเบอร์ 15 ไม่เจออะค่ะ,positive,wisesight_sentiment,pos,36,master,False,
2549,ปะ กันเห็นแล้วน้ำลายแตก,positive,wisesight_sentiment,pos,23,master,False,
2550,เบื่อการโดนผ้าอนามัยบาดก้น,negative,wisesight_sentiment,neg,26,master,False,
2551,อยากกินนนน แต่ที่แฟไม่มีแม็คอ่ะ,negative,wisesight_sentiment,neg,31,master,False,
2552,อีสัส ผ้าอนามัยอะ ไม่ต้องออกกลิ่นใหม่หรือซึมซับดีกว่าเดิมหรอก ทำอีกาวให้แน่นก็พอ ใส่ไปแป๊บเดียวถอดกางเกงในมาอีกทีผ้าอนามัยติดตรงหีแล้วอีสัส,negative,wisesight_sentiment,neg,139,master,False,
2553,ไม่พักเที่ยงงะ,positive,wisesight_sentiment,pos,14,master,False,
2554,ที่เปิดให้จองไว้ป่านนี้ยังไม่ได้ และยังเก็บค่าส่งด้วย แล้วทำไมซื้อที่ยังร้านมีส่วนลดอีก หมายความว่าไงค่ะ,negative,wisesight_sentiment,neg,104,master,False,
2555,ชอบกินด้วยอะเอ็มเค,positive,wisesight_sentiment,pos,18,master,False,
2556,บ้าร๋อ คนจะเลิกเหล้า เลิกบุหรี่ เบียร์สิงห์ เบียร์ช้าง โรงงานยาสูบเจ๊งปิดกิจการ #ลาเวนเดอร์ม่วงสวยสด,negative,wisesight_sentiment,neg,100,master,False,
2557,ไม่เอาเบียร์ยูอ้ะ ไม่หย่อย,negative,wisesight_sentiment,neg,26,master,False,
2558,อยากยาวอยู่คะ แต่กำหนดเวลา555,negative,wisesight_sentiment,neg,29,master,False,
2559,แม่กุโดนแล้วววว เอารถไปถ่ายน้ำมันเครื่องแล้วทำเสร็จตอนก่อนเที่ยงประมาณ 10 นาที แต่ไม่สามารถจ่ายเงินแล้วกลับบ้านได้เลยเพราะพนักงานแคชเชียร์ไปกินข้าว แม่กุนั่งหิวรอพนักงานไปดิ #honda,negative,wisesight_sentiment,neg,180,master,False,
2560,พยายามใช้สิทธิของเราอย่างเต็มที่อะ แต่เห็นข่าวต่างๆนาๆ แล้วแบบคือกูท้อมากจริงๆ หดหู่ฉิบหาย โกงทุกอย่างเลยมึงงง ตั้งแต่วันแรกจนนาทีสุดท้าย,negative,wisesight_sentiment,neg,137,master,False,
2561,มีใครขับ Jazz บ้างครับ ขอเสียงหน่อย,negative,wisesight_sentiment,neg,35,master,False,
2562,เทอเค้าอ้วงแย้ว😂,positive,wisesight_sentiment,pos,16,master,False,
2563,ตากูบวมตั้งแต่แก้วแรก 55555',negative,wisesight_sentiment,neg,28,master,False,
2564,มีความ Toyota Crown ไปทำศัลย์ที่เกาหลี โดยรวมข้างนอกสวยมากกก ( ยกเว้นกระจังหน้า ) แต่ข้างในขอทำใจแปร๊บ,positive,wisesight_sentiment,pos,102,master,False,
2565,พี่เอ๊าะๆๆ ไปกันๆๆๆ,positive,wisesight_sentiment,pos,19,master,False,
2566,หลอกเรากินเห็ด..แพงๆ...เดัยนี้ทานแต่ชาบู,negative,wisesight_sentiment,neg,40,master,False,
2567,รักของเรามีทุกรสชาติค่ะ มีสนุก เศร้า หัวเราะ ร้องไห้ มุ้งมิ้งๆ ทะเละกันก้อบ่อยค่ะ แต่ก้อกับมารักกันเหมือนเดิม ก้อเหมือนSPY ที่มีหลายรสชาติ เป็นสีสันของชีวิตค่ะ ไม่ว่าจะสุขหรือทุกข์ ถ้าผ่านมันมาด้วยกันได้ ก้อจะทำให้เราเข้าใจกันมากขึ้น ขอบคุณที่อยุ่ข้างๆกันจับมือกันมาตลอด แระเราจะจับมือกับแบบนี้ตลอดไป,positive,wisesight_sentiment,pos,300,master,False,
2568,เปลี่ยนเป็นสเมอนอฟ แทน น่าจะอร่อย,positive,wisesight_sentiment,pos,33,master,False,
2569,อยากกินอ่า,positive,wisesight_sentiment,pos,10,master,False,
2570,แง่วเพชรบูรณ์ไม่มีร่วมเลย,negative,wisesight_sentiment,neg,25,master,False,
2571,จะพาเค้าไปญี่ปุ่นเหรอ ดีอ่ะ เก็บกระเป๋าเเพ็บ อยากไปเที่ยวโตเกียว ไปตระเวนกินทุกอย่างที่อยากไป ไปถ่ายรูปเก๋กับวิวภูเขาไฟฟูจิ คงเป็นช่วงเวลาดีๆของเราทั้ง 2 ถ้ามี SPY ด้วยคงดีมาก ฟินกับบรรยากาศเเละนั่งดื่มชิวๆ #SPYCLASSIC,positive,wisesight_sentiment,pos,218,master,False,
2572,เล่นตอนไหนอ่าาาพลาดได้ไงเรา,negative,wisesight_sentiment,neg,27,master,False,
2573,โอ๊ยยยย ข่าวบาบีก้อนอะ เป็นสาขาที่เรากินบ่อยสุด .......................................แผ่นดินไหวแต่นี่ไม่ไหวแล้วจะอ้วกของจริง พะอืดพะอม,negative,wisesight_sentiment,neg,136,master,False,
2574,ชอบตอนลดราคา,positive,wisesight_sentiment,pos,12,master,False,
2575,ใจไม่ดีเลย,positive,wisesight_sentiment,pos,10,master,False,
2576,เนอะๆน่าจะเอาเปนเสริมเอาถามลูกค้าว่าเอาแบบไหน,negative,wisesight_sentiment,neg,45,master,False,
2577,รีวิวเบียร์ที่ฝรั่งเศส ให้เพื่อนแนะนำเบียร์หน่อย ตอนแรกหยิบโฮมา เพื่อนบอกไม่อร่อยนะ มันเป็นเบียร์แมส เทียบได้กับไฮเนเก้นงี้ อห! ละหยิบขวดนี้ให้ /อยู่ไทยแดกโฮคือโอมากแล้วไง 😂,negative,wisesight_sentiment,neg,173,master,False,
2578,วันไหนดีมี๊จ๋าาาา,positive,wisesight_sentiment,pos,17,master,False,
2579,555 รีบได้แค่เที่ยง,positive,wisesight_sentiment,pos,19,master,False,
2580,ไปด้วยได้ไหม ป้าาา,positive,wisesight_sentiment,pos,18,master,False,
2581,ปรับปรุงสัญญาณอินเตอร์เน็ตเถอะค่ะ หงุดหงิดจะทำไรก็ไม่ได้ อยากจะย้ายค่าย,negative,wisesight_sentiment,neg,71,master,False,
2582,อดไรอ่ะอยากกินบาบีก้อน😔😔,positive,wisesight_sentiment,pos,24,master,False,
2583,ที่ย้ากก 😋,positive,wisesight_sentiment,pos,10,master,False,
2584,ใจเยนนนน กูชักอ้วนใหญ่แล้ว,positive,wisesight_sentiment,pos,26,master,False,
2585,ไม่รุ้อ่ะ น่าจะ 3 กว่าๆมั้ง,positive,wisesight_sentiment,pos,27,master,False,
2586,สะพานไม่นับรวมทางขึ้นลง งงบักคัก 😢,negative,wisesight_sentiment,neg,34,master,False,
2587,โอ้ยยยยยย 😢😢,positive,wisesight_sentiment,pos,12,master,False,
2588,เป็นป้ายหาเสียงที่ไม่รบกวนคนเดินเท้า ชอบๆ #เลือกตั้ง62 #อนาคตใหม่,positive,wisesight_sentiment,pos,65,master,False,
2589,mazda cx 5 น้ำดัน ปัญญาโลกแตก,negative,wisesight_sentiment,neg,29,master,False,
2590,ยาริสตัวใหม่งามม,positive,wisesight_sentiment,pos,16,master,False,
2591,ไปไหมวันนี้,positive,wisesight_sentiment,pos,11,master,False,
2592,555555 ครั้งที่แล้วก็อีก,positive,wisesight_sentiment,pos,24,master,False,
2593,อยากได้ผ้าอนามัย ต้องเอา โมเดสแบบไม่มีปีกเท่านั้นนะ แม่งต้องเสียตังซื้อทุกเดือน,negative,wisesight_sentiment,neg,79,master,False,
2594,ออกกกำลังกายมีสี่วัน พังเพราะบาบิก้อน,negative,wisesight_sentiment,neg,37,master,False,
2595,ไฮเนเก้นเลิกกินไปนานแล้วครับ คิดถึงkroster,negative,wisesight_sentiment,neg,42,master,False,
2596,ยอดเยื่ยมmgรุ่นนื้หนักแน่นเวลาขับขื่เก๋มากน่าทดลองสไตล์ยุโรปสุดเท่ห์ถ้าได้ขับขื่,positive,wisesight_sentiment,pos,80,master,False,
2597,ต้องไปบางนาดิ,positive,wisesight_sentiment,pos,13,master,False,
2598,ปูยยยยยยยยยย!!,positive,wisesight_sentiment,pos,14,master,False,
2599,🙄🙄🙄 เทคนิคป้องกันผิวรับซัมเมอร์ ของเรา คือ ทาครีมกันแดดสม่ำเสมอ / ทาก่อนออกแดดสัก 10-15 นาที และ ทาซ้ำทุกๆ 2-4 ชม. / ใส่เสื้อผ้าเบาสบายอย่าหนาจนเกินไปปกป้องผิว / ไม่เดินตากแดดแรงๆ หลีกเลี่ยงแดดช่วงที่ร้อนที่สุดของวันได้จะดีมากๆ 😉😉😉 อยากได้ Kiehl's Daily UV Defense อยากทดลองใช้ เพราะ ไม่ทิ้งคราบซึมไว ป้องกันจุดด่างดำความหมองคล้ำ ปกป้องผิวกันแดดได้ดีค่ะ,positive,wisesight_sentiment,pos,353,master,False,
2600,เพชรบูรณ์ไม่มีอ่ะอด ตลอด,negative,wisesight_sentiment,neg,24,master,False,
2601,กิน smirnoff ละเป็นงี้ทุกที ลาขาด,negative,wisesight_sentiment,neg,33,master,False,
2602,ผ้าอนามัยแบบสอด สิ่งที่ต้องกังวลคือ TSS ค่ะ ไม่ใช่มะเร็ง สาวๆทั่วโลกทราบกันดีค่ะ ใครไม่รู้จัก TSS เสริชกูเกิลเลยค่ะ ปัญหานี้ ทำให้เทคโนโลยีที่ใหม่กว่า คือ menstrual cups มีออกมาวางขาย ซึ่งอันตรายน้อยกว่า tampon,negative,wisesight_sentiment,neg,210,master,False,
2603,พนงเอ็มเคต้องเหวี่ยงขนาดนี้มั้ย กลัว 55555,negative,wisesight_sentiment,neg,42,master,False,
2604,ไม่น่ากินฟูลมูนเลยอห. เสัยดท้องเชี่ยยย,negative,wisesight_sentiment,neg,38,master,False,
2605,อยากกินบาบีก้อน ปิ้งย่าง ชาบู มั่วไปหมด ไม่มีใครไปด้วย ก็จะไปกินบาบีก้อนคนเดียวละพน.,positive,wisesight_sentiment,pos,84,master,False,
2606,น้ารักเชียววว,positive,wisesight_sentiment,pos,13,master,False,
2607,สวยหรูดีไซน์แจ๋วใช้งานง่าย ขึ้นเขาลงห้วยก็ไม่ต้องกลัว เจอรถนิสสันคันนี้ไปถูกใจจริงๆค่ะ,positive,wisesight_sentiment,pos,86,master,False,
2608,กินทุกอย่างเลยได้ไหมง่าาา,positive,wisesight_sentiment,pos,25,master,False,
2609,ไฮลัก รีโว่ เยี่ยมจริงๆ,positive,wisesight_sentiment,pos,23,master,False,
2610,บ้านเราอยู่ในกะลาต่อไป,negative,wisesight_sentiment,neg,22,master,False,
2611,ฉันหลงรักน้องกันแดดบีโอเร ราคานางไม่แพงนะ หาซื้อไม่ยากหลอดเล็กมีที่7-11 หลอดใหญ่ซื้อตามวัตสัน โลตัส จัดโปรบ่อยไปตำ…,negative,wisesight_sentiment,neg,115,master,False,
2612,เป็นกำลังใจให้นะคะ,positive,wisesight_sentiment,pos,18,master,False,
2613,อินนิสฟรี ซองอูหมดแล้วจริงดิ เวงๆๆๆ งี้นี่จะได้ป่ะวะT_T,negative,wisesight_sentiment,neg,55,master,False,
2614,"ที่บ้านมี Everest, HRV, Juke, GLA พอพูดถึง CHR เท่านั้นแหละ ทุกคนทำหน้า No มาก Toyota ทำออกมาเหมือนรถ eco SUV car ที่ตั้งราคาเวอร์ hybrid ไม่ช่วยให้ดูแพง #ความพร้อมใจที่แท้จริง",negative,wisesight_sentiment,neg,176,master,False,
2615,อ่อครับขอบคุณครับ :),positive,wisesight_sentiment,pos,20,master,False,
2616,เรามีช่วงนึงแดกเหล้าหนัก จนไม่สบาย นน.ลดเกือบ10โล เข็ดสัสเลยเลิกแดกเหล้า สุขภาพก็ดีผอมอีกต่างหากขอบคุณแสงโสมที่ทำให้มีทุกวันนี้,negative,wisesight_sentiment,neg,127,master,False,
2617,แม่งลืมบารบีก้อน,negative,wisesight_sentiment,neg,16,master,False,
2618,ดีแม็คจิงๆ!!ของเค้าดีจิงๆ,positive,wisesight_sentiment,pos,25,master,False,
2619,ขอหั้ยผ่านปัยดั้ยด้วยดีคับ,positive,wisesight_sentiment,pos,26,master,False,
2620,สมิติเวช = ขายบ้ายมาเข้ารพ.,negative,wisesight_sentiment,neg,27,master,False,
2621,ครั้งที่39 อยากไปดูHonda Civic ค่ะ,positive,wisesight_sentiment,pos,34,master,False,
2622,โรงงานยาสูบกลัวขาดทุนครับ ในไทยถึงยังไม่ถูกกฏหมายสักที,negative,wisesight_sentiment,neg,54,master,False,
2623,นิสสันนาวา รุ่นใหม่ มาพร้อมกับสะดวกสบาย ปลอดภัย ครบครัน.ราคาโดนใจสุดคุ้ม,positive,wisesight_sentiment,pos,72,master,False,
2624,ผมขับยาริส ตอนถอยมาแม่บอกรถเองทำไมมันไม่ได้เรื่อง สู้รถแท็กซี่ยังไม่ได้เลย วิ่งนิ่มกว่ากันเยอะ ผมบอก แม่....นั่นมันอัลติสนะ5555,negative,wisesight_sentiment,neg,127,master,False,
2625,จะเป็นห่าไรก็ช่าง อาหารระดับนี้แล้ว ใครไปใครเจอก็กินไม่ลง,negative,wisesight_sentiment,neg,57,master,False,
2626,เมื่อไหร่จะได้กิน ภูวดล ใหมคำ,positive,wisesight_sentiment,pos,29,master,False,
2627,ผมไม่ใช่ติ่งบุหรี่ไฟฟ้านะแต่เลิกบุหรี่มวนได้ก้เพราะบุหรี่ไฟฟ้า,positive,wisesight_sentiment,pos,62,master,False,
2628,ัตำรวจกระทำเกินกว่าเหตุครับ ในคลิบไม่ถือเป็นการขัดขวางการปฏิบัติงานของเจ้าหน้าที่นะครับ เคยมีคำพิพากษาฎีกากล่าวว่าเป็นการทำให้เจ้าหน้าที่ปฏิบัติงานลำบากขึ้นเท่านั้น เพราะงั้นควรจะประนีประนอมอธิบายผู้ต้องหาให้เข้าใจ,negative,wisesight_sentiment,neg,214,master,False,
2629,เด่วนี้แดกสปาย3ขวดก็เมาละ #rip,negative,wisesight_sentiment,neg,30,master,False,
2630,555 ช่วยกันจ่ายไหม หรือ จะให้เราจ่าย ครับ,positive,wisesight_sentiment,pos,41,master,False,
2631,แค่บุหรี่ไฟฟ้า....ถ่อกกกกก,negative,wisesight_sentiment,neg,26,master,False,
2632,วันนี้ได้มีโอกาสแวะทานเอ็มเคที่ สาขาโลตัส ด่านขุนทด เป็นอะไรที่แย่มากตั้งแต่ทานเอ็มเคมา เพราะ ปกติทานบ่อย เป็นสมาชิกจนได้บัตร MK EMERALD ไปทานที่ไหนก็ประทับใจในการบริการตลอด จนมาสาขานี้ แวะทานเพราะเป็นทางผ่าน > เริ่มตั้งแต่ >>สั่งน้ำซุป สั่งออริจินอล กับ ซุปญี่ปุ่น เราได้ ออริจินอลกับซุปกระดูกหมู >> สั่งออเกอร์เพิ่มนอกจากในเซ็ต เพิ่มประมาณ5อย่สง แต่ได้มา2อย่าง >> การบริการ ปกติพนง จะคอยเดินดูตลอด เช่นน้ำ ไม่เคยปล่อยให้หมด แต่ที่สาขานี้ รอจนคอแห้ง หาพนงเรียกขอน้ำก็แทบหาไม่เจอ 😭😭😭 เสียใจ กับการทานเอ็มเคครั้งนี้มากค่ะ ปกติจะชอบทาน,negative,wisesight_sentiment,neg,533,master,False,
2633,กระเป๋าคาดอก Blend 285 มีขายมั้ย,positive,wisesight_sentiment,pos,32,master,False,
2634,ดูข่าวเมื่อเช้า เขาบอกว่า อันตรายกว่าบุหรี่จริง 10 เท่า เป็นมะเร็งไวกว่าบุหรี่จริง. แล้วก็. คนขายกับคนซื้อ เขาจะตรวจดูทุกอย่างที่อยู่ที่ไหน เขาจะสืบต้นตอที่รับ ที่ส่งไปให้ลูกค้าใครบ้าง ส่งไปที่ไหน จะกวาดล้าง มีผลวันที่ 27 ธันวาคม 2560 ครับ,negative,wisesight_sentiment,neg,239,master,False,
2635,เลี้ยงกุไป,positive,wisesight_sentiment,pos,10,master,False,
2636,หูววววว สนใจเหยออออออ,positive,wisesight_sentiment,pos,21,master,False,
2637,อยากเป็ดดดด,positive,wisesight_sentiment,pos,11,master,False,
2638,ดูในรูปและอ่านเมนูหน่อยจ้ะและเราก็ไม่กินแล้วละMk ถ้าในโฆษณารูปเป็นแบบนี้แต่ของจริงเป็นอีกแบบนึง,negative,wisesight_sentiment,neg,95,master,False,
2639,I love NISSAN.,positive,wisesight_sentiment,pos,14,master,False,
2640,"เป็ดอย่าง,mkอร่อยมากไปทุกครังจัต้องสั่ง",positive,wisesight_sentiment,pos,39,master,False,
2641,การท่องเที่ยวไทยเจ๊งแน่ ๆ 5555 รัฐบาลจะทำอย่างไรดี,negative,wisesight_sentiment,neg,50,master,False,
2642,ไปเลยม่ะ อิอิ,positive,wisesight_sentiment,pos,13,master,False,
2643,พาไปหน่อยน้าา,positive,wisesight_sentiment,pos,13,master,False,
2644,มีแอปเอมเคยัง,positive,wisesight_sentiment,pos,13,master,False,
2645,ก่อน29 ด้วย อดกินราคานี้แน่ๆ😭,negative,wisesight_sentiment,neg,29,master,False,
2646,ยังไม่หิว 7 ฮ่าๆๆๆ,negative,wisesight_sentiment,neg,18,master,False,
2647,เรา❤️SPY Cooler สุดๆเลย นุ่มละมุนลิ้น ดื่มได้บ่อย อร่อยไม่เคยเปลี่ยน ดื่มได้ทุกเทศกาล ค่ะ,positive,wisesight_sentiment,pos,89,master,False,
2648,อร่อย อิ่ม ครบรส ที่ mk เท่านั้นคราบบ,positive,wisesight_sentiment,pos,37,master,False,
2649,โอ้โห สินค้าแต่ละตัว ไฮเอนเว่อวังทจะเป็นลม kiehls คือดังมากในเมกา แถมราคาไม่ใช่ถูกๆ ลูกเราแพงอะ จับแต่สินค้าแพงๆจ้า…,negative,wisesight_sentiment,neg,116,master,False,
2650,ทำไมใน #Netflix ถึงมีแค่7ตอนเองงงงงงงงง แง,negative,wisesight_sentiment,neg,42,master,False,
2651,แล้วเสน่ห์อย่างนึงของ jo malone คือมัน combine กลิ่นกันได้ เราเลยจะได้กลิ่นที่เป็นเฉพาะตัวของตัวเอง ดีมากค่ะ ดีทุกอย่างนกเว้นราคาค่ะ ฮลึก,negative,wisesight_sentiment,neg,137,master,False,
2652,"สามปีที่แล้วผมไม่ซื้อ teana ไปออกaccord แทนก็เพราะ interior นี่แหละ รับไม่ได้จริงๆ ปลายปีกะจะเปลี่ยนรถอีกคันเป็น SUV เพราะไปต่างจังหวัดทีไร6คนนั่งไม่หมด ต้องขับสองคัน ก็มอง pajero กับ terra ไว้นี่แหละ (ตัดEverest เบาะหลังโคตรชัน นั่งไม่ได้,ตัดfortuner นั่งแล้วจะอ้วก) ข้างนอกก็สวยดีนะ แต่เจอภาพinterior เข้าไปพูดตรงๆ โคตรเซ็ง อารมณ์ประมานเจอสาวสวย แต่เปิดกระโปรงมามี k_y อะไรแบบนั้นอะ",negative,wisesight_sentiment,neg,384,master,False,
2653,ตอนแท็กกูหิวด้วย,positive,wisesight_sentiment,pos,16,master,False,
2654,เอาผิด บริษัท เบียร์สิงห์ด้วยที่เป็นเจ้าของ เบียร์ลีโอ ฐานสนับสนุน เซว่น ยินยอมให้เอาเบียร์สด ที่เป็นสินค้าของบริษัทมาวางขายในเซ่เว่น ..ต้องสอบให้ชัดเจนด้วย ระหว่างเซเว่น กับบริษัทเบียร์สิงห์ ใครเป็นคนเสนอขายเบียร์สดในร้านสะดวกซื้อ...อย่าปล่อยให้พวกอีแอบทำตัวเป็นคนคุณธรรม แต่แอบค้าขายผิดจริยธรรม ศีลธรรม,negative,wisesight_sentiment,neg,304,master,False,
2655,ว่างัยพร้อมป่าว,positive,wisesight_sentiment,pos,15,master,False,
2656,แม่หญิงใช้อายไลน์เนอร์ มิสทีน ซุปเปอร์ แบล็ค ฟิคซ์ ไลน์เนอร์ เจ้าค่ะ เขาว่าเขียนง่าย แห้งเร็วหนา,positive,wisesight_sentiment,pos,96,master,False,
2657,เพิ่งออก JAZZ มาเมื่อ 2 /2/61 ค่ะ ขอแนะนำ คุณปุ๋ย Honda อุดมสุขค่ะ โทร 066-6666666 ประทับใจตั้งแต่วันที่เข้าไปดูรถเลย,positive,wisesight_sentiment,pos,117,master,False,
2658,หงส์ทองกินแล้ว เมามาย 555,negative,wisesight_sentiment,neg,25,master,False,
2659,เราซื้อคุชั่น Cathy Doll มาจ้า แกะออกมาพัฟเปื้อน สภาพแบบมือสองเลยจ้าาา !!!,negative,wisesight_sentiment,neg,74,master,False,
2660,มาสด้าเค้าฟ้องบริษัทด้วยไม่ใชาเหรอ,negative,wisesight_sentiment,neg,34,master,False,
2661,ไม่ใช่พยาธิแต่มันคือฝี 55555,negative,wisesight_sentiment,neg,28,master,False,
2662,ห้องใหญ่มาก นอนได้ 4 คนเลย ใกล้แหล่งท่องเที่ยวกลางคืน ถ้าคนนอนหลับอยากอาจจะรำคาญนิดหน่อย,positive,wisesight_sentiment,pos,88,master,False,
2663,โทรไปคือกดสายทิ้ง หมายความว่ายังไงค่ะ,negative,wisesight_sentiment,neg,37,master,False,
2664,ไปเอมเค 5555,positive,wisesight_sentiment,pos,12,master,False,
2665,ตกใจขนาดผ้าอนามัยที่เคยใช้ ยังทำบางลงเรื่อยๆ เราใช้โมเดสแบบไม่มีปีก เมื่อก่อนมันหนานุ่มมาก ตอนนี้มันบางลงเยอะเลย คือไรปัญหาในประเทศ5555555,negative,wisesight_sentiment,neg,138,master,False,
2666,แบบอีลตร้าสลิม แพงมากแต่ต้องใช้ เพราะร้อนๆแพ้ผ้าอนามัย ผิ่นขึ้นก้น ทรมานมาก555,negative,wisesight_sentiment,neg,78,master,False,
2667,เมื่อลองใช้ครีมทาสิว ทาทุกคืน ทั้งสมูทอี ทั้งสกินซัมติงก็ไม่หาย สรุป ไม่ต้องใช้เหี้ยไรเลย หายเฉย 😂,negative,wisesight_sentiment,neg,98,master,False,
2668,จริงค่ะ โซฟีนี่กาวดีเว่อร ติดหนึบ ต้องซักถึงออก🤣,positive,wisesight_sentiment,pos,48,master,False,
2669,เพราะแม่งจับปรับละได้ตั้ง,negative,wisesight_sentiment,neg,25,master,False,
2670,ตอนแรก เก็บเงินกะจะถอยมาสด้า 2 เต็มที่เลย พอไปสิงสถิตในกลุ่ม คือเจอมีปัญหาเรื่องเครื่องกันตรึมเลย และก็ราคาซ่อมบำรุงที่ค่อนข้างสูง 1เรานี่ ถอนตัวแทบไม่ทัน เลยเปลี่ยนใจมาเล็ง City ต่อ กว่าเงินจะครบ สงสัยจะเปลี่ยนไปอีกหลายคัน (เปลี่ยนในความคิดนะ 5555),negative,wisesight_sentiment,neg,249,master,False,
2671,กานีเย่นี่ล้างออกยากเชี่ยๆ,negative,wisesight_sentiment,neg,26,master,False,
2672,อินชอนชิกเก้นวิงค์ที่โชว์ดีซี เรามองว่าเขาไม่ต้องการบริการเรา ให้ไปรอที่อื่นทั้งที่เราก็สั่งอาหารเหมือนกันแต่แค่นำกลับบ้าน ไม่มีเก้าสำหรับรอ,negative,wisesight_sentiment,neg,140,master,False,
2673,พะอัพในโฆษณาการ์นิเย่แม่ง แง,negative,wisesight_sentiment,neg,28,master,False,
2674,จัดให้โหมดดดด,positive,wisesight_sentiment,pos,13,master,False,
2675,สาขาฟิวเจอร์พาร์ครังสิต บริการไม่ค่อยโอเคนะคะ ล่าสุดไปทานมาค่อนข้างมีปัญหาด้านบริการทั้งล่าช้าแล้วก็ลืมเสิร์ฟกะหล่ำซอย รับออเดอร์ไปแล้วแต่พอทวงก็บอกว่าเราไม่ได้สั่ง งงค่ะ,negative,wisesight_sentiment,neg,170,master,False,
2676,๕๕๕๕๕ เราแค่ไปกินบาบีก้อนก็คีบอุด้งหล่น น้ำกระเซ็น โอ๊ยยย /มองคนนั่งตรงข้าม กระดาษรองเขายังสะอาดอยู่เลบ,negative,wisesight_sentiment,neg,103,master,False,
2677,ไม่ฮอตพอตได้ป่ะ ไม่ชอบมากกก,negative,wisesight_sentiment,neg,27,master,False,
2678,เป็นคนหน้าแห้งและลอกค่ะ เวลาหน้าสด จะสังเกตได้เลยว่าผิวหน้าเป็นขุยๆบางจุด แห้ง ลอก แถมแต่งหน้าแล้วเป็นคราบไม่ติดทน รู้สึกผิวขาดน้ำ พออ่านสรรพคุณของ aquasource ว่าจะช่วยในเรื่องของความชุ่มชื้นให้กับผิวอย่างล้ำลึก แถมเกลี่ยง่าย ทาแล้วหน้าไม่มัน คิดว่าถ้าได้ลองใช้แล้วต้องช่วยให้ผิวหน้าสุขภาพดี หน้าสดแค่ไหนก็เอาอยู่ค่ะ #BeautyGalerie #CentralDepartmentStore #BIOTHERMTHAILAND #AQUASOURCEAURA #หน้าสดแต่ไม่เศร้า,positive,wisesight_sentiment,pos,408,master,False,
2679,รถกระบะนิสสันนาวาราดีไซน์สปอร์ต สวยงามมาก,positive,wisesight_sentiment,pos,41,master,False,
2680,ไปมาแล้วคะ อิ่มมากกกกกกกก,positive,wisesight_sentiment,pos,25,master,False,
2681,มันจะเงียบไม่เงียบ แต่กลุ่มคนทำเค้าก็ไม่ได้อยู่เฉยๆนะครับ จะปล่อยให้มันผ่านๆไป ให้โดนจับกนอย่างงี้หรอ ไม่ช่วยก็เงียบๆเลยครับ คนทำเค้าเสียกำลังใจ สู้เพื่อสิ่งที่ถูก เค้าทำเพื่อทุกคนที่ต้องการเลิกบุหรี่ ทำทุกอย่างที่ทำได้ ดีกว่าไม่ทำอะไรเลย,negative,wisesight_sentiment,neg,238,master,False,
2682,รอไม่ไหวแร้ว,positive,wisesight_sentiment,pos,12,master,False,
2683,ปะปี๊ขา mk มั้ยคะ,positive,wisesight_sentiment,pos,17,master,False,
2684,งดบุฟเฟ่ต์กันเถอะ,negative,wisesight_sentiment,neg,17,master,False,
2685,แพ้ผ้าอนามัยเหมือนกันค่ะ 😣😣,negative,wisesight_sentiment,neg,27,master,False,
2686,พนักงานสาขาห้วยขวางน่ารักมากกก แงงง 🍕,positive,wisesight_sentiment,pos,37,master,False,
2687,ขอร้านเหล้า ปีนี้หงุดหงิดเบียร์ช้างมาก,negative,wisesight_sentiment,neg,38,master,False,
2688,เพื่อไทยน่าสนเพราะมีท่านชัชชาติ แต่ก็กลัวมีกีฬาสีอีก อนาคตใหม่ การพรีเซนดี นโยบายน่าสนใจ แต่อาจจะแค่ขายฝัน เอาผสมกันทั้งสองพรรคเลยได้ไหม คงเป็นส่วนผสมพรรคการเมืองที่ลงตัว #เพื่อไทย #อนาคตใหม่,positive,wisesight_sentiment,pos,191,master,False,
2689,เคยสั่งของเพจนี้ ไม่ผิดหวังจริงๆๆๆค่ะ ดีมากๆๆส่งของไว คุณภาพของดีมากค่ะ สั่งครั้งแรก ครั้งที่2 ไม่ผิดหวังเรย,positive,wisesight_sentiment,pos,108,master,False,
2690,ไปกินวันก่อนเซงมากตั้งใจอยากกินน้ำซุปต้มยำแต่ดันหมดหมดก้อไม่แจ้งลุกค้าก่อนมีน้ำซุบแค่สามช่อง อีกช่องเปนน้ำปล่าว!ย้ำน้ำปล่าวจร้าถามผจก.สาขาบอกเปนน้ำซุปใสจร้าใสมากใสความอร่อยอยุ่ไส.. #ฮอตผอตโรบินสันบางรัก,negative,wisesight_sentiment,neg,202,master,False,
2691,ขออนุญาตแนะนำเป็น ลอรีเอะ ซูเปอร์ เจนเทิล พลัส อ่อนโยน หมดห่วงเรื่องการระคายเคืองนะค้า ^_^,positive,wisesight_sentiment,pos,90,master,False,
2692,ไม่รุ้ว่าเลยลดม้ะ,positive,wisesight_sentiment,pos,17,master,False,
2693,แม้งพากุ อ้วกตลอด,negative,wisesight_sentiment,neg,17,master,False,
2694,สู้ๆนะคร้าฟผมๆๆๆๆๆ,positive,wisesight_sentiment,pos,18,master,False,
2695,สมควรอ่ะเจ๊ ผมกินแทบทุกอาทิตย์ผมยังไม่กินอีกเลย 😂,negative,wisesight_sentiment,neg,49,master,False,
2696,ทีเอมเคแดกได้,positive,wisesight_sentiment,pos,13,master,False,
2697,ป่ะ จัดมั้ยๆ,positive,wisesight_sentiment,pos,12,master,False,
2698,555 ฉันไปได้แต่ฉันกลับไม่ได้,positive,wisesight_sentiment,pos,28,master,False,
2699,กินประจำช้าง เมาอยู่นะ,positive,wisesight_sentiment,pos,22,master,False,
2700,อยากอีกละ😭😭,positive,wisesight_sentiment,pos,11,master,False,
2701,วีโก้นี้เข้าโค้งทีชอบกินเลนเยอะผมก็เกือบชนกับรถวีโก้เพราะแกขับกินเลนเข้ามาเยอะมาก,negative,wisesight_sentiment,neg,81,master,False,
2702,ขับฟอร์ด โฟกัส แรกๆหาที่ปลดเกียร์ว่างไม่ได้...จึงไม่เคยจอดซ้อนคัน.... และก็ไปติดต่อศูนย์บอกการปลดเดียร์ว่างต้องเจ้าไปตั้งในระบบจึงจะทำได้ก็จัดการตั้ง เพื่อไม่ให้เดือดร้อนใคร และเกิดปัญหา....,negative,wisesight_sentiment,neg,190,master,False,
2703,เห็นข่าวแว่วๆมาว่าพิษภัยเท่า เฮโรอีน เดวจะรวมข้อมูลแฉคนปล่อยข่าว สื่อดีๆก็มีอยู่เสมอครับ,negative,wisesight_sentiment,neg,88,master,False,
2704,อู้ยยย มั่นใจไปอีกก ครั้งหน้สเสมินออฟป๋องฟ้าเป็นวุ้นดีฟ่าา ลงทุนนิดเดียวเมาข้ามคืน55,positive,wisesight_sentiment,pos,84,master,False,
2705,นมเจ้าปัญหา ฉันหมดกับเธอตั้งกี่บาทแล้ว!,negative,wisesight_sentiment,neg,39,master,False,
2706,ขอบคุณครับ ฝากด้วยครับ เมื่อก่อนผมจะชอบดื่มไฮเนเก้นมาก ด้วยที่ชอบความนุ่มลื่นและฟองที่มันดื่มง่าย เดี๋ยวนี้ผมว่ารสชาตเปลี่ยนจากเดิมไปเยอะ รสชาติเข้ม ขม จนเหมือนเบียร์ตลาดล่างๆไปแล้ว ... ติเพราะรักและชื่นชอบมาก่อนครับ ถ้ารสชาตเดิมกลับมา ผมมีติดตู้เย็นเหมือนเดิมแน่ๆครับ,positive,wisesight_sentiment,pos,268,master,False,
2707,ทำไมต้องอยากจดทะเบียนสมรสกันขนาดนั้นวะ เห็นดราม่ามาสักพักละอีพรบ.คู่ชีวิต อะไรเนี่ย,negative,wisesight_sentiment,neg,83,master,False,
2708,ข้าวผัดกระเทียมข้าวแฉะ ไม่เหมือนแต่ก่อนเบย,negative,wisesight_sentiment,neg,42,master,False,
2709,"ใครว่า ""ขายฝัน"" #อนาคตใหม่ ของ #บัตรทอง ""ต้องใช้เงินเท่าไหร่"" แล้วเอา ""เงินจากไหน"" มาฟังกันชัดๆ จากปาก ธนาธร แห่ง #พรรคอนาคตใหม่\7🧡 แจงละเอียดยิบ ใครยังสงสัย ส่งให้ฟังกันไปเลย 😉👌",positive,wisesight_sentiment,pos,178,master,False,
2710,บาบีก้อนนน แล้วปวดขี้ แต่ไม่พูด 😒😒😒,negative,wisesight_sentiment,neg,35,master,False,
2711,อ่าววพี่นาว 5555555 นี่ไม่กล้าใช้พวกที่มาสก์อะไรเลยค่ะ แพ้ง่ายมากๆ ขนาด SkII ก็แพ้เลย อิจฉาพี่นาว ไม่ต้องใ…,negative,wisesight_sentiment,neg,107,master,False,
2712,#innisfree super volcanic pore clay mask น้องคนนี้ช่วยกระชับรูขุมขน ทำความสะอาดสิ่งสกปรกจากรูขุมขน แถมลดความมันบนใบหน้าได้ด้วยน้า 🌿💚 #howtoperfect #ชี้เป้าโปรถูก #ถูกและดี #ripไอดอ #ถูกบอกต่อ #ของมันต้องMe #พื้นที่โปร #ไว้ขายของห้ามรีวิวโว้ย #ไว้ขายของห้ามรีวิวโว้ยย,positive,wisesight_sentiment,pos,266,master,False,
2713,คือต้องงงมั้ยให้ผู้ชายมาขายผ้าอนามัยเนี่ยไม่เข้าใจมากๆ 55555555555,negative,wisesight_sentiment,neg,66,master,False,
2714,เซ็นทรัลรันตราธิเบศ เลยยยครับ,negative,wisesight_sentiment,neg,29,master,False,
2715,ตอนนั้นโยยังไม่โพสรูปคู่เลย MK มันหลังจากวันที่กินสเวนเซ่นเค้าใส่ชุดสีแดง,positive,wisesight_sentiment,pos,73,master,False,
2716,เกลียดความรู้ทันของเพื่อน😅,positive,wisesight_sentiment,pos,26,master,False,
2717,vios 2010 น้ำไม่ขาดแต่ความร้อนขึ้นพัดลมปกติเพิเปลี่ยนรังผึ้ง,negative,wisesight_sentiment,neg,60,master,False,
2718,ครั้งหน้ากินสเมอนอฟดีกว่า แม่งซจนี่ไม่ใช่ทาง,negative,wisesight_sentiment,neg,44,master,False,
2719,น่าสนใจค่ะMGเป็นรถที่ออกแบบเพื่อความปลอดภัยรูปแบบทรงสวยทันสมัย,positive,wisesight_sentiment,pos,62,master,False,
2720,ใช้ดี ค่ะ ชอบมาก ใส่แล้วรู้สึกเย็นสบายไม่อับชื้น ค่ะ หลงรัก #SofyCoolingFresh เข้าแล้วค่ะ,positive,wisesight_sentiment,pos,89,master,False,
2721,อิสัส ค่าผ้าอนามัยแพงพอๆกับค่าเหล้า,negative,wisesight_sentiment,neg,35,master,False,
2722,บ่นกับเพื่อนทุกครั้งว่าอยากใช้ Kiehls แต่แพง สรุปได้ใช้แล้วใช่มั้ย5555,negative,wisesight_sentiment,neg,70,master,False,
2723,ผมลองดันทุรังสูบมวน มันไม่ไหวจิงๆนะ เหม็นมาก,negative,wisesight_sentiment,neg,44,master,False,
2724,เมื่อกี้ไปเวสว่าจะแวะดูอีทูดี้ก็ไม่ได้แวะ ไม่ไหวค่ดเพลีย,negative,wisesight_sentiment,neg,56,master,False,
2725,ลูก2คนค่ะ กลัวไปร้านพัง กำลังซนทั้งคู่เลย,positive,wisesight_sentiment,pos,41,master,False,
2726,อย่าทำให้เจนผิดหวัง,negative,wisesight_sentiment,neg,19,master,False,
2727,ผมขอบอกโตต้าแม่ ไว้ตรงนี้เลยว่า เมริงเลิกเชื่อ ทีมการตลาดเมริงได้แล้ว!!!!! ไม่งั้นจะพาเมริงลงเหวหมด ไม่มีประเทศไหนในโลกนี้ ที่ CHR จะขายดี ตัวรถ ไม่ใช่ปัญหา ปัญหาอยู่ที่ ทีมการตลาด วาง position ของผลิตภัณฑ์ ผิด!!! มันคือรถชิค ๆ ทุกคนต้องไปเทียบกับ Juke แต่พอเอาเข้าจริง ราคามันแพงไป จนคนต้องหันมาเทียบความคุ้มค่ากับ HRV แล้วมันก็แพ้หลุดรุ่ย ในกเานความคุ้มค่า จริง ๆ ตรงนี้ ถ้าโตต้า จะใจ ๆ กว่านี้ ควรตั้งราคามาไม่แพงแบบ Juke คนเข้าถึงได้สนุก ๆ คุณเคยเห็นคนบ่นว่า Juke แคบไม๊อ่ะ? นับหัวได้เลย เพราะเค้าไม่สน เพราะมันชิค มันเท่ CHR ก็เท่ แต่เสือกแพงเกินไป option ที่จำเป็นต้องให้ ก็ไม่ให้ ไม่รู้จะกั๊กเชี่ยไรนักหนา Hybrid ก็เลิกขายเหอะ ชั่วโมงนี้กล้า ๆ หน่อย ใส่ Plug in Hybrid มา จะวิ่งได้แค่ 20โล ก็ยังดี ต้นทุนแค่ค่า Plugin ในรถมันจะสักกี่ตังค์เอง เดี๋ยวออกตังค์ค่า adapter ให้ บ้านกรูมีเยอะ ช่วยลงวงจรชาร์จไฟให้เท่านั้นพอ,negative,wisesight_sentiment,neg,823,master,False,
2728,ผมเห็นเซลล์ Isuzu ขาย D-max. ตัวใหม่กันมันส์เลย ลองย้ายค่ายสิครับ,positive,wisesight_sentiment,pos,65,master,False,
2729,"ไอ้เหี้ยวาฬนี่ กวนตีนไม่เลิก ""ยึดสำนักงานทรัพย์สิน""ทำพ่อมึงหรือ!! ไอ้สลัด",negative,wisesight_sentiment,neg,73,master,False,
2730,เข้าพักเพื่อ พักผ่อนระหว่างทำธุระ สะอาด ปลอดภัย เงียบ ส่วนตัว,positive,wisesight_sentiment,pos,61,master,False,
2731,นิสสัน นาวารา ที่บ้าน คนแถวบ้าน คนที่ทำงาน เห็นใช้กันเยอะมากๆ แกร่งจริงอันนี้ยอมรับ,positive,wisesight_sentiment,pos,83,master,False,
2732,อยากกินเป็ด,positive,wisesight_sentiment,pos,11,master,False,
2733,คุ้มนี่คือบุฟเฟ่เบียร์ช้างที่เพิ่มอีก299ใช่มะ555555,positive,wisesight_sentiment,pos,51,master,False,
2734,อ่านเม้นดิมีเจอแมลงสาปในเตาด้วย บางคนก็เจอไต่อยู่ใกล้ๆ,negative,wisesight_sentiment,neg,54,master,False,
2735,จะเข้าบัญชีเดิมให้ทำการยืนยันตัวตน ก็ได้ทำตามขั้นตอนแล้ว แต่ก็ไม่สำเร็จ แล้วยอดเงินที่มีเหลืออยู่ในบัญชี จะทำอย่างไร? ใครจะรับผิดชอบ?,negative,wisesight_sentiment,neg,133,master,False,
2736,อุย มีด้วย น่าจะมีโลตัส รังสิตบ้างเนอะ,positive,wisesight_sentiment,pos,38,master,False,
2737,ช่วยไปตรวจสอบสาขาบิ๊กซีเพชรบุรีหน่อยค่ะ เตาไม่ร้อน ย้ายโต๊ะก็ยังไม่ร้อน พนักงานไม่มีข้อมูลในการตอบคำถาม ย้ำรวมเห็ดมีปริมาณน้อยกว่าในรูปจนน่าเกลียด,negative,wisesight_sentiment,neg,146,master,False,
2738,มาเลยพุงแตกต๊บ,positive,wisesight_sentiment,pos,14,master,False,
2739,มีพี่ๆ vistec มาร้องเพลงให้ฟังด้วย >< https://www.facebook.com/pages/KVIS-Photos/130205570645237 … <<มีรูปอีกๆ #เปิดการ์ดโปรโมท #KVISFacts,positive,wisesight_sentiment,pos,138,master,False,
2740,Primer ของ Revlon ไม่ดี แต่ของ golden rose ดี,negative,wisesight_sentiment,neg,45,master,False,
2741,จะไม่กินฟูลมูนพา้อมโซจูอีก สัญญา แงงงงงง,negative,wisesight_sentiment,neg,40,master,False,
2742,ดีใจที่ชอบครับ,positive,wisesight_sentiment,pos,14,master,False,
2743,ไปป่าว อิอิ,positive,wisesight_sentiment,pos,11,master,False,
2744,ไม่อร่อยเลย,negative,wisesight_sentiment,neg,11,master,False,
2745,รองพื้นทรงเอกลักษณ์ เพื่อสีผิวที่เป็นธรรมชาติที่สุด เนียนนุ่มที่สุด #TrueMatch #TrueToMyShade #LorealParisTH #ลอรีอัลปารีสเมคอัพ,positive,wisesight_sentiment,pos,128,master,False,
2746,เห็นแค่นี้สวย หรู ดี? อนาถกับการตลาดของนิสสันจริงๆ,negative,wisesight_sentiment,neg,50,master,False,
2747,เครื่อง 1.8L civic ยังเป็น SOHC อยู่เลยครับ ทุกวันนี้รถทุกคันเป็น DOHC กันหมดแล้ว,negative,wisesight_sentiment,neg,81,master,False,
2748,นิสสัน เอ็กซ์ เทรน สวยทั้งภายในและภายนอก ชอบค่ะ,positive,wisesight_sentiment,pos,47,master,False,
2749,ไม่มีพยาธิ แต่มีการอักเสบเรื้อรัง ฝีหนอง และกลุ่มก้อนบแบคทีเรียตรงกลาง ...,negative,wisesight_sentiment,neg,74,master,False,
2750,ขอลิงค์ลงชื่อด้วยครับ,positive,wisesight_sentiment,pos,21,master,False,
2751,เคยเรียกแกร้บฟู้ดให้ไปซื้อขนม A แต่ดันซื้อขนม B มา โทรไปหา cc. หวังจะถามว่าเกิดอะไรขึ้น ทำไมซื้อผิด cc.บอกขอโทษค่ะ เด๋วทำเรื่องเคลมคืนเงินให้ 15 วัน พร้อมถ่ายรูปสินค้าและใบเสร็จส่งเมลมาหาทางแกร้บนะคะ จบ...,negative,wisesight_sentiment,neg,205,master,False,
2752,รอเลย เด่วปิดบาบีกอนเลี้ยง555,positive,wisesight_sentiment,pos,29,master,False,
2753,แต่เขาไม่ได้รีวิวเรื่อง ประสิทธิภาพน่ะสิ // แต่เราใช้ Anessa ไม่ไหวอ่ะ ใช้แล้วหน้ามัน และกร้านแอลกอฮอร์มาก ล้างยากสิวบุกอีก T^T,negative,wisesight_sentiment,neg,127,master,False,
2754,จะกินฮอตพอทนึกถึงมึง ไม่กินละ,negative,wisesight_sentiment,neg,29,master,False,
2755,มึงงงงไปแดกกกก,positive,wisesight_sentiment,pos,14,master,False,
2756,เคยใช้แล้ว smooth e หน้าเห่อค่ะ แต่เดอมาพอนก้อดี เรคคอมเมน!,negative,wisesight_sentiment,neg,59,master,False,
2757,55555 จัดดดดด,positive,wisesight_sentiment,pos,13,master,False,
2758,มันก็จะเศร้าๆเทเหล้าเป็นกลม น้ำอัดลม+โซดา พอคืนต่อมา+เบียร์ ถ้ายังไม่เพลีย+ ชีวาส ถ้าตัดจัยไม่ขาด+ไฮนาเก้น. รัยงี้ชีวิตกุรส์แม่ง😂😂ก็กูมันคนอินดี้ พ่ามพ้ามมม,negative,wisesight_sentiment,neg,156,master,False,
2759,ออกแดดไม่กลัวดำไม่กลัวแก่ซัมเมอร์​นี้ ด้วย Biore UV Essence AQUA Rich SPF50 PA++++ เพราะว่าเขามีค่า SPFและ PAสูงสุด กันแดดได้ทุกรังสี UVA UVB ทาง่ายเกลี่ย​ง่าย​เนื้อ​ครีม​บางเบา ซึมซาบ​ไว ทาซ้ำทับเมคอัพได้ ถึงจะหน้าเต็มก็ไม่กลัวเมคอัพ​หลุดตอนเติมกันแดดระหว่าง​วัน แถมกันน้ำ พร้อมลุยสงกรานต์​ด้วยจ้า #BioreUVEssence #BioreFunlnTheSun #SonkgkranFunFest #กันแดดกันแก่ที่ดีที่สุด #กันแดดอันดับ1จากญี่ปุ่น,positive,wisesight_sentiment,pos,400,master,False,
2760,เคงั้น 27 ไม่ก็ 28,positive,wisesight_sentiment,pos,18,master,False,
2761,Pajero กับ Fortuner ตัวใหม่บางรุ่น อยากให้ปรับระดับไฟตาลงมาหน่อย นี่ไฟต่ำยังสว่างแสบตาขนาดนี้ ฝากถึงพวกคนที่ขับรุ่นนี้ด้วยครับ,negative,wisesight_sentiment,neg,126,master,False,
2762,อยากกินค่ะ,positive,wisesight_sentiment,pos,10,master,False,
2763,โอ้โหหหหห เสียใจ เอ็มเคไม่ทำดอกไม้แล้ว ㅠㅠ,negative,wisesight_sentiment,neg,41,master,False,
2764,ผมว่าผู้นำรับรู้ข้อมูลที่บิดเบือนจากความเป็นจริงเหมือนหลายๆเรื่องมากกว่า,negative,wisesight_sentiment,neg,72,master,False,
2765,แพงเหอะ พวกพอนด์ โอเล กานิเย่ ยังซองละ 10 บาทเลย พวกนี้ 40++ ได้มั้ง,negative,wisesight_sentiment,neg,68,master,False,
2766,เจอความไม่พร้อมของอาหารที่เซ็นแจ้งเหมือนกันเลยค่ะ แต่ดิฉันไปเมื่อวันที่29/11/60 หมดทุกโซนอาหารเหมือนกัน จ่าย310บใ แต่ได้กินของเหมือน30บ. เสียความรู้สึกสุดๆ,negative,wisesight_sentiment,neg,155,master,False,
2767,โค้กกครับ ก้อนใช้ จืดสนิท,negative,wisesight_sentiment,neg,25,master,False,
2768,ใช้เป็นส่วนลดได้ที่7-11นะคะ,positive,wisesight_sentiment,pos,27,master,False,
2769,"ปี 2560 ประเทศไทยขายรถ Ford Ranger ได้สูงสุดในโลก ด้วยยอดขายรวมกว่า 44,452 คัน",positive,wisesight_sentiment,pos,78,master,False,
2770,ไหนบอกจะไม่เปลี่ยนไป ทำไมถึงเป็นแบบนี้ บอกว่าไม่ห่อตัวไม่ซึมเปื้อน คือมึงห่อตัวไงไอ้ผ้าอนามัย #มุกควาย,negative,wisesight_sentiment,neg,102,master,False,
2771,ถ้าเบียร์สด เขียวกินขาด,positive,wisesight_sentiment,pos,23,master,False,
2772,จัดๆๆ มะวานไปจัดมาแล้ว,positive,wisesight_sentiment,pos,22,master,False,
2773,ชห.แล้วน้องใช้โจมาโลน โอยยยย ของแพงที่มันไม่ทนเลย ฮืออออ แต่พี่เคยจะให้ bvlgari หนูอ่ะ กลิ่นนัมจามากๆ พี่!เดา!ผิด!เ…,negative,wisesight_sentiment,neg,116,master,False,
2774,ไม่ได้ต้องเก็บตังเปย์เดอะเฟสชอปแหสะ,negative,wisesight_sentiment,neg,35,master,False,
2775,ไปถามเบียร์สิงห์ เบีียร์ช้างดีกว่าไหม ไอ้เย็ดแม่คนผลิดไม่ผิดคนแดกผิด ประเทศกะลาแลนด์,negative,wisesight_sentiment,neg,84,master,False,
2776,กานิเย่ใช้แล้วแพ้ โบกมือลานานล๊าวว,negative,wisesight_sentiment,neg,34,master,False,
2777,ราชบุรีไม่มีชื่อในสาขาร่วมโปรนี้ ...,negative,wisesight_sentiment,neg,36,master,False,
2778,อยากกินบาบีกอนนนนนน,positive,wisesight_sentiment,pos,19,master,False,
2779,อ้าวทำไมปิดเเง่ๆ,negative,wisesight_sentiment,neg,16,master,False,
2780,คิงมีตังค์ละกะ อี้,positive,wisesight_sentiment,pos,18,master,False,
2781,เวลาเก็บเงิน โทรมาทวงยิกๆ เวลาเน็ตหาย เน็ตกระปิดกระปอย บอกให้เราเช็คเองเป็นระยะๆ. หมดสัญญา ย้าย!!,negative,wisesight_sentiment,neg,97,master,False,
2782,Honda รูปทรงสวย ทนทาน พลังงานไฮโดนเจนและผู้นำเทคโนโลยีใหม่ครับรักเลย,positive,wisesight_sentiment,pos,68,master,False,
2783,ไม่น่ากลัวนะ ยาเหน็บมันละลายอยู่ในนั้นเลยไม่ต้องเอาออก ผ้าอนามัยนี่กลัวแค่ตอนดึงออกละเชือกขาด,negative,wisesight_sentiment,neg,93,master,False,
2784,น้องหงส์ทอง😂😂,positive,wisesight_sentiment,pos,13,master,False,
2785,อยากกิน.!!!!,positive,wisesight_sentiment,pos,12,master,False,
2786,หลักฐานคือคนที่เลิกสูบบุหรี่จริงได้โดยใช้บุหรี่ไฟฟ้าแทนนี่ไงครับ,positive,wisesight_sentiment,pos,64,master,False,
2787,ครีมกันแดดป่ะ นี่ว่าแอนเนสซาหน้ามันมากกกก ส่วนบีโอเร แพ้จ้า สิวผดๆขึ้นเต็มหน้าเยย,negative,wisesight_sentiment,neg,81,master,False,
2788,อ่านแล้ว สรุปไม่ต่างจากบัตร Rabbit + ATM Bangkok Bank เลยครับ คือเอาสองอย่างมารวมกันในบัตรเดียว แต่ในบัตรนี้ไม่มีการเชื่อมระบบเข้าหากันแต่อย่างใดแม้แต่น้อยเดียว เติมเงินออนไลน์ไม่ได้ แค่เอาชิปสองแบบมายัดบนพลาสติกแผ่นเดียวกัน,negative,wisesight_sentiment,neg,224,master,False,
2789,จะกินต้องใช้บัตรเรื่องเยอะ,negative,wisesight_sentiment,neg,26,master,False,
2790,อยากกินช้าง,positive,wisesight_sentiment,pos,11,master,False,
2791,ผมก็เห็นด้วยครับ,positive,wisesight_sentiment,pos,16,master,False,
2792,รู้สึกอยากกินน้ำสิงห์ทั้งวันเลยอ่ะยอมซื้อเลยคนขายหล่อขานดนี้💓พี่นายยยยJn,positive,wisesight_sentiment,pos,72,master,False,
2793,ดูดีกว่ายาริสอยู่,negative,wisesight_sentiment,neg,17,master,False,
2794,ไม่วางซับพล็อตละ รำคาญ โยนทิ้ง สิ่งที่ทำให้นิยายไม่ตันคือซับพล็อตเนี่ยแหละ แต่ถ้ามันมีเยอะ ๆ ค่ดปวดหัวรำคาญ ด้นสดเอาพอ รำ!!!,negative,wisesight_sentiment,neg,124,master,False,
2795,2018.01.12ช่วงไหนจิตตกคือตกเลย ......เครียดทุกอย่าง....เครียดทุกเรื่อง ใครพูดอะไรเก็บไปเฟลหมด ......แต่ช่วงไหนไม่ดาวน์คือสดใสสุด มีคนมาสาดเลือดหน้าบ้านก็ไม่โกรธสุขภาพจิตสำคัญที่สุดจริงๆ.........#instagood #day #pcnjay #location #vscocam #j2 #instagram #instagramdaily #instagramers #instagramhub #vscocamthailand #vscogood #vsco #style #thailand #thai #drinks #alcohol #marlboro #smirnoff #beer,negative,wisesight_sentiment,neg,394,master,False,
2796,ตืดวัวที่เจอในบาบีก้อน นี่ว่ามันเป็นเรื่องบังคับกันไม่ได้100%อ่ะ แต่คือก่อนเสิร์ฟก็ไม่เอาส่วนที่ไข่ตืดออกไง พนง.ร้านก็ผิด ลูกค้าไม่ควรมาเจอค.พะอืดพะอมนี้,negative,wisesight_sentiment,neg,153,master,False,
2797,นอนไม่หลับ พลิกไปพลิกมาบ่อยๆ ลองเลยเพื่อน ลอรีเอะ ซอฟท์แอนด์เซฟ เอ็กซ์ตร้าโพเทคชั่น แอนตี้แบคทีเรีย แผ่นเดียวเอาอยู่เลยนะ ลดการสะสมของแบคทีเรียด้วยนะ ไม่กลิ่นอับชื่น ไม่เปื้อนด้วย นอนหลับไร้กังวัล ต้องไปลองนะแกที่เซเว่นเลยจ้า,positive,wisesight_sentiment,pos,225,master,False,
2798,อยากฟังข่าวดีคราบบ สู้ๆนะครับทุกท่าน,positive,wisesight_sentiment,pos,36,master,False,
2799,เคยกินไม่ครบ แต่ต่อไปจะกินสเมอนอฟ เพราะมีสมุนไพร 5555,positive,wisesight_sentiment,pos,53,master,False,
2800,a glass and me #มาเสียผู้เสียคนตอนแก่ #beer #hoegaarden #enjoylife #ilovemylife #chillax #lamaisinspired #nightlife #riverview #happy #bangkok #thailand,negative,wisesight_sentiment,neg,152,master,False,
2801,สุขใดเล่าจะเท่า..เนื้อบางๆติดกระทะ😂,negative,wisesight_sentiment,neg,35,master,False,
2802,ไปกินมาคราวก่อนบะหมี่กะเพราเป็ดย่างไม่อร่อยอย่างที่คิดดูน้ำมันมากทานแล้วเลี่ยนมากค่ะ น่าจะปรับปรุงสูตรกะเพราให้กลมกล่อมมากกว่านี้ค่ะ,negative,wisesight_sentiment,neg,132,master,False,
2803,มันมาอีกแล้วววว อยากกินชาบูชิ มากกว่า ซูชิเยอะดี,positive,wisesight_sentiment,pos,48,master,False,
2804,ไปเสะ ป๊ายยยยยยย,positive,wisesight_sentiment,pos,16,master,False,
2805,ไม่ใช่พยาธินะคะ แต่เป็นฝี 😨😨😨,negative,wisesight_sentiment,neg,29,master,False,
2806,ดูบอลอังกิด กินเหล้าอังกิด,positive,wisesight_sentiment,pos,26,master,False,
2807,ไม่ได้ทานสเมอร์นอฟซะนาน นานจนลืมไปว่าตัวเองทานไม่ได้ เช้าขึ้นมาคือบับ🤢 ฮือออ,negative,wisesight_sentiment,neg,76,master,False,
2808,เสียชื่อฟอร์จูนเนอร์หมด รถไม่มีเซนเซอร์หลัง รุ่นไหนอ่ะ,negative,wisesight_sentiment,neg,54,master,False,
2809,ไหนว่ามึงไม่ปฏิเสธผู้โดยสารวะ!!! แม่งอ้างรถติดไม่มารับเลย #lineman แท็กซี่แม่งเหมือนกันหมด มึงอยู่ประเทศนี้จะเลี่ยงรถติดยังไงวะ อ้อ!!! นึกออกแล้ว เรียกสุเทพมาเป่านกหวีดสิวะ,negative,wisesight_sentiment,neg,172,master,False,
2810,ลงชื่อดูโพสที่ปักหมุดหน้าเพจ,positive,wisesight_sentiment,pos,28,master,False,
2811,ขอบคุณพี่ที่เป็นกระบอกเสียงให้ครับ,positive,wisesight_sentiment,pos,34,master,False,
2812,"พรรคที่ไม่เอาคสช.คือสะดุดตาพรรคนี้สุด 'พรรคเกียน' สโลแกนพรรค ""ไม่หาเสียง แต่หาเรื่อง"" เออใจพี่แม่งได้ 555555555",positive,wisesight_sentiment,pos,111,master,False,
2813,ขึ้นภาษีไปเพื่ออะไรกันแน่? เพราะอยากได้คนสูบลดลง หรือเพื่อเอาไว้จ่ายโบนัสให้กับใครบางคน?,negative,wisesight_sentiment,neg,88,master,False,
2814,คงดื่มเบียร์ช้างไม่ได้แล้วจริงๆว่ะ ท้องเสียทุกครั้งที่ดื่มช้าง =_=,negative,wisesight_sentiment,neg,66,master,False,
2815,แต่มึงกินแสงโสมไม่ด๊ายยยยย,negative,wisesight_sentiment,neg,26,master,False,
2816,ชุดสุดคุ้มวาไรตี้ ชุดสเปเชียลหมู ชุดสเปเชียลทะเล,positive,wisesight_sentiment,pos,48,master,False,
2817,ตอบดี กินต่อก็ได้😁,positive,wisesight_sentiment,pos,18,master,False,
2818,วันไหนน นัดมาลุยยย,positive,wisesight_sentiment,pos,18,master,False,
2819,บทความที่สะท้อนหลายๆอย่าง,negative,wisesight_sentiment,neg,25,master,False,
2820,กุไม่แดกน้ำดำ555,negative,wisesight_sentiment,neg,16,master,False,
2821,I love the Lancôme foundation!! 💞,positive,wisesight_sentiment,pos,33,master,False,
2822,มิตซูในดวงใจตลอดมา Lancer EXและก็ยังคงเป็นเพื่อนเดินทางทีดีเสมอครับ ขับมา 4 รุ่นแล้วครับสำหรับ Lancer รักไม่ยอมเปลี่ยนแปลง,positive,wisesight_sentiment,pos,122,master,False,
2823,ไม่กินฮอตพอต,negative,wisesight_sentiment,neg,12,master,False,
2824,เพื่อนเป็นช่างแต่งหน้า รีวิวลิปเมย์เบลลีนสุดฮิตก่อนจะมีดราม่าอีก ซึ่งนางก็บอกแล้วว่าสีผิวมีส่วน ทาแล้วก็ออกมาไม่เห…,negative,wisesight_sentiment,neg,115,master,False,
2825,นี่เลยเหมาะ,positive,wisesight_sentiment,pos,11,master,False,
2826,Jack Daniel's Old No7 สำหรับนักรบรุ่นเก๋าทั้ง๑๐ ที่จะมามอบ trance energy ให้กับเรา Trance+Jack Daniel's จะทำให้ร่างกายเราลุกเป็นไฟ 🔥🔥,positive,wisesight_sentiment,pos,133,master,False,
2827,พาเด็กไปหน่อย,positive,wisesight_sentiment,pos,13,master,False,
2828,มีดีแม็กปี2016ใหมครับ,positive,wisesight_sentiment,pos,21,master,False,
2829,ชอบมากเลยครับนิสสันนาวาราจะใช้งานหนักหรืองานเบาก็สบายเลยครับคุ้มค่าคุ้มราคาจริงๆ ครับสุดยอดเลยครับ,positive,wisesight_sentiment,pos,98,master,False,
2830,จัดมาสักขวดสิเพื่อน,positive,wisesight_sentiment,pos,19,master,False,
2831,Isuzu ขายไม่กี่ตัว ยอดยังขนาดนี้ toyota ขายครอบจักวาร ยังทิ้งไม่ห่างเลย,negative,wisesight_sentiment,neg,71,master,False,
2832,ไม่เสียภาษีคับ ของผิดกฏหมาย,negative,wisesight_sentiment,neg,27,master,False,
2833,Nissan ไม่แพง,positive,wisesight_sentiment,pos,13,master,False,
2834,ผมเจออาหารเป็นพิษครับสาขานี้ ไม่ไปอีกแล้ว,negative,wisesight_sentiment,neg,41,master,False,
2835,เกิด เดือน กพ. ใช้ได้. ตลอดเดือน. หรือ ใช้นได้ แค่ หนึ่งครั้ง ค่ะ,positive,wisesight_sentiment,pos,65,master,False,
2836,Ba hao 八號 บาร์จีนดีๆ ในซอยนานา เบียร์นุ่ม อาหารอร่อย นี่สั่ง Jian Bing กับเกี๊ยวเป็ดไป น้ำซอสคือดีมาก เป็นซิกเนเจอร์ของร้านเลย บรรยากาศร้านก็ดี ให้อารมณ์หว่องเข้ากับบรรยากาศในคืนฝนตก จะกลับไปอีกแน่นอน,positive,wisesight_sentiment,pos,200,master,False,
2837,อย่างมัน ต้องล่อด้วยพี่แสงโสมสักกรึ๊บสองกรึ๊บ ใช่ม่ะไอ้เสือ555+,positive,wisesight_sentiment,pos,63,master,False,
2838,นิสสันโน๊ตก้อสวยนะ,positive,wisesight_sentiment,pos,18,master,False,
2839,เป็นแบรนด์เครื่องสำอางค์ที่แพง 5555 เอาราคาคิ้วเพรส มิสทีน อะไรแบบนี้ไม่ได้เหลอ😂😂😂😂😂,negative,wisesight_sentiment,neg,84,master,False,
2840,ฮาดะลาโบะทองคือคันยิบๆ,negative,wisesight_sentiment,neg,22,master,False,
2841,ลองมาแล้วคะ😁😁😁,positive,wisesight_sentiment,pos,14,master,False,
2842,เพิ่มราคาเน็ตอีก ยังไม่พอยังจำกัด จำนวนGBอีก 55ระวังคนจะเลิกใช้นะครับ ผมคนหนึ่งแล้วที่จะเลิกใช้ 555ใช้เน็ต2วันความเร้วหมด,negative,wisesight_sentiment,neg,121,master,False,
2843,555แต่ดูคอมเม้นแล้วไม่น่าไปกินเลย,negative,wisesight_sentiment,neg,33,master,False,
2844,แสงโสม ก็เป็นต้นเหตุ ของการเกิดอุบัติเหตุเช่นเดียวกัน,negative,wisesight_sentiment,neg,53,master,False,
2845,สัญญาว่าแก้วนี้แก้วสุดท้าย! ขอดื่มความสดชื่น หอมหวานจาก Raspberri ทิ้งทวนวันหยุดแก้วสุดท้ายหน่อยนะ #Absolut #AbsolutThailand,positive,wisesight_sentiment,pos,124,master,False,
2846,เวรกรรมเลยมาตกกับผู้บริโภคไง,negative,wisesight_sentiment,neg,28,master,False,
2847,สมัยมัธยมคือเอ็มเคทุกวัน มหาลัยได้แดกเดือนละครั้งข่ะ กุเคียด,negative,wisesight_sentiment,neg,60,master,False,
2848,ดูแล้วไม่อยากกินเอ็มเคแล้ว อยากกินเบน 🤣🤣🤣,positive,wisesight_sentiment,pos,41,master,False,
2849,ช่างมิ้ง บ้านสวนหนองบอนเลี้ยงหน่อยสิ😂,positive,wisesight_sentiment,pos,37,master,False,
2850,อยากไปไหมแม่,positive,wisesight_sentiment,pos,12,master,False,
2851,ไม่กินเป็ด,negative,wisesight_sentiment,neg,10,master,False,
2852,555555 ปลอบใจห่าไร กูอยากกินอีกแล้วเนี้ย,positive,wisesight_sentiment,pos,40,master,False,
2853,ยาริสคันล่ะล้านห้าแน่เลย นึกว่าขับฟอร์จูน,negative,wisesight_sentiment,neg,41,master,False,
2854,เบียร์ช้างไมรสชาติแย่ขนาดนี้.,negative,wisesight_sentiment,neg,29,master,False,
2855,เราเป็นเด็กบ้านนอกที่พ่อแม่ไปทำงานกรุงเทพ พ่อแม่ก็ไม่ได้พาไปเที่ยวอะไรมากมายรู้จักอย่างมากก็แค่บิ๊กซีโลตัสไรงี้จนมีเพื่อนที่อยู่กรุงเทพ ขอบคุณพวกนางจากใจ นางพาเราไปเปิดโลกใหม่ เรารู้จักMRT BTS เพราะพวกนางเลยจริงๆขอบคุณนะที่ทำให้รู้ว่าโลกนี้มีอะไร ที่เราไม่รู้อีกเยอะแยะเลย😭,positive,wisesight_sentiment,pos,273,master,False,
2856,ใครๆ ก็ชอบกินไก่ย่าง! ยิ่งถ้าเป็นไก่ย่างซอสการ์ลิคที่ HOT POT BUFFET ลองแล้วจะติดใจ Cr. สนุกเต็มที่ อร่อยเต็มอิ่ม กับคุณ,positive,wisesight_sentiment,pos,120,master,False,
2857,นาวาร่าสุดยอดจิงๆๆคับ,positive,wisesight_sentiment,pos,21,master,False,
2858,เก็บตางสิ อยากกิน,positive,wisesight_sentiment,pos,17,master,False,
2859,ผิดไรอะที่หิว😣,positive,wisesight_sentiment,pos,14,master,False,
2860,กุหืวข้าววว,positive,wisesight_sentiment,pos,11,master,False,
2861,ขอขอบคุณ คุณแอน ที่ไว้วางใจ ใช้บริการรถเช่าหนองคาย มีบริการรับส่งทั้งในเมืองและนอกตัวเมือง เช่าขับเอง หรือเช่าพร้อมคนขับ รับเงินสด มัดจำถูก โทร.0888888888 LINE 0888888888,positive,wisesight_sentiment,pos,170,master,False,
2862,นั่นใงแนวร่วมมา555555,positive,wisesight_sentiment,pos,21,master,False,
2863,อยากกินอันนี้,positive,wisesight_sentiment,pos,13,master,False,
2864,ราดหน้าในตำนาน... @ ร้านนำรสราดหน้าเปิปพิสดาร ราดหน้าปักษ์ใต้ หอม อร่อย นุ่มลิ้น ปัตตานี,positive,wisesight_sentiment,pos,88,master,False,
2865,ช่วยๆกันเถอะ แค่คนล่ะชื่อ ไม่ตายหรอก,positive,wisesight_sentiment,pos,36,master,False,
2866,ทำไมก้อนไม่จริงใจ ก้อนไม่มีพยาธิแต่ก้อนมีฝีหนอง ทำไมไม่บอกให้หมด,negative,wisesight_sentiment,neg,64,master,False,
2867,ก่อนสิ้นปีแล้ววววววพาจัดแด่,positive,wisesight_sentiment,pos,27,master,False,
2868,CHRสวยมาก พี่อาร์ตหล่อ พี่เพิ่มน่ารัก#ToyotaBuzz#อาร์ต พศุตม์,positive,wisesight_sentiment,pos,61,master,False,
2869,ห่วยไอ้เหี้ย,negative,wisesight_sentiment,neg,12,master,False,
2870,อร่อยจิงเรื่อง..ปิ้ง..ย่าง..😍🍱🍛 อยากกินอีกอ่าาา..😃,positive,wisesight_sentiment,pos,50,master,False,
2871,ว้าว เพิ่งเห็นเวลาเปิดรถ มีไฟด้วย!! #ToyotaCHR .... แต่พุทโถ้วว ทุเรศทุรัง ตัวท๊อปสุด แบะก็ยังไม่มีไฟฟ้า ต้องไถตูดเอา .... 😒😒😒,negative,wisesight_sentiment,neg,126,master,False,
2872,อยากกินจุงเพื่อนจ้าพาไปหน่อย,positive,wisesight_sentiment,pos,28,master,False,
2873,ใครไปพักโรงแรมนี้ที่ญี่ปุ่นอย่าคิดว่ามีผีนะคะ เพราะเขาใช้เทคโนโลยีการจอดรถอัตโนมัติของ Nissan มาทำให้รองเท้า เบาะรองนั่งหรือแม้แต่รีโมททีวีกลับมาเก็บยังที่เดิม โอ้โหว!! นิสสันนี่เค้าเป็นผู้นำแห่งเทคโนโลยีตัวจริง เสียงจริง เลยนะคะ #NissanIntelligentMobility,negative,wisesight_sentiment,neg,256,master,False,
2874,"- เรือดำน้ำ 2,600 ตัน - รถถัง 52ตัน × 14คัน = 728 ตัน - ข้าวเหนียวมะม่วงเหลือทิ้ง 4.5ตัน #หนักแผ่นดิน",negative,wisesight_sentiment,neg,101,master,False,
2875,รีโว่ เนี่ยนะหล่อ 😆😆😆😆😆,negative,wisesight_sentiment,neg,23,master,False,
2876,กุเกลียดสกินฟู้ด อีสัด!!!!,negative,wisesight_sentiment,neg,26,master,False,
2877,ใช่ครับ พอตอกไข่หมด ผมก็ไม่ได้เข้า mk ล่ะ,negative,wisesight_sentiment,neg,41,master,False,
2878,ไม่ได้ป่วน อยากกินจริงๆเป็ดย่างแห่ง แคว้นกาตาลัน แชมป์ไต้หวัน ก็ได้นะ,positive,wisesight_sentiment,pos,69,master,False,
2879,พรรค #อนาคตใหม่ ก็มีดีบ้าง เสียบ้าง ตามประสาพรรคเกิดใหม่ แต่เหตุผลที่หลายคนตัดสินใจเลือกพรรคนี้ . ก็เพราะว่า เป็นพรรคที่มีจุดยืน เป็นขั้วตรงข้ามกับเผด็จการทหาร อย่างชัดเจน,positive,wisesight_sentiment,pos,171,master,False,
2880,ไม่ต้องเสียเพิ่มน้า คนเดียวก็ได้ เดี๋ยวแอดไปกินเป็นเพื่อน อิอิ,negative,wisesight_sentiment,neg,62,master,False,
2881,นึกถึงแล้วจะอ้วกครับแหวะ วันนั้นกูไม่น่ากดดูเลยจริงๆ ฮือออออ,negative,wisesight_sentiment,neg,60,master,False,
2882,ผ้าอนามัยลอรีเอะ คูลลิ่งเฟรช จะเย็นอะไรเบอร์นี้ 🙄 ฉี่แล้วฉีดที แสบสันเหมือนมีใครเอายาหม่องมาป้ายฮี ฮือออทรมาน555555555,negative,wisesight_sentiment,neg,118,master,False,
2883,อยากได้ลิปอีทูดี้ที่ออกใหม่นะ แต่แม่งโคตรแพง55555555555555,negative,wisesight_sentiment,neg,58,master,False,
2884,trueinternet บริษัทห่วยแตก ไปยกเลิกจ่ายที่ช็อปที่เซนทรัลเฟสติวัลหาดใหญ่ตั้งแต่ราวปี2016 เมื่อปี2017 มีจดหมายดำเนินคดีทวงหนี้ส่งมาที่บ้าน เราก็โทรไปCall Center บอกว่าเรายกเลิกเองแล้ว เขาตรวจสอบบอกจะส่งเรื่องปรับปรุงยอดให้ พอมาวันนี้ปี 2019 ยังมีจดหมายมาอีก ก็โทรกลับไป Call เหมือนเดิม พอเช็คบอกมีการแจ้งปรับปรุงยอดไว้เมือ 2017 แต่ยังไม่เสร็จ ถามจริง ทำงาน ภาษาอะไร ปรับปรุงกันกี่ปีแล้ว ฟ้องร้องจัง ถามจริงฟ้องร้องกลับทรูได้ไหม ทำให้เสียเวลา เสียเงินค่าโทร แล้วทำงานไม่ได้เรื่องก็ไล่ๆออกซะ พนักงานห่วยแตก บริษัทห่วยบรมๆ อินเตอร์เน็ตก็ห่วยๆ พนักงานห่วยๆ,negative,wisesight_sentiment,neg,550,master,False,
2885,555กูก้ออยากกิน,positive,wisesight_sentiment,pos,15,master,False,
2886,เราไปสาขาบิ๊กซีมหาชัยคือทั้งหมูและเนื้อบางมากๆๆๆขาดด้วย,negative,wisesight_sentiment,neg,55,master,False,
2887,ไม่เข้าใจไอ้เด็กม.1-3 หนูเคาท์ดาวน์จำเป็นต้องมีแสงโสม หงษ์ทองด้วยเหรอลู๊กกก//ไปฟั้งกะ,negative,wisesight_sentiment,neg,85,master,False,
2888,ดีนะ กินลีโอ กิกิกิ,positive,wisesight_sentiment,pos,19,master,False,
2889,งั้นกูเลิกคบกะมัน ล่ะ,positive,wisesight_sentiment,pos,21,master,False,
2890,พร้อมมาก ตอนนี้เลยม่ะ,positive,wisesight_sentiment,pos,21,master,False,
2891,จบมหากาพย์มาสด้า2 ได้เมื่อไหร่จะเล่าทุกเม็ด สุดจะทน รอฟังนะคะ ไม่รู้ว่าจะจบยังไง จะสู้กันกี่ศาล,negative,wisesight_sentiment,neg,95,master,False,
2892,285.กินไห้เมาไห้ลืมคนอย่างเธอ แค่ความ.รัก ควาย ควาย,positive,wisesight_sentiment,pos,51,master,False,
2893,โอ้ยหงุดหงิดผ้าอนามัย กาวไม่คิดจะติดกางเกงหรอกมั้ง แม่งติดแต่ตัวแม่งเอง อีเหี้ย,negative,wisesight_sentiment,neg,79,master,False,
2894,สรุปวันนั้นมันสีส้มหรือสีแดงว้ะไม่เมานะแค่สปายไม่กี่ขวดเองอห.มืดเกินไปรึเปล่า,negative,wisesight_sentiment,neg,77,master,False,
2895,ของจริงกับโฆษณานี่ต่างกันมากค่ะแอด,negative,wisesight_sentiment,neg,34,master,False,
2896,แย่มากๆ ทำสัญญา 100/50 Mbps ใช้ได้จริง 1.39/29.22 Mbps,negative,wisesight_sentiment,neg,54,master,False,
2897,เหยดเข้ มีชีสสส จัดไปป,positive,wisesight_sentiment,pos,22,master,False,
2898,ใช่ก่อนสั่งอาหารให้ดูราคาก่อน ถ้าไม่มีราคาก็ถามเอา แพงก็ไม่ต้องซื้อแต่จะอย่างไรถึงไม่ได้ดูราคาหริอถามราคาก่อนแต่บิลนี้ถือเป็นหลักฐานที่ทางร้านค้ากำไรเกินควรหรือไม่ เป็นหน้าที่ของสคบ.กับพาณิชย์จังหวัดน่าจะดูแล น่าจะดำเนินด้านกฎหมายการขูดรีดกำไรเกินควรหรือไม่ นี่อย่างเบียร์ช้างขวดละ120 บาท ทั้งที่ต้นทุนมาไม่ถึง 60 บาทอย่างนี้เป็นต้น,negative,wisesight_sentiment,neg,332,master,False,
2899,มาลองอันนี้ๆ,positive,wisesight_sentiment,pos,12,master,False,
2900,*จัดให้หน่อยสิ,positive,wisesight_sentiment,pos,14,master,False,
2901,ทางฟอร์ดรับทราบข้อกังวลในการใช้งานระบบแอร์ในรถฟอร์ด เรนเจอร์แล้ว และกำลังประสานงานอย่างใกล้ชิดกับส่วนงานที่เกี่ยวข้อง หากมีข้อมูลใดเพิ่มเติมจะแจ้งให้ทราบโดยเร็วครับ,negative,wisesight_sentiment,neg,164,master,False,
2902,ขอร้องละ ตัวหนังสือถี่จัง,negative,wisesight_sentiment,neg,25,master,False,
2903,จัดบ่ / แต่เมือนี้ไปชาบูก่อนแฮปปี้ๆ😅,positive,wisesight_sentiment,pos,36,master,False,
2904,การด่าไปเหมือนได้บรรเทาความเครียดเฉยๆ แต่บีทีเอส (รถไฟฟ้า) มันสำนึกมั้ย ก็ไม่อ่ะ 😕,negative,wisesight_sentiment,neg,82,master,False,
2905,อยากกิงบัฟเฟ่ต์,positive,wisesight_sentiment,pos,15,master,False,
2906,ลดน้ำหนักอยู่,positive,wisesight_sentiment,pos,13,master,False,
2907,ฝรั่งถามว่า อาร์ยูซิงเกิล? กูตอบ เยส ไอแอมดริ้งกิ้ง เบียร์สิงห์ อีเหี้ย! ที่พีคกว่านั้นคือ มันไปซื้อเบียร์สิงห์มาให้แดก55555555555555,negative,wisesight_sentiment,neg,133,master,False,
2908,ถ้าไม่มีคนขาย ก็ไม่มีคนซื้อแน่นอน. ไม่ไปจับต้นเหตุ แต่กลับมาจับที่ปลายเหตุ งง ตามตลาดนี่ ขายกันเกลื่อน,negative,wisesight_sentiment,neg,102,master,False,
2909,มาดูไฟสวยๆ แต่ดันเจอโคโยตี้,negative,wisesight_sentiment,neg,27,master,False,
2910,ถ้าจะเปรียบเทียบตัวเองกับ Neutrogena จะเปรียบเทียบกับ นูโทรจีนา ดีพ คลีน โฟมมิ่ง คลีนเซอร์ เพราะช่วยให้หน้าสะอาดหมดจดไม่มัน เนียนนุ่ม ผิวหน้าไม่แห้งตึง ลบสิ่งสกปรกได้99% ปกติเป็นคนผิวมันผมอยากได้สูตรนี้มาช่วยฟื้นฟูผิวมาช่วยทำความสะอาดผิวหน้าผมให้สะอาดหมดจดครับ😇😇😇ขอให้ผมโชคดีมีชื่อติด1ในผู้โชคดีด้วยคนนะครับ🙏🙏🙏🙏,positive,wisesight_sentiment,pos,311,master,False,
2911,บางจริงก้อน,negative,wisesight_sentiment,neg,11,master,False,
2912,อ่านเมื่อคืนก่อนนอนโคตรบันเทิง 😂😂😂 สรรพคุณล้ำเลิศมาก ลาแมร์ ลังโคม ฯลฯ ชิดซ้ายเลย,positive,wisesight_sentiment,pos,81,master,False,
2913,อย่าโชว์เหนือ เสือไม่ชอบ,negative,wisesight_sentiment,neg,24,master,False,
2914,🎉#No4🎉 ทั้งถูก ทั้งดี ก็ซองนี้ นี้เอง ที่เราใช้อยู่ KA UV babyface SPF 42 PA+++ ครีมกันแดดหน้าเนียน ใช้แล้วไม่เป็นสิวอุดตัน ไม่เกิดสิว ไม่มีแอลกอฮอล์ ใช้แล้วทำให้หน้าเด็กลง แดดจะร้อนแค่ไหน กันแดด KA ก็เอาอยู่จร้า แท็กเพื่อน 5 คน👇 #KAx7Eleven #KAUVBabyFace,positive,wisesight_sentiment,pos,255,master,False,
2915,BBQ PLAZA โคตรเหี้ย บอกว่าไม่มีพยาธินะ แต่ในผลตรวจบอกว่าเนื้อติดเชื้อ ไหนจะเรื่องคนเจอะแมลงสาปออีก,negative,wisesight_sentiment,neg,98,master,False,
2916,ชวยทำให้มันถูกกดหมายที่คับ,positive,wisesight_sentiment,pos,26,master,False,
2917,แง บาบีก้อนนนนนนนนนนนนน ถ้ามีไข่พยาธิน้องไม่โอเคคคคคคคคคคคคค,negative,wisesight_sentiment,neg,60,master,False,
2918,บลัชออนน้ำของอินนิสฟรีนี้มาแพคเกจเดียวกับยาทาเล็บของเนเจอร์เลยอ่ะ แง้ กลัวเบลอๆรีบๆแล้วหยิบใช้ผิด,negative,wisesight_sentiment,neg,97,master,False,
2919,จริงนะ สังเกตหลายคันแล้วฟอร์จูนเนอร์รุ่นใหม่คือเหมือนติดไฟสว่างแยงตาแบบนั้นหมดเลย มันไม่ควรนะ คือมันได้เหรอ? เหมือนผลิตกันมาแบบนั้นเลย,negative,wisesight_sentiment,neg,134,master,False,
2920,ขอให้ได้ครับ,positive,wisesight_sentiment,pos,12,master,False,
2921,ลืมดูว่ะ ร้านไหนดีๆ,positive,wisesight_sentiment,pos,19,master,False,
2922,นี่ก็กินได้หลายอย่างนะยกเว้นสิงห์อ่ะรสชาติแปร่งมากไม่อร่อยอ่ะ555555555555555,negative,wisesight_sentiment,neg,76,master,False,
2923,หลายแห่งไม่รับชำระจากทรูวอลเว็ท ก็เพราะเงินเข้าช้านี่แหละ,negative,wisesight_sentiment,neg,57,master,False,
2924,ผิดเพราะไม่เสียภาษีให้รัฐไง,negative,wisesight_sentiment,neg,27,master,False,
2925,แล้วนี่เป็นไรอยู่ดีๆก็กลับมาบ้าน้ำหอมแต่อยากได้โจมาโลนจริงๆนะแต่นังไม่ทนอ่ะเบื่อตรงเนนนนนนน้ แล้วคือเป็นคนตัวร้อนขน…,negative,wisesight_sentiment,neg,116,master,False,
2926,คือปผ้าอนามัยแบบเย็นอ่ะมันดีจริงนะยอมรับ แต่คือเวลาไปอยู่กับคนเยอะๆแล้วคือมันมีกลิ่นเฉพาะของมันอ่ะกูเลยรู้เลยมึงเป็นเมน อื้มมมม,negative,wisesight_sentiment,neg,127,master,False,
2927,ป่ะ มื้อเที่ยงงงง,positive,wisesight_sentiment,pos,17,master,False,
2928,เข้าตั้งแต่ร้านเปิดค่ะ ถามพนักงานว่าวันนี้มีโปรหรือมีอะไรพิเศษมั้ย บอกไม่มีค่ะ,negative,wisesight_sentiment,neg,78,master,False,
2929,มันไม่อร่อยขนาดนั้นอะสำหรับกู5555,negative,wisesight_sentiment,neg,33,master,False,
2930,hot pot บ้างไหม,positive,wisesight_sentiment,pos,15,master,False,
2931,เหตุผลที่ชอบ 12 plus cool powder พอทาแล้วรู้สึกเย็นสดชื่น เนื้อละเอียดเนียนมาก หอมนาน กลิ่นหอมด้วยเวลาทา คนรอบข้างยังทักว่าใช้ น้ำหอมยี่ห้ออะไร ที่จริงแล้ว 12 plus cool powder นี้เอง ของเค้าดีจริง หอมจนคนรอบข้างต้องทัก เป็นผลิตภัณฑ์ที่ใช้มาตลอดหลายปี,positive,wisesight_sentiment,pos,250,master,False,
2932,เล่มนี้ดี ไม่ใช่หนังสือแนะนำท่องเที่ยวหรือเล่าแรงบันดาลใจผู้เขียน แต่เขียนเล่าปวศ.เน้นช่วงยุคสงครามโลกระหว่างครั้งที่ 2 ตามสถานที่ที่ผู้เขียนไปเยือน พร้อมฝากอะไรไว้ให้คิด (ส่วนตัวชอบบทที่เล่าเรื่องปุชกัช พอรู้ลึกลงไปแล้วเข้าใจเลยว่าทำไมนักฟุตบอลคนนี้ถึงเป็นวีรบุรุษ จบได้เท่มาก),positive,wisesight_sentiment,pos,278,master,False,
2933,ก็กูรู้ไงว่ามึงไม่ได้หยอก มึงก็แค่อยากไปเจอพี่เขาก็บอกตรงๆอย่ามา...แถวนี้,positive,wisesight_sentiment,pos,73,master,False,
2934,จะกินแบบนี้ๆๆๆ,positive,wisesight_sentiment,pos,14,master,False,
2935,ลงใด้ที่ใหนคับ,positive,wisesight_sentiment,pos,14,master,False,
2936,นี้มัน All new max ถ้าแค่นี้ไปหา ดีแมกดีกว่า,negative,wisesight_sentiment,neg,44,master,False,
2937,เปิดพรี ETUDE MATCH TINT SET ลด50%สินค้ามีจำกัด เซทละ590฿ มี2เฉด2สไตล์,negative,wisesight_sentiment,neg,70,master,False,
2938,เคยสนใจมาสด้าตอนนี้ไม่ละ,negative,wisesight_sentiment,neg,24,master,False,
2939,กินมาแล้วอร่อยมาก...มีแบบสังกลับมากินต่อมั้ยคะ,positive,wisesight_sentiment,pos,46,master,False,
2940,ใจจริงผมมั่นใจรถตลาดอย่างอิซูซุกับโตโยต้า แต่หลังๆมานี่ ค่ายฟอร์ดมาแรง มีใครพอแนะสำหรับค่ายฟอร์ดมั้ยครับ ดีหรือไม่ดียังไง,negative,wisesight_sentiment,neg,121,master,False,
2941,อยากได้มาร์ค. Sulwhasoo ด้วยค่ะ,positive,wisesight_sentiment,pos,31,master,False,
2942,ทิดหน้าเถอะ,positive,wisesight_sentiment,pos,11,master,False,
2943,ชอบสูตร Biore Perfect Cleansing Water Acne Care เพราะช่วยลดการสะสมของแบคทีเรีย ลดปัญหาการเกิดสิว เหมาะกับผิวบอบบาง เช่นเรา,positive,wisesight_sentiment,pos,122,master,False,
2944,บลัชออนที่ปัดซัมเมอร์นี้อินแน่นอนกับ 4U2 LOVE ME MORE BLUSH #M12 I Want To Marry You 😍✨✨ #4u2 #4u2cosmetics #4u2thailand,positive,wisesight_sentiment,pos,120,master,False,
2945,อยากแดก🤤🤤🤤,positive,wisesight_sentiment,pos,10,master,False,
2946,ขออนุญาตตอบแทนนะคะ มีนานแล้วค่ะ อยู่ชั้น4 ใกล้ๆเอ็มเค กะยำแซบ,positive,wisesight_sentiment,pos,61,master,False,
2947,ดีใจจจจจ ^^,positive,wisesight_sentiment,pos,11,master,False,
2948,ที่ค้านเพราะเสียผลประโยช,negative,wisesight_sentiment,neg,24,master,False,
2949,ใช่ ราคาแพงใป ลดราลงมาอีก,negative,wisesight_sentiment,neg,25,master,False,
2950,อยากบาบีก้อน,positive,wisesight_sentiment,pos,12,master,False,
2951,ไม่ต้องกินหมูทะล้ะ กินอันนี้แหละ55555,negative,wisesight_sentiment,neg,37,master,False,
2952,อยากได้รายล่ะเอียดนิสสันมาร์ชค่ะ,positive,wisesight_sentiment,pos,32,master,False,
2953,อยากให้ของทานเล่นร้อนกว่านี้กุ้งเทมปุระแข็งไงค่ะไม่กรอบเลยเปนทุกสาขา,negative,wisesight_sentiment,neg,68,master,False,
2954,วันนี้ปะๆๆ,positive,wisesight_sentiment,pos,10,master,False,
2955,เบียร์สิงแพง มีช้าง ช้างแพง มีลีโอ ลีโอขึ้นมีอาชา กรองทิพย์สายฝนขึ้นราคามี วันเดอร์ พอวันเดอร์ขึ้นมี เอสเอมเอส รอดูมียี่ห้อไหนราคาถูกออกมาอีก,negative,wisesight_sentiment,neg,141,master,False,
2956,คุณธนาธรกับการแก้ปัญหาใน PM 2.5 ที่ยั่งยืน ตรงจุด!! กระชับ!! เข้าใจได้!!! เฉียบ!!!!! หนูอยากได้คนนี้เป็นนายกค่ะแม่!! 😍 #ไทยรัฐเลือกตั้ง62 #ไทยรัฐดีเบต #อนาคตใหม่ ดูสักหน่อยเถอะ ผมขอร้อง ไหว้หล่ะ,positive,wisesight_sentiment,pos,194,master,False,
2957,พวกเราช่วยกันทำได้อย่างน้อยก็ร่วมลงชื่อนะคับ,positive,wisesight_sentiment,pos,44,master,False,
2958,555 ถึงไหนละ,positive,wisesight_sentiment,pos,12,master,False,
2959,ในส่วนที่ยังไม่มีจำหน่ายในประเทศไทย คือ Johnnie Walker Black Label The Jane Walker Edition นะครับ,negative,wisesight_sentiment,neg,97,master,False,
2960,ไปๆๆคุณนายดา เดี๋ยวเลี้ยงเอง,positive,wisesight_sentiment,pos,28,master,False,
2961,กะลังจะมาเม้นเหมือนกันเลย 🤢🤢,negative,wisesight_sentiment,neg,28,master,False,
2962,ดีงามยกเซ็ต,positive,wisesight_sentiment,pos,11,master,False,
2963,ไม่ค่อยชอบน้ำที่มีรสมันๆกร่อยๆ แบบสิงห์เนี่ยไม่กินเลย มันไม่ไหวจริงๆ 😂😂😂,negative,wisesight_sentiment,neg,72,master,False,
2964,ใอ้เหี้ยปลัด...มึงดผุว่ามาตรฐานเหรอเบียร์ช้างขวดละ120นี่นะ,negative,wisesight_sentiment,neg,58,master,False,
2965,สูบบุหรี่ตั้งแต่อายุ14เลิกได้ตอน42เพราะไอ้บุหรี่ไฟฟ้านี่แหล่ะครับ,positive,wisesight_sentiment,pos,65,master,False,
2966,ดูน่าสนุกดี แต่ก็ไม่กินไฮเนเก้น55,negative,wisesight_sentiment,neg,33,master,False,
2967,ข้างซองบุหรี่เขียนยาดองศพตัวเท่าควาย เสือกขายได้เต็มที่,negative,wisesight_sentiment,neg,55,master,False,
2968,กฏหมายไทยไม่มีมาตรฐานอะรัยซักอย่าง กฏหมายไทยหัวดอ,negative,wisesight_sentiment,neg,49,master,False,
2969,หนาวเนื้อต้องกินบาร์บีกอนจึงจะหายหนาว,positive,wisesight_sentiment,pos,37,master,False,
2970,ที่นี่.. ช้างอารีนา . . . . . ช้ า ง แก้วใหญ่ น้ำแข็งน้อย กินนี่ . . . #ChangARENA #ช้างอารีนา #TheFestivalOfLight2018,positive,wisesight_sentiment,pos,118,master,False,
2971,เงียบ กว้าง สะอาด ส่วนตัว,positive,wisesight_sentiment,pos,25,master,False,
2972,ฟังอยู่บ้าน แล้วเปิดกระป๋องดำก็เหมือนไปนอกโลกแล้วววววววว😮😮😮😮,positive,wisesight_sentiment,pos,60,master,False,
2973,กุขับกระบะส่งของที่บ้านสบายใจมาก เปลี่ยนไปขับ hrv แบบ กุได้ตายก่อนแน่นอน,negative,wisesight_sentiment,neg,72,master,False,
2974,บางที ผมก็ไม่เข้าใจความคิด หน่วยงานนึงในไทย,negative,wisesight_sentiment,neg,43,master,False,
2975,โรงแรมอยู่ข้างจากถนนประมาณ 200 เมตร สามารถเดินออกมาได้ในตอนกลางคืน ไม่ได้เปลี่ยวมาก คนผ่านตลอด,positive,wisesight_sentiment,pos,94,master,False,
2976,ค่าเช่าชุดมึงก็พอๆกันอะเผลอๆเสียเยอะกว่า555,negative,wisesight_sentiment,neg,43,master,False,
2977,ในขณะที่ Mazda Thailand ส่งหมายเรียกลูกค้า... ให้ไปขึ้นศาล ในฐานะจำเลย พร้อมเรียกร้องให้ชดใช้ 95 ล้านบาท ทั้งๆที่เหตุเกิดจากรถที่ตัวเองขายนั้นไม่ได้มาตรฐาน และเกิดปัญหา ผมเพิ่งเป็นลูกค้ามาสด้าได้ครึ่งปี... ซื้อ mazda 2 ดีเซลตัวท็อป กำลังจะผ่อนหมดในอีกไม่นาน และเคยคิดว่าจะซื้อ cx-5... แต่ตอนนี้ไม่แล้ว คงบ๊ายบายค่ายนี้อย่างจิงจัง เพราะไม่นึกว่าผู้บริหารจะกระทำการที่ไร้สามัญสำนึกได้ถึงขนาดนี้ ขนาดฟอร์ด... เค้าโดนร้องเรียนเรื่องเฟียสต้ามาขนาดไหน... ถึงจะแก้ปัญหาไม่ได้แต่ก็ไม่เคยมาฟ้องร้องลูกค้า... ความคิดพวกคุณนี่แม่งโคตรสกปรกเลย,negative,wisesight_sentiment,neg,531,master,False,
2978,ละก็ปิดสวยๆว้าตอนนี้ชั้นไม่ได้กินมาปีนึงแร้ว ชั้นรู้สึกว่าสุขภาพชั้นดีขึ้นนะ เฮลตี้ อ้วนยาก กินปลากินไก่ สบ๊ายยย (ในใจกุคือแบบ ฮือๆ แค่สุขภาพกายไงสุขภาพจิตคือกุคือติดลบมาก กูรืมรสชาติบาบีก้อนไปแล้ว),negative,wisesight_sentiment,neg,198,master,False,
2979,ป่ะ ๆ หลายรอบ ไม่ได้ไปสักรอบ,positive,wisesight_sentiment,pos,28,master,False,
2980,ใช่ แต่ ก็รู้ ถึงอันตราย ไม่ใช่หรอครับ แล้วมา บังคับห้ามใช้ ห้ามมี ห้ามขาย ไฟฟ้า ทำไมอะครับ บุหรี่มวน ทุกคนรู้ก็ยังกินมันทุกวัน ควันของมัน,negative,wisesight_sentiment,neg,138,master,False,
2981,ตังไหนหละพ่อ,negative,wisesight_sentiment,neg,12,master,False,
2982,น่ากินมาก ๆ เลยค่าา ^^,positive,wisesight_sentiment,pos,22,master,False,
2983,อันนี้อร่อยๆ ไปโดนมาแล้ว หวานหอมมม ☺☺,positive,wisesight_sentiment,pos,37,master,False,
2984,พอก่อน น้ำตาลเต็มตัวแล้ว!!!!,negative,wisesight_sentiment,neg,28,master,False,
2985,บาร์บีก้อน เมกะ เปิดเพลงได้แบบ กูจะร้องไห้แบ้ส อิสาดดดดดดดดด,negative,wisesight_sentiment,neg,60,master,False,
2986,เลี้ยงหรอ ขอบคุณค่ะ,positive,wisesight_sentiment,pos,19,master,False,
2987,กินช้างทีไรท้องเสียทุกที,negative,wisesight_sentiment,neg,24,master,False,
2988,เปิดตัวเจ้าก๊อตซิล่า Nissan GT-R Premium Edition Thailand (R35) 2018 ในไทยพร้อมค่าตัว 13.5 ล้านบาท Nissan ประเทศไทย ตัดสินใจเปิดตัว Nissan GT-R (R35) อย่างเป็นทางการหรือเจ้าก๊อตซิล่า พร้อมจำหน่ายในประเทศไทย คุ้มค่าสำหรับการรอคอยโฉมใหม่มาอย่างยาวนาน เคาะราคาแล้ว 13.5 ล้านบาท ในงานบางกอก อินเตอร์เนชั่นแนล มอเตอร์โชว์ ครั้งที่ 39,positive,wisesight_sentiment,pos,328,master,False,
2989,เราไม่ได้ต่องการใช้แบบเสรี แค่ไม่ต้องหลบซ่อน และอยู่ในการควบคุม ก็พอ,positive,wisesight_sentiment,pos,68,master,False,
2990,เลี้ยงหน่อย หิว,positive,wisesight_sentiment,pos,15,master,False,
2991,วุ้นเส้นเกาหลี ที่สุดของความเกา เคี้ยวหนึบๆ แอดนี่ชอบมากๆ Cr. สนุกเต็มที่ อร่อยเต็มอิ่ม กับคุณ,positive,wisesight_sentiment,pos,94,master,False,
2992,จะดีนะ555555,positive,wisesight_sentiment,pos,12,master,False,
2993,ไป ไปกินกันนน,positive,wisesight_sentiment,pos,13,master,False,
2994,เมื่อวันศุกร์ไปกินที่สาขาบิ๊กซีมหาชัย คิดตังค์มาไม่ใช่ราคา 299.- เป็นราคาปกติ,negative,wisesight_sentiment,neg,77,master,False,
2995,จัดเรยวันนี้😳😳,positive,wisesight_sentiment,pos,14,master,False,
2996,อยากบอกเพื่อนว่า ขอบคุณที่คอยตามใจตลอดขอบคุณที่คอยเป็นเพื่อนที่ดี ขอบคุณที่คอยไปนั่งกินเบียร์ด้วยเวลาที่ตรูเศร้า ปกติไปก็จะสั่งแต่โปรเบียร์ช้าง5555555 ไหนๆเพื่อนก็เป็นเพื่อนที่ดีของกูมาตลอดทั้งปีแล้ว มีเถียงกันบ้างงอนกันบ้าง ปีใหม่นี่ก็อยากตอบแทนเพื่อนด้วยบัตรงาน tbc เพื่อนจะได้มาสนุกบ้างเพราะอุตสาห์มีสปอนเซอร์ใจดีอย่างช้างมาจัดกิจกรรม😂 จะได้ไปปาร์ตี้กันเนอะะะ อยากไปวันที่31ธ.ค. เพราะจะได้เค้าท์ดาวน์กับเพื่อนพอดี ยังไม่เคยได้เค้าท์ดาวน์กับเพื่อนเลยยย,positive,wisesight_sentiment,pos,454,master,False,
2997,สวัสดีครับพี่...เมื่อคืนพี่มาโคราชอดไปสวัสดีเลยครับ...ชนไฮเนเก้นสักลังอิอิ,positive,wisesight_sentiment,pos,74,master,False,
2998,มึงนำกุบ่ทันดอกมึงเชื่อกุ,positive,wisesight_sentiment,pos,25,master,False,
2999,มาสด้าจะแซงฮอนด้าอยู่แล้ว,negative,wisesight_sentiment,neg,25,master,False,
3000,มีติงอยู่แค่เรื่องเดียวคือพนักงานทุกคนพูดไม่ค่อยโอเคเลย เหมือนมาขอนอนฟรี,negative,wisesight_sentiment,neg,72,master,False,
3001,ถามก่อนว่ากุจะผอมไหม😂😂😂,positive,wisesight_sentiment,pos,23,master,False,
3002,ไม่เคยกินอ่ะ,negative,wisesight_sentiment,neg,12,master,False,
3003,ไปลองแป้งเจ้านางมา มันอะเมซิ่งมากกกกก เอาตรงๆ มันดีกว่าเบอเบอร์รี่อีก 555555555 แต่แพ็คเก็จมันกะล็อกก็อกแก็กมากๆ แพงไปสำหรับ 390,negative,wisesight_sentiment,neg,128,master,False,
3004,ชุดนี้เท่าไหร่อ่ะก้อน,positive,wisesight_sentiment,pos,21,master,False,
3005,สาขาเซนทรัล สุราษฎร์ธานี พนักงานบริการแย่มาก ควรปรับปรุงอย่างยิ่งเลยค่ะ เจอกับตัวเองเลยค่ะเมื่อวานนี้เอง 25-02-61 พนักงานควรศึกษาการบริการลูกค้าที่ดีก่อนมาบริการนะคะ เราก็ทำงานบริการเหมือนกัน แต่ไม่เคยแสดงออกทางแย่ๆให่ลูกค้าค่ะ ควรปรับปรุงอย่างยิ่ง 👎🏻,negative,wisesight_sentiment,neg,251,master,False,
3006,ป๋าๆ นู๋หิววว...,positive,wisesight_sentiment,pos,16,master,False,
3007,ฝากร้านนนนน O-PA’ อร่อยทุกอย่างเลยน้าาาาา ใครมาหนองคายไปตำเด้ออ 📍พิกัด : ซอยข้างสกุลคูเจริญ ตรงข้ามปั๊มเอสโซ่ ร้านสีเหลืองๆ,positive,wisesight_sentiment,pos,123,master,False,
3008,MG ไม่เคยทำให้ผิดหวัง ดีไซน์รถหรูสวย,negative,wisesight_sentiment,neg,36,master,False,
3009,เด๋วนี้ นาวาร่า ก็ด้วยนะครับ,negative,wisesight_sentiment,neg,28,master,False,
3010,ดีนะชอบ volvo ยี่ห้ออื่นเลยไม่ค่อยอยู่ในสายตา วันหนึ่งเอารถไปคาร์แคร์ เจอ cla จอดต่อท้าย vios ดูเทียบกันแล้วขนาดเท่ากันเลย,positive,wisesight_sentiment,pos,122,master,False,
3011,"มากินเนื้อกันเถอะ เนื้อ ""แว่นสะโพก"" รู้จักกันป่ะ อร่อยมากเป็นส่วนเล็กๆ ที่แปะอยู่กับสะโพก มี 2 ชิ้นต่อตัว เนื้อนุ่ม ไขมันแทรก เอาลงกระทะไม่ต้องใส่เนย เดี๋ยวไขมันจะละลายออกมาเอง โรยเกลือ โรยพริกไทย จะจิ้มน้ำจิ้มแจ่วด้วยก็ได้ อร่อยที่สุด😉 อยากอวด เนื้ออร่อย เนื้อ KU Beef นะจ๊ะ😁",positive,wisesight_sentiment,pos,276,master,False,
3012,แต้งกิ้ว เดี๋ยวไปสอย ไม่ไหวละอีอินทูอิท ตาแหก,negative,wisesight_sentiment,neg,45,master,False,
3013,****ที่มันเสียความรู้สึก เพราะทั้งพนักงานและคอลเซ็นเตอร์ยืนยันว่าสามารถใช้บัตรชำระค่าสินค้าได้ แต่นี่กลับไม่ตรงตามเงื่อนไข พอรูดจ่าย กลับขึ้นให้ดึงบัตรออก ทำรายการจนอายคนในร้าน ไม่เคยเสียความรู้สึกกับ Bar B Q Plaza ขนาดนี้เลย****,negative,wisesight_sentiment,neg,229,master,False,
3014,ทำไมที่เรากินไม่มีใส้,negative,wisesight_sentiment,neg,21,master,False,
3015,สวยมากนิสสันผู้นำรถไฟฟ้าและอีโค่คาร์เจ้าแรก,positive,wisesight_sentiment,pos,43,master,False,
3016,มีประจำเดือนทีไร ไม่อยากจะคิด แพ้ผื่นขึ้นทุกที ต้องลองเปลี่ยนมาใช้ลอรีเอะดูแล้ว,negative,wisesight_sentiment,neg,79,master,False,
3017,ชอบ Biore Perfect Cleaning Water Soften Up ค่ะ เพราะสูตรนี้ช่วยเติมความชุ่มชื้นให้กับผิวแห้งขาดน้ำอย่างดิฉัน ให้กลับมามีผิวใส สะอาด สุขภาพดี นุ่ม ชุ่มชื้น อย่างที่ต้องการเลยค่ะ และที่สำคัญปลอดภัยต่อผิวแพ้ง่าย ลองแล้วรักเลย😍,positive,wisesight_sentiment,pos,223,master,False,
3018,ชุดนี้แหละค่ะ แต่ที่กำแพงเพชรให้จับสลากเลือกชุดฟรี,negative,wisesight_sentiment,neg,50,master,False,
3019,นับถือโชคคือยกแก้วตั้งแต่บ่ายละมันกิน285ด้วยไม่แปลกที่มันจะอ้วก โดนล้อยาวๆแน่ไอ้สาาส55555555555555,negative,wisesight_sentiment,neg,98,master,False,
3020,ของเอ็มเคก็อร่อยเทอ,positive,wisesight_sentiment,pos,19,master,False,
3021,แม่จ๋าาาาา,positive,wisesight_sentiment,pos,10,master,False,
3022,ให้บ้านช่วยลดความตึงเครียด และความอ่อนล้าตลอดวัน กลับบ้านมาพ่อบ้านแนะนำให้ลอง หา essential oil กลิ่นส้ม ใส่เครื่อง diffuser ( มีหลากหลายแบรนด์ ) กลิ่นส้มจะช่วยผ่อนคลาย ให้คุณรู้สึกหายเหนื่อย วันนี้พ่อบ้านใช้ essential oil ของ muji กลิ่น sweet orange 3 หยด ผสมกับน้ำหอมของ balmain กลิ่น vent vert ฉีดลงไปในน้ำ 5 ครั้ง ให้ความรู้สึกถึงธรรมชาติ เหมือนเราถูกแวดล้อมไปด้วยพืชพรรณสีเขียว อยู่นอกบ้านล้วนมีแต่ปัจจัยที่เราควบคุมไม่ได้ ลองทำให้บ้านของเราเป็นที่ที่น่าอยู่ และรู้สึกสบายใจกันครับ #พ่อบ้านรีวิว,positive,wisesight_sentiment,pos,499,master,False,
3023,อีดอก เพิ่งเห็นซีวิคสีแดง คือตุ้บมาก พักก่อนนะฮอนด้า แดงแบบตลาดแตก แดงแบบไม่แพงมาก ควรเอาแดงแบบมาสด้ามานะถ้าจะขายสีแดง เห็นแล้วอ้วกแทบพุ่ง รถสวยๆคือกากหมาไปเลย,negative,wisesight_sentiment,neg,159,master,False,
3024,ชอบเลย NISSAN GTR👍👍👍,positive,wisesight_sentiment,pos,20,master,False,
3025,แดกโฮกาเด้นดีฝ่า,positive,wisesight_sentiment,pos,16,master,False,
3026,สหายแสงโสมว่าไง😂😂😂😂,positive,wisesight_sentiment,pos,19,master,False,
3027,นิสสันเบียดโตโยต้าขึ้นอันดับ2โลก,negative,wisesight_sentiment,neg,32,master,False,
3028,ไม่ต้องอะไรมากมาย ขอบคุณจากใจจริงๆคับ,positive,wisesight_sentiment,pos,37,master,False,
3029,อีสัสเดวกูเผาหมี,negative,wisesight_sentiment,neg,16,master,False,
3030,เมื่อวานกูบองกินแล้ว อร่อยเวอร์ สปายหลบไป,negative,wisesight_sentiment,neg,41,master,False,
3031,ช้ากว่านี้กฎหมายมีแต่จะเข้มขึ้นคับ,positive,wisesight_sentiment,pos,34,master,False,
3032,เราใช้ 108 สีดีมาก โทนเหลือง เนียนกับสีผิวเรา ทาแล้วแมท เรื่องคุมมัน ของเราก็ยังมันเหมือนเดิม มีคราบตรงร่องแก้มลึก นอกนั้นดีมาก รองพื้นตรงจมูกไม่ค่อยละลาย ปกติใช้ revlon ฝาดำมาหลายขวด ปัญหาคือสีไม่พอดี หน้ามันแล้วเป็นคราบ จมูกกับรอบๆหายหมด,negative,wisesight_sentiment,neg,239,master,False,
3033,อีกอย่างค่ะ พนักงานไม่ค่อยใส่ใจสนใจลูกค้าเท่าที่ควรนะค่ะ ยืนคุยกันไม่ใส่ใจสนใจเลยต้องยกถาดอาหารที่หมดแล้วไปวางเอง ควรใส่ใจนิสค่ะ,negative,wisesight_sentiment,neg,128,master,False,
3034,ขอขอบพระคุณมากๆค่ะ😊 ไว้คราวหน้า โอกาสพิเศษๆ ..,positive,wisesight_sentiment,pos,46,master,False,
3035,ไปกินทีรัย หมูแผ่นบางๆไม่เหมือนในภาพโฆษณาเลย,negative,wisesight_sentiment,neg,44,master,False,
3036,อยากกิน ก้อรีบหายดิอิเน่า🤣,negative,wisesight_sentiment,neg,26,master,False,
3037,แพ้โฟมล้างหน้าอินนิสฟรี ㅠㅠ,negative,wisesight_sentiment,neg,26,master,False,
3038,ตามเลย ครัช 📌📍📌📍📌 ไหนๆๆ ก้อ ไหนๆๆ ละ เอามาแฉ่ กันให้หมดเปลือก....บทลงโทษ และ ช่องว่างของ กฎหมาย มันเอื้อประโยชน์ให้ กับใคร กันแน่,negative,wisesight_sentiment,neg,129,master,False,
3039,ไปปะละ ๆ อยากอยู่,positive,wisesight_sentiment,pos,17,master,False,
3040,ตอนนี้ลีโอก็แดกๆไปเถอะอีเหี้ย,negative,wisesight_sentiment,neg,29,master,False,
3041,เอา mini review เครื่องสำอางที่ใช้แต่งหน้าใน look เมื่อวานมาฝาก งานผิว Illamasqua Thailand skin base Foundation #6.5 ราคา 💰 1750 บาท ตัวนี้ราคาสูงหน่อยแต่ใช้ดีมาก แบบผิวกริบ และไม่คราบ Chuchukiss_cosme Diamond HD Compact Powder #02 ราคา 💰 390 บาท ช่วงนี้อากาศร้อนอีฟเลยชอบตบแป้งบางๆกันหน้าเมือก แป้งตัวนี้ดีมาก คุมมันดี แถมผิวแห้งอย่างอีฟยังใช้ได้ Wet n Wild Thailand Highlighting powder E322B ราคา 💰 390 บาท ไฮไลท์ wet n wild ให้ลุคฉ่ำวาวแบบเป็นธรรมชาติ คิ้ว COSLUXE browsup gel eyebrows pencil ราคา 💰 235 บาาท ช่วงนี้ติดใช้ดินสอเขียนคิ้วเนื้อเจลมาก เพราะเป็นหน้าร้อนกลัวคิ้วเยิ้ม ชอบดินสอเขียนคิ้วอันนี้เพราะหัวเล็ก เขียนง่าย และติดทนมากกกก ตา MEILINDA เครื่องสำอางเมลินดา Super frosting mini palette #02 ราคา 💰 199 บาาท พาเลทของเมลินดาอันนี้คือคุ้มในคุ้ม ราคาไม่แพง แถมสีสวย ใช้งานได้จริง ช่วงนี้ใช้บ่อยมาก Meilinda matte ink pen liner #02 Happy Brown ราคา 💰 199 บาาท อายไลเนอร์ก็เมลินดาเหมือนกัน เพิ่งออกมาใหม่เลย นี่หยิบมาใช้ครั้งแรก เขียนง่ายเพราะเป็นหัวฟองน้ำ ใครมือใหม่แนะนำเลย cosluxe natural 1-03 ราคา 💰 300 บาาท cosluxe Lash Adhesive ราคา 💰 250 บาาท ลุคส์นี้ขอติดขนตาปลอมซะหน่อย เป็นของ cosluxe อีฟเลือกเบอร์นี้คือดูเป็นธรรมชาติ ไม่เวอร์วัง ใช้กาวของ cosluxe เหมือนกัน เห็นเค้าว่ากันว่าดี ติดทน อีฟลองแล้วก็ติดทนจริงๆนั่นแหละ แนะนำใครชอบติดขนตาต้องมี essence cosmetics satin touch blush #10 ราคา 💰 145 บาาท ตาแน่นแล้ว ปากแน่นแล้ว แก้มขอเบาๆ หยิบของ essence มาใช้ อันนี้สีชมพูอมส้มแบบธรรมชาติ ปัดบางๆก็สวยแล้ว YSL Beauty Liquid Matte Lip Stain #1 1395 บาาท ลิปสติกอันนี้คือเป็นสีแดงที่สวยมาก แถมเนื้อดีมากด้วย เรียกได้ว่าสมราคาจริงๆ,positive,wisesight_sentiment,pos,1542,master,False,
3042,ควยยย บุหรี่ไฟฟ้าหายยยยย 5555 ไอ้สัสเอ้ยยยย TT,negative,wisesight_sentiment,neg,46,master,False,
3043,แต่บุหรี่มวนแม่งสูบตรงไหนก็ได้ ทิ้งก้นบุหรี่ที่ไหนก็ได้ ป้ายปรับ2000 เหมือนป้ายที่สูบบุหรี่อ่ะครับ แล้วใครกันที่ปรับ ปรับแล้วเงินเข้าไปส่วนไหนของภาครัฐ,negative,wisesight_sentiment,neg,151,master,False,
3044,ไม่ดีเรยยย เอาจริงแม่กุแดกแค่สปาย แต่กุเนี่ย เสือกแดกหมด555566,negative,wisesight_sentiment,neg,62,master,False,
3045,เห้อ ลำบากใจ,negative,wisesight_sentiment,neg,12,master,False,
3046,ก้อนๆๆๆๆๆ...จำเป็นต้องสไลด์บางจนเห็นถาดเลยเหรอ ชุดอิ่มเต็มเตาเนี่ย #ตะลึงในความเป็นจริง,negative,wisesight_sentiment,neg,87,master,False,
3047,ผมคนหนึ่งละครับ ไม่ชอบ ดีไซน์ toyota รุ่นใหม่ แบบเอา พลาสติกขัดมัน มาใส่ตกแต่งหน้ารถ มันดูไม่ค่า เห็นตั้งแต่ตัววีออดแล้วเอทีบ มันดูล้าสมัย,negative,wisesight_sentiment,neg,138,master,False,
3048,เทรลเบลเซอร์ขับสี่ของผมก็โอแล้วครับ สามล้านกว่า,positive,wisesight_sentiment,pos,47,master,False,
3049,อยากไปกินอีก 5555,positive,wisesight_sentiment,pos,17,master,False,
3050,เขาทำมาขายให้กลุ่มที่รักรถกระบะออฟโรดและให้พวกคนรวยที่อยากซื้อรถกระบะแพงโน่นพวกที่บ่นแพง ด่าแพง ก็ไม่ต้องไปซื้อใครบังคับซื้อครับไปโน่นเลยรีโว่และดีแม็ก ได้ทั่งช่วงร่อนและโย้ย,negative,wisesight_sentiment,neg,174,master,False,
3051,โลโก้นี้ มันมีของพลังและความทนทาน ผมมั่นใจใน Suzuki เรื่อยมา,positive,wisesight_sentiment,pos,60,master,False,
3052,กินมาจนนับขวดไม่ได้ของเขาดีจริง. รูปโปรฟายยังเป็นช้างเลย,positive,wisesight_sentiment,pos,56,master,False,
3053,23 มี.ค.61 ถามพนักงานว่าไม่เห็นเหมือนในรูป พนักงานก็ยิ้มตอบ แล้วเดินจากไป,negative,wisesight_sentiment,neg,73,master,False,
3054,รสชาตินุ่ม ดื่มลื่นคอไม่ค่อยฝืน สำหรับใครที่ไม่ชอบกลิ่นวิสกี้ แนะนำนำเลยROYAL STAG รับรองไม่มีกลิ่นฉุน,positive,wisesight_sentiment,pos,102,master,False,
3055,สู้ๆครับผม,positive,wisesight_sentiment,pos,10,master,False,
3056,100 ชนแหลก ต่อให้อ้วกแตก...ก็ไม่หยุดแดก ไม่หยุดชน,positive,wisesight_sentiment,pos,49,master,False,
3057,เปลี่ยนบัตรโดยไม่บอก,negative,wisesight_sentiment,neg,20,master,False,
3058,วันนี้ไม่ได้แดกร้านก่อนปีใหม่,positive,wisesight_sentiment,pos,29,master,False,
3059,สีสวยแบบนี้แวะมาลองกันที่ MK สาขาใกล้บ้านกันนะคะ ^^,positive,wisesight_sentiment,pos,51,master,False,
3060,ตัวหนังสือเอียงสงสัยหิว,positive,wisesight_sentiment,pos,23,master,False,
3061,อยากปิ้งย่างเกาหลี ไม่เกาก็ได้ อยากปิ้งย่าง แต่ไม่เอาบาบิก้อนไม่สะใจ เรื่องมากจังวะ,negative,wisesight_sentiment,neg,83,master,False,
3062,เสาร์นึ้555,positive,wisesight_sentiment,pos,11,master,False,
3063,ไม่ได้ไปอะ,negative,wisesight_sentiment,neg,10,master,False,
3064,show dc บอกจะเปิดตั้งแต่ฉัรอยู่จีน จนกลับมาครบปีแล้ว😂,negative,wisesight_sentiment,neg,53,master,False,
3065,ก็hotpot ไหนบอกว่ามี,negative,wisesight_sentiment,neg,20,master,False,
3066,อีชิบหาย กูบิดจีวองชี่อีกแล้ว,negative,wisesight_sentiment,neg,29,master,False,
3067,เคส HRV เกียร์พัง เจ้าของรถมาอัพเดทให้ดังนี้ เกียร์พัง ตั้งแต่ปลายปีที่แล้ว รออะไหล่ เพิ่งจะ ซ่อมเสร็จ ช่างบอก ว่า หัวฉีดที่ 2 กับที่ 3 ไม่ทำงาน ทั้งๆที่ก่อน จะเกียร์พัง ก็วิ่งได้ปกติ ปัญหาเยอะจริงๆ HRV ตั้งแต่ออก 3 วันแรก จนครบ 3 ปีวันนี้ ใครไม่เคยมีปัญหา ก็ถือว่าโชคดี มากๆ ผมไม่อยากจะพูดอะไรมากกลัวจะถูกทาง Honda ฟ้อง เหมือนอย่างที่เป็นข่าว.... เพิ่มเติม... รถหมด warranty 3 ปี 100000 กิโลเมตร เป็นไปตามเงื่อนไขของบริษัท ไม่สามารถช่วยเหลือได้ ต้องซ่อมเองครับ ซ่อมที่ศูนย์เกือบ 2 แสน ซ่อมข้างนอกประมาณ 50000 บาท,negative,wisesight_sentiment,neg,513,master,False,
3068,ไม่ชอบกินผักทำไม ไม่บอก... #น่ารักเกิ๊นนน @ ลานเบียช้าง Centralworld เซ็นทรัสเวิด,positive,wisesight_sentiment,pos,81,master,False,
3069,ได้ตลอดคับคุนเทอ,positive,wisesight_sentiment,pos,16,master,False,
3070,เราก็ชอบดื่มสิงห์ รู้สึกมันอร่อยกว่ายี่ห้ออื่น 😅,positive,wisesight_sentiment,pos,48,master,False,
3071,ผมลูกค้าเก่า mazda 3 อยากทราบว่าmazda 3ตัวใหม่ที่จะมาพร้อมskyactiv x เครื่อง Spark Controlled Compression Ignition (SPCCI) น่าจะมาช่วง2019-2020หรือป่าวครับ ตอนนี้ใช้mitsubishi pajero 4wd 2017 บริษัทmazda ทำยอดขายmazda cx-5ตัวใหม่หายไปคันหนึ่งจากผม ผมถามแล้วว่าจะมีมาไหมcx-5ในปี2018 ลองนึกดูนะครับรถ mazda ไม่ใช่รถตลาด ผู้ซื้อจะศึกษาระบบต่างๆมาบางทีเซลล์ขายรถยังไม่รู้ข้อมูลเท่าคนซื้อนะครับ แต่ไม่บอกหรือกระซิบลูกค้าเดิม ไม่ต้องกลัวว่าmazda 3รุ่นปัจจุบันจะขายไม่ได้ ผมไม่ซื้อรุ่นนี้อยู่แล้วเหมือนกับ cx-5รุ่นเก่านั้นก็ไม่ซื้อ หวังว่าคงได้กระซิบมาบอกบางนะครับ เพราะ มีhonda civic 1.5 turbo rs รอแทนที่mazda 3 skyactiv x อยู่หวังว่าคงไม่ทำให้เสียลูกค้าไปอีกคันนะครับ,negative,wisesight_sentiment,neg,663,master,False,
3072,แพ้กานิเย่โฟมค่ะ ร้องห้ายยย ผดเต็มหน้า,negative,wisesight_sentiment,neg,38,master,False,
3073,เคี้ยวเม็ดหนอง แตกละลายในปาก เนื้อสัมผัสที่ลืมไม่ลง แบบนี้ก็ได้หรอ,negative,wisesight_sentiment,neg,66,master,False,
3074,วันพูกลองเอามาจ๊ดดดด ผ่อซักกำเลาะอิ 😋😂,positive,wisesight_sentiment,pos,38,master,False,
3075,ผมรบกวนสอบถามหน่อยครับ ผมใช้รถรุ่นนิสสันเทียรน่า ปี2010อยู่วันนี้ขับขึ้นเขามา พอลงมาสักพักเกิดอาการเร่งไม่ค่อยขึ้น รอบเครื่องขึ้นแต่ ความเร็วไม่ค่อยขึ้น ปัญหาเกิดจากอะไรครับ และมีวิธีแก้ไขอย่างไรครับ ขอบพระคุณล่วงหน้าครับ,negative,wisesight_sentiment,neg,221,master,False,
3076,โครงการบ้านเดี่ยวหนึ่งเดียวของแสนสิริที่เขาใหญ่ 23ํ Villa by Sansiri มีเพียง 8 หลังเท่านั้น ทุกหลังมีลูกค้าเข้าอยู่อาศัยหมดแล้ว โครงการนี้มีวิวภูเขาเป็นฉากหลัง อากาศดีเงียบสงบ เหมาะกับการพักผ่อน หนีความวุ่นวายของเมืองกรุงครับ 🐘🐘🐘🤗,positive,wisesight_sentiment,pos,230,master,False,
3077,พาพ่อไปกินๆ 😁,positive,wisesight_sentiment,pos,13,master,False,
3078,ร้านซ่อมบำรุง Nissan Cube ถ่ายโปรโมทกี่ที กี่ที ก็ต้องถ่ายรูป Nissan Cube อย่าเพิ่งเบื่อผมนะ อิอิ ^^,negative,wisesight_sentiment,neg,100,master,False,
3079,เกลียดไฟฟอร์จูนเนอร์ว้อย,negative,wisesight_sentiment,neg,24,master,False,
3080,สรุปแล้วเลยกินบุฟเฟ่ต์กันแบบเปรมประชากรมากๆ สั่งแซลมอนซาซิมิแบบรัวๆ 😂 พร้อมขนมหวานปิดท้าย ตกคนละ 350 พอดิบพอดี ถูกกว่าเอ็มเคเมื่อวานอีก 😒,negative,wisesight_sentiment,neg,137,master,False,
3081,ดูจากรูป ร้านสุกี้ เอ็มเค ไม่ได้เปิดหม้อสุกี้ มีเป็ด มีบะหมี่,positive,wisesight_sentiment,pos,61,master,False,
3082,เป็นคนหน้ามันมากๆค่ะ หาตัวอื่นใช้ก็คุมมันไม่อยู่เลย😭 เห็นตัวนี้มีรีวิวเยอะมาก รวมไปถึงของอินนิสฟรีตัว…,negative,wisesight_sentiment,neg,102,master,False,
3083,อยากได้ๆๆกิ๊ฟเซตสมูทโตะ,positive,wisesight_sentiment,pos,23,master,False,
3084,กระเป๋าฉีกค่ะเดือนนี้,positive,wisesight_sentiment,pos,21,master,False,
3085,เสือกขึ้นราคาเองช่วยไม่ได้ คนที่อยากเลิกอยู่แล้วพอเห็นราคา เลิกได้ทันที,negative,wisesight_sentiment,neg,71,master,False,
3086,อยากกินบาบีก้อน แต่กินที หลักร้อยไม่อิ่มจ่ะ มีพันเสียพัน อร่อยหรอ เปล่า ให้น้อยอีดอก,negative,wisesight_sentiment,neg,84,master,False,
3087,พ่อจัดหน่อยนะ,positive,wisesight_sentiment,pos,13,master,False,
3088,นิสสัน ออกโปรโมชั่นถูกใจคนรักกะบะ ราคาสุดโดนใจ ชวนคนรู้ใจไปเที่ยวโชว์รูมครับ,positive,wisesight_sentiment,pos,76,master,False,
3089,กุหละรำไยคนทำกาวติดผ้าอนามัย ถ้าไม่ติดว่าต้องใส่ตรงจิ้มิ้กุคงใช้กาวตราช้างไปละ แม่ง,negative,wisesight_sentiment,neg,83,master,False,
3090,วันนี้เลย555,positive,wisesight_sentiment,pos,12,master,False,
3091,ไม่รีบกลับอดน้ะ จุ้บๆ,positive,wisesight_sentiment,pos,21,master,False,
3092,อ่านแล้วพอเข้าใจเหตุผลครับ แต่ก็แสดงว่า มาสด้าผลิต เครื่องยนต์ และนำ้มันเครื่องได้ มาตรฐานแค่นี้ !!??,negative,wisesight_sentiment,neg,101,master,False,
3093,ตั้งแต่ซื้อHR-V มาตอนนี้4ปี แล้วเซลล์บอกจะให้กระเป๋าเดินทางทวงจนอายแล้วค่ะ ไม่รักษาลูกค้าเลย ศูนย์ฮอนด้ากำแพงเพขร,negative,wisesight_sentiment,neg,113,master,False,
3094,ชอบ Honda City 2017 มากๆ ชอบหน้ารถที่เหมือนรถแข่งอ่ะ ห้องโดยสารกว้าง เหมาะสำหรับเราเลยแหละ คันนี้นะ รักเลย,positive,wisesight_sentiment,pos,106,master,False,
3095,อีเหี้ย พึ่งเคยใช้ ผ้าอนามัยแบบเย็น,negative,wisesight_sentiment,neg,35,master,False,
3096,ไปกันมั้ย😅😅😍😍,positive,wisesight_sentiment,pos,13,master,False,
3097,อีเบียร์นี่คือไม่อร่อยมากกกก เหมือนเอาเบียร์สิงห์มาละลายน้ำ,negative,wisesight_sentiment,neg,59,master,False,
3098,หิวเลยสัสตอนนี้,negative,wisesight_sentiment,neg,15,master,False,
3099,กุซื้อ ysl ต่อ,positive,wisesight_sentiment,pos,14,master,False,
3100,จะได้รถดีของนิสสันและรถรุ่นอื่นๆด้วยนะครับที่ไม่ได้ประกอบในไทยที่มีคุณภาพดีๆ,positive,wisesight_sentiment,pos,76,master,False,
3101,กลับมาจะเลี้ยง,positive,wisesight_sentiment,pos,14,master,False,
3102,จนาดแค่แม็คโดนัลยังแพงเลยย,negative,wisesight_sentiment,neg,26,master,False,
3103,เรื่องเครื่องเสียหรือเป็นตรงนั้นตรงนี้มีทุกยี่ห้อครับ. ใกล้บ้านออกมาสด้ามาประมาณ1ปี. สตาทส์ไม่ติด ช่างศูนย์มาดูสตาทส์ติด อีกไม่กี่เดือนก็เป็นอีกแล้ว ต้องให้ช่างศูนย์มาดูอีก ผ่านมาประมาณ 2 อาทิตย์เองครับ ผมว่ามันก็ต้องมีบ้างนะครับเรื่องแบบนี้ น่าจะทุกยีห้อนั้นแหละมั้ง,negative,wisesight_sentiment,neg,267,master,False,
3104,มาทำงานไม่ได้มาอ่อย มาหาเค้าหน่อยเค้าอยู่วันเมา 😜😛 #ubeer นุ่ม ละมุน ลิ้น ดื่มง่ายไม่ขม😎,positive,wisesight_sentiment,pos,88,master,False,
3105,ไปกินเป็นเพื่อนโหน่ยย,positive,wisesight_sentiment,pos,21,master,False,
3106,"ป้ายที่โต๊ะอธิบายไม่ชัดเจนเลยค่ะ แบบนี้ทำให้เข้าใจได้ว่า สั่งเมนูใดก็ได้ให้ครบ 1,000 โดยที่มีเป็ดรวมอยู่ในยอดนี้ก็ได้ แล้วจะได้ส่วนลดเป็ด จาก 170 เหลือ 109 เพราะในกรณีของเรา ได้สั่งเป็ดย่างจานเล็กและอื่น ๆ รวมทั้งหมด 1,169 เลยเข้าใจว่าจะได้ส่วนลดอีก 170-109=61 บาท แต่พนักงานแจ้งว่า ยอดที่เราทานไม่ถึง 1,000 คือคิดแบบนี้ค่ะ หักราคาเป็ดออกก่อน 1,169-170=999 ถ้าเราอยากได้ส่วนลดเป็ด เราต้องสั่งอย่างอื่นเพิ่มเพื่อให้ครบ 1,000 ซึ่งจริง ๆ น่าจะระบุประมาณว่า ทานครบ 1,000 บาทขึ้นไป (โดยที่ไม่รวมเป็ด) จะสามารถซื้อเป็ดย่างเอ็มเคจานเล็ก ในราคาพิเศษ 109 บาท (จากราคาปกติ 170 บาท) เข้าใจว่าเป็นการโฆษณา แต่ก็คิดว่าควรต้องมาพร้อมกับความชัดเจน เพื่อป้องกันการสับสนของลูกค้า และความสะดวกในการทำงานของพนักงานที่จะได้ไม่ต้องมาคอยอธิบายลูกค้า เพราะรายละเอียดในป้ายไม่ชัดเจนค่ะ",negative,wisesight_sentiment,neg,761,master,False,
3107,Johnnie Walker Black Label Centenary Edition เป็นรุ่นพิเศษเพื่อฉลองครบรอบ 100 ปี ในปี 2009 ของ Johnnie Walker Black Label ครับ,positive,wisesight_sentiment,pos,126,master,False,
3108,สนใจ Mazda 2 ครับ,positive,wisesight_sentiment,pos,17,master,False,
3109,แม่งไม่มีคำว่า สว. ซักกะแอะ,negative,wisesight_sentiment,neg,27,master,False,
3110,อีดอก ฟูลมูนครึ่งขวดคือหน้าร้อน ทีหลังเขินใครก็แกล้งทำมุกน้องดื่มแอลกอฮอล์มาค่ะ หน้ามีความระเรื่อค่ะะะะะะะ,negative,wisesight_sentiment,neg,106,master,False,
3111,เมื่อไหร่จะพัฒนา ยิ่งใช้ ยิ่งช้า โทรไปก้อเฉย ต้องให้ทำไง ต้องให้ย้ายค่ายใช่มั้ย,negative,wisesight_sentiment,neg,79,master,False,
3112,กินไรก็ได้ ขอเว้น เอ็มเคไว้อย่างละกัน ฮือ,negative,wisesight_sentiment,neg,41,master,False,
3113,เหตุผล ที่บุหรี่ไฟฟ้าผิดกฏหมาย เป็นเพราะ เรือดํานํ้า นาฬิกา !!! รัฐบาล อยากได้เงิน เลยขึ้นราคาบุหรี่ทุกยี้ห้อ ให้ราคาบุหรี่ของรัฐ เท่าราคาบุหรี่นอก ดีดราคาบุหรี่นอกให้สูงขึ้น เพื่อให้คนหันมาสูบบุหรี่ของรัฐแทน บุหรี่นอกก็ได้ภาษีเพิ่มขึ้นอยู่แล้ว ยังขายของตัวเองได้กําไรเยอะขึ้นอีก พอขึ้นราคาบุหรี่ทั้งหมด คนแม่ง หันไปสูบบุหรี่ไฟฟ้า พวกวัยรุ่น นักศึกษา ยิ่งร้ายไปใหญ่ ทําบุหรี่ไฟฟ้าสูบกันเอง อ่าวเวรกํา “ บุหรี่กูขายไม่ออก “ ลุงคนนึง ไม่ได้กล่าวไว้ ออกกฎหมายให้บุหรี่ไฟฟ้าผิดกฎหมายแม่งเลย กูใหญ่ ไม่สนเหตุผล กูจะออก ทําไม ใครจะทําไม เดี๋ยวทุ่มด้วยโพเดียมเลยนิ! เพื่อให้คนหันกลับมาสูบบุหรี่ทั่วไป ยังไงมันต้องลดเกรดลงมาสูบบุหรี่รัฐบาล เพราะบุหรี่นอกกูขึ้นราคาไปไกลแล้ว กูจะเอาเงินไปชื้อเรือดํานํ้า5555,negative,wisesight_sentiment,neg,698,master,False,
3114,น่าใช้นะ ถ้าไม่ใช่Camry ไม่เคยรู้สึกว่าToyotaน่าใช้เลย คันนี้รู้สึกBalanceทุกอย่างมาโอเค สีเขียวชอบมาก ถ้ามีตังคงลังเลCX3 2.0SPกับCHRเบนซินธรรมดาตัวTop เดี๋ยวจะไปนั่งที่Motor show,positive,wisesight_sentiment,pos,179,master,False,
3115,ต้นเหตุทั้งม่วนมิใช่อะไรอยากเก็บภาษีละสิมึง,negative,wisesight_sentiment,neg,43,master,False,
3116,จัดปาย เสาร์นี้🤤🤤,positive,wisesight_sentiment,pos,17,master,False,
3117,กิน ๆๆๆๆ 555,positive,wisesight_sentiment,pos,12,master,False,
3118,นึกถึงรถเธอเลย ดีนะที่ตอนนั้นเราเชื่อแม่ vios อ่ะ,positive,wisesight_sentiment,pos,49,master,False,
3119,วันนี้ไปกิน มั้ยคะ พี่เลี้ยง😆😆,positive,wisesight_sentiment,pos,30,master,False,
3120,หมอ ออกมาพูดก็แค่โดน คนที่ใหญ่กว่าหมอสั่งมา แต่หมอลืมจรรยาบรร ที่จะช่วยคนที่ป่วยแบบนี้ ไม่ดีนะสาสสสสสสสส......เหียยยยยยยยจริง,negative,wisesight_sentiment,neg,125,master,False,
3121,มากิน อุบล สิ ฟรี,positive,wisesight_sentiment,pos,17,master,False,
3122,Shirkers (2018 - Netflix ) ชอบมาก สารคดีเกี่ยวกับแซนดีและกลุ่มเพื่อนที่รวมตัวกันถ่ายทำหนังเรื่องนึงตอนอายุ 18-19 ปี ลงทุนลงแรงไปเยอะแล้วพบว่าฟิล์มทั้งหมดถูกหนึ่งในทีมงานขโมยไปและหายไปแบบลึกลับถึง 25 ปี,positive,wisesight_sentiment,pos,201,master,False,
3123,สิ่งที่ชวยเติมเต็มรสชาติความอร่อยในมื้ออาหารของฉันและเพื่อนคือความจริงใจที่เพื่อนมีให้กันและผลิตภัณฑ์คุณภาพที่มีชื่อว่า ช้าง แต่ที่ขาดไม่ได้คือ เบียร์ข้าง เย็นๆสักแก้ว แค่นี้ก็เป็นมือเย็นที่แสนวิเศษมากค่ะ...,positive,wisesight_sentiment,pos,207,master,False,
3124,พรรคสามัญชนคือนูกูมาก,negative,wisesight_sentiment,neg,21,master,False,
3125,พร้อมแตนบายแล้วเนี้ย #ป๋องดำ#,positive,wisesight_sentiment,pos,29,master,False,
3126,ทุนที่น่ากลัวที่สุดกูว่าสำนักงานทรัพย์สิน แม่งผูกขาดที่ดินเยอะสัส,negative,wisesight_sentiment,neg,65,master,False,
3127,ส่งไม่เห็นขึ้นเลยคะ ทาง inbox,negative,wisesight_sentiment,neg,29,master,False,
3128,เบื่องหลังคาบสั่งห้ามออกสื่อ,negative,wisesight_sentiment,neg,28,master,False,
3129,ไอ้รูปหมูดิบของบาบิก้อนที่เป็นประเด็นอยู่นี่ดูรูปกี่ทีก็ขนลุก จะพยาธิจริงไม่จริงก็ไม่อยากกินแล้วอะ,negative,wisesight_sentiment,neg,98,master,False,
3130,จริงๆเบียร์ช้างก็รสชาดดีกว่าลีโอแล้วนะ,negative,wisesight_sentiment,neg,38,master,False,
3131,เอ็มเคกัน นะนะนะนะนะนะนะ,positive,wisesight_sentiment,pos,24,master,False,
3132,กินมาแล้วค่ะก้ออร่อยค่ะบริการไม่ค่อยประทับใจค่ะเพราะพนักงานไม่ยิ้มค่ะสาขาโลตัสบางพลีค่ะ,negative,wisesight_sentiment,neg,87,master,False,
3133,เบียร์ช้างขายขวดละ 115 บาท คืออะไร,negative,wisesight_sentiment,neg,34,master,False,
3134,เดียวกูนั่งรถเมย์ไปเลย,positive,wisesight_sentiment,pos,22,master,False,
3135,ดีกว่าไปอย่างอื่นอยู่นะ,positive,wisesight_sentiment,pos,23,master,False,
3136,ทุกสาขาไหมคับ,positive,wisesight_sentiment,pos,13,master,False,
3137,แล้วแต่แพทเลย ขอติดรถไปด้วย,positive,wisesight_sentiment,pos,27,master,False,
3138,ลองไปแล้ว1ขวดนอนตายทั้งวัน. #ปวดหัวมาก,negative,wisesight_sentiment,neg,38,master,False,
3139,วันนี้เลย 5555,positive,wisesight_sentiment,pos,14,master,False,
3140,จะกล้ากินบาร์บิคิวพลาซ่ามั้ย ฮือออ,negative,wisesight_sentiment,neg,34,master,False,
3141,ไม่อาวแร้วเพิ่งกินกะอิโจลมาเอง,negative,wisesight_sentiment,neg,30,master,False,
3142,"คุณก็รู้ ""ที่นี่ประเทศไทย""!!",negative,wisesight_sentiment,neg,28,master,False,
3143,ร่าเริงท้าแดดเล่นน้ำแบบไม่กลัวแดด เพราะใช้บีโอเร ครีมกันแดดที่มี spf 50 ++++ ซึมเข้าสู่ผิวได้รวดเร็ว เนื้อครีมทาแล้วแห้งไวมาก ทำให้เล่นน้ำสงกรานต์ได้อย่างมั่นใจ เพราะ ทาครีมกันแดดหน้าไม่เป็นคราบ ไม่เหนียวเหนอะหนะ กันน้ำได้ดี สามารถป้องกัน UV จากแสงแดดได้ค่ะ ❤🎉❤ สวยมั่นใจตลอดทั้งวันด้วยบีโอเร #BioreUVEssnce #BioreFunInTheSunอ #SongkranFunFest #กันแดดกันแก่ที่ดีที่สุด #กันแดดอันดับ1จากญี่ปุ่น,positive,wisesight_sentiment,pos,393,master,False,
3144,ภาพสวยน่าทานมาก ๆ เลยค่ะ ^^,positive,wisesight_sentiment,pos,27,master,False,
3145,Honda Civic ห้าประตูสีแดงสดสวยมากเลยครับ น่าสนใจจริงๆ,positive,wisesight_sentiment,pos,53,master,False,
3146,อยากกินค่ะ มาเลี้ยงหน่อยวิศรุต สุขอร่าม,positive,wisesight_sentiment,pos,39,master,False,
3147,วันจันจัดไป,positive,wisesight_sentiment,pos,11,master,False,
3148,แรงงานไทย จริงๆ มีการดูถูกแรงงานเพื่อนบ้านเยอะและรุนแรงไม่เบานะ แค่แม่บ้านที่คอนโดใหม่นี้ เอะอะอะไรก็บอก ให้พวกพม่ามายก ให้พม่ามาทำ,negative,wisesight_sentiment,neg,131,master,False,
3149,จะพาไปกินหยอออ? :3,positive,wisesight_sentiment,pos,18,master,False,
3150,อยากกินอยู่วันนี้ต้องไปโดน,positive,wisesight_sentiment,pos,26,master,False,
3151,เดี๋ยวเจอ 285 ขนาดยังไม่แดกกูก็รู้สึกปวดหัวละ 55,negative,wisesight_sentiment,neg,48,master,False,
3152,เค้าก้อเอาไปสูบกันเิงน้ำละ ตำรวจ แม่ง ยื่น Vape หน้า สน หน้า สถานีตำรวจ ยังมีเลย ไม่จับคนของตัวเองก่อน แต่ไล่จับแต่ประชาชน ดีเนอะ บุหรี่สารพิษเยอะกว่า ถูกกฎหมายเพราะภาษี แดกกันเข้าไป กะลาแลน ปฎิรูป พวกมึงก่อนเหอะ,negative,wisesight_sentiment,neg,212,master,False,
3153,นิสสัน ตัวนี้ ทันสมัยจริงๆคะ รถครอบครัว ใครสนใจ จับจองได้กันเลยจร้า,positive,wisesight_sentiment,pos,67,master,False,
3154,✨อยากไปดู “ซึงฮยอบกับแจฮยอน NFlying ใน #BIFW2018 ค่ะ เพราะชอบซึงฮยอบกับแจฮยอนค่ะ 😳 น่ารักและหล่อกันมากๆเลย ดีใจมากที่จะได้เจอทั้ง2คนนี้ เป็นการมาไทยครั้งแรกด้วยอยากไปให้กำลังใจเขาเยอะๆค่ะ 💕💕💕 #SiamParagon #WorldClassExperience #shiseidothailand #singhalight #lorealprothailand #adidasoriginals -ปุญญาพร น้อมระวี,positive,wisesight_sentiment,pos,311,master,False,
3155,เมื่อเพื่อนฝากซื้อโฮกาเด้น ละกูอ่านป้ายไม่ดีเองอะ นึกว่าซื้อได้ตอนนี้ คือเค้าห้ามซื้อเวลานี้ ละพนง.บอกห้ามจำหน่ายแอ…,negative,wisesight_sentiment,neg,116,master,False,
3156,น่าไปลองอะ,positive,wisesight_sentiment,pos,10,master,False,
3157,สงสารพี่ฟลุคอะ กำลังจะถูกดำเนินคดี หมิ่นเจ้าพนักงาน คือถ้าเรารู้สึกว่าถูกเจ้าหน้าที่ใช้ความรุนแรงเกินกว่าเหตุในการจับกุม นี่เราพูดอะไรไม่ได้เลยเหรอ คือเอาจริง ไอ้บุหรี่ไฟฟ้านี่แม้กระทั่งควีนเองยังงง ทนายคนนึงบอกผิด อีกคนไม่ผิด มันเป็นความสับสนในสังคม แต่ที่แน่ๆ มันไม่ใช่คดีร้ายแรงถึงขนาดนั้น ไปๆมาๆ จากบุหรี่ไฟฟ้า ไปถึงนายกเลย ควีนว่าเกินไปมากๆๆๆๆ แน่นอน บ้านเราบุหรี่ไฟฟ้ายังผิดกฎหมาย แต่มันเป็นกฎหมายที่คนค่อนประเทศต่อต้าน บวกลบคูณหาร มันควรถูกกฎหมายนะ บอกเลยฝรั่งเค้าระอาไอ้กฎหมายบ้าๆนี่มาก และหลายคนเค้าเลือกที่จะไม่เดินทางมาเที่ยวไทย เพราะไม่สามารถพกบุหรี่ไฟฟ้ามาได้ค่ะ เดี๋ยวจะลองถามนางดูว่ามีทนายไหม ถ้ามีทนายท่านใดอยากช่วยฟลุคแจ้งได้นะ สงสารอะ,negative,wisesight_sentiment,neg,652,master,False,
3158,กุหิวแล้วว555555,positive,wisesight_sentiment,pos,16,master,False,
3159,Sivanna ก็อปหนักมาก ทั้งลิป ทั้งคุชชั่น แปรง รองพื้น บลาๆ,negative,wisesight_sentiment,neg,57,master,False,
3160,จีงงงๆๆๆ แบบ พูดเลยว่าถ้าทำได้จะกินทุกวันๆๆๆ เวลาซื้อก็คือต้องถ้วยใหญ่ๆๆ แต่คนรอบตัวก็ชอบบุลลี่มันบดคอซ. ฮรึก น้องอร่อยทิสุดดด,positive,wisesight_sentiment,pos,126,master,False,
3161,เขย่าอย่างเดียวที่บ้านได้ใช่ป่าว,positive,wisesight_sentiment,pos,32,master,False,
3162,กุต้องเก็บข้อมูลthe face shop ผ.เป็นพรีเซ็นเตอร์ กุจะเสียตังอีกแล้ว,negative,wisesight_sentiment,neg,67,master,False,
3163,อีโกคาร์ นิสสัน โน๊ต รุ่นนี้ราคาดี โปรนี้น่าสนอยากได้ ต้องไปทดลองขับ ผ่อนแค่ 4150.-,positive,wisesight_sentiment,pos,83,master,False,
3164,พุ่งปรี้ด‼️ #ค่าฝุ่น PM 2.5 #เชียงใหม่ แนะ‼️ ประชาชนใส่หน้ากากด้วย😷😷😷 https://www.chiangmainews.co.th/page/archives/914953,negative,wisesight_sentiment,neg,122,master,False,
3165,บาบีกอน คือ ทางออก,positive,wisesight_sentiment,pos,18,master,False,
3166,ขอบคุณค่าา 😊,positive,wisesight_sentiment,pos,12,master,False,
3167,มึงอะเลี้ยง,positive,wisesight_sentiment,pos,11,master,False,
3168,เบื่อคนมีคู่เด้เนาะยายจอย,negative,wisesight_sentiment,neg,25,master,False,
3169,แพ้ kiehl's แบบไม่น่าให้อภัย ปกติหน้านี่กระแดะมากเว่อชอบของแพง ใช้ของแพงนี่ไม่เคยเป็นไรจ้า อิเวนแพ้คีลส์ทุกตัวใช้ละ…,negative,wisesight_sentiment,neg,116,master,False,
3170,Fullmoon alcohol 5% กูก็คิดว่าคงไม่เมาหรอก ก็หวานดีหอมดีกินเรื่อยๆ รู้ตัวอีกทีแม่งกินไปห้าขวด โอ้วโหจั๊กง่าวววว,negative,wisesight_sentiment,neg,111,master,False,
3171,อยากกินเซ็ทนี้คะ,positive,wisesight_sentiment,pos,16,master,False,
3172,ดูแล้ว สุพรีมมี จัดไปปปปป,positive,wisesight_sentiment,pos,25,master,False,
3173,กุหิว ได้โปรด,positive,wisesight_sentiment,pos,13,master,False,
3174,อันดับ1ได้แก่ Nissan Note,positive,wisesight_sentiment,pos,25,master,False,
3175,ละหมูบาร์บีก้อนออกข่าวด้วยอ่ะ ไม่กล้ากินแร้ววววววแงงงง,negative,wisesight_sentiment,neg,54,master,False,
3176,ผมกินมอลลี่ครับ แดกสิงห์โง่ๆ ไพน์ละ 150 //ร้านซอยผมแม่งรีโนเวทไม่เสร็จสักที เซ็ง,negative,wisesight_sentiment,neg,80,master,False,
3177,มาสด้า 2 ดาวน์น้อย ผ่อนแพงแน่นอน,negative,wisesight_sentiment,neg,32,master,False,
3178,หมูจะสไลด์บางไปไหนอะก้อน ย่างทีติดกะทะยังกะเศษหมู ราคาไม่ใช่ถูกๆนะ ข้าวผัดกระเทียม จากที่เป็นตัวขึ้นชื่อ เดี๋ยวนี้หรอ จืดชืดไม่หอมไม่นัว ทำไมพรีเมี่ยมแต่ราคาคุณภาพหมูกะทะอะ,negative,wisesight_sentiment,neg,172,master,False,
3179,L'Oréal Paris แต่ทาได้สักพักประมาณ 2-3 นาที มันก็หายแสบอ่ะค่ะ หรือเป็นเพราะเรามีสิวค่ะ,positive,wisesight_sentiment,pos,86,master,False,
3180,ตอบ สินค้านี้ ลอรีเอะ ซุปเปอร์ เจนเทิลพลัส 25-30 ซม. 6-7ชิ้น ราคา 21 บาท,positive,wisesight_sentiment,pos,72,master,False,
3181,55555พั้นพร้อมเราพร้อม,positive,wisesight_sentiment,pos,22,master,False,
3182,แสงโสมกลม โซดา น้ำแข็ง เราสั่งเป็นแค่นี้อะแกร,positive,wisesight_sentiment,pos,45,master,False,
3183,พน.ไปฉลองวันเด็กกันนนน,positive,wisesight_sentiment,pos,22,master,False,
3184,บอกสัมว่าสุกแล้วกินได้,positive,wisesight_sentiment,pos,22,master,False,
3185,ไปกันเก้บตังก่อน555,positive,wisesight_sentiment,pos,19,master,False,
3186,👄👄อายไลน์เนอร์มิสทีนรุ่นนี้แน่นอน...แม่หญิงเบลล่าใช้ อายไลน์เนอร์ มิสทีน รุ่น super black fixed eyeliner. นะออเจ้า. ติดชัดทนนาน เส้นสวยคมกริบ อายไลน์เนอร์ดีๆ แบบนี้ สบายกระเป๋า มิสทีนเขาจัดให้จ้า ### 😘อยากสวย จัดเต็มเหมือนแม่หญิงเบลล่า ต้องอายไลน์เนอร์ มิสทีน รุ่น super black fixed eyeliner. นะออเจ้า.😘###,positive,wisesight_sentiment,pos,306,master,False,
3187,ตะเกียบแบบใหม่สวยจริงแต่คีบยากมาก ลื่นปื๊ดลื่นปื๊ด ตลอด ยิ่งคีบเส้นอุด้งด้วยนะอยากจะเฟี้ยงตะเกียบทิ้ง😭😭,negative,wisesight_sentiment,neg,103,master,False,
3188,อยากไปพรมแดงshow dcจริงๆนะ คือนี่มันเข้าช่วงเก็บใบเสร็จแล้ว แต่เวลางานยังไม่แจ้ง งงมาก,negative,wisesight_sentiment,neg,86,master,False,
3189,เพราะมันอร่อยใช่ม้าา ก้อนขอน้อมรับไว้พิจารณานะคร้าบ :),positive,wisesight_sentiment,pos,54,master,False,
3190,สาขาเซ็นปิ่น ที่เกิดเรื่องอะ,negative,wisesight_sentiment,neg,28,master,False,
3191,อะไหล่ แพง เกิน honda. ครับ,negative,wisesight_sentiment,neg,27,master,False,
3192,ศูนย์บริการเยอะเยอะนะ เหมือน ฮุนได จะได้จัดสักคัน ขอบคุณครับ,positive,wisesight_sentiment,pos,60,master,False,
3193,มาทาน MK สาขานี้ พนักงานน่ารักมากๆ พี่ผช.ที่ออกสาวๆหน่อย ใส่ใจลูกค้าทุกโต๊ะเลย,positive,wisesight_sentiment,pos,78,master,False,
3194,วันไหนจัดมา,positive,wisesight_sentiment,pos,11,master,False,
3195,อยากกินหลาว,positive,wisesight_sentiment,pos,11,master,False,
3196,เท่าที่ได้ฟังผ่านๆหูนะ นิโคติน มีผสมในเหล้าสี นำ้อัดลม ฯลฯ ลูกๆหลานๆตัวเล็กๆ แดรกทุกวันเคย คุณเมิงเคยรู้มั๊ย ห้ามให้หมดเปลือกเลยสิ,negative,wisesight_sentiment,neg,130,master,False,
3197,งอนบาบีก้อนถึง2020,negative,wisesight_sentiment,neg,18,master,False,
3198,พร้อมบอกด้วยนะคะว่า Hello Kitty บนห่อไหนน่ารักโดนใจคุณที่สุด และใส่ Hashtag #ลอรีเอะซูเปอร์อัลตร้าสลิมHelloKittyLimitedE ด้วยนะคะ :),positive,wisesight_sentiment,pos,132,master,False,
3199,เจ้าของเบียร์ช้างเบียร์สิงค์ไม่เหนออกมาบริจาคเลยยยย,negative,wisesight_sentiment,neg,51,master,False,
3200,เดือนนี้หมดกับ innisfree ไปสองพันละนะ ทำไมต้องวอแวอีก วอแวเก่งสุดกูเนี่ย,negative,wisesight_sentiment,neg,72,master,False,
3201,น่ากินแต่ดูปันหาเยอะ,negative,wisesight_sentiment,neg,20,master,False,
3202,อยากดื่มสิงห์บ้าง,positive,wisesight_sentiment,pos,17,master,False,
3203,😚😚😚 ลองอันนี้สิคะ ลอรีเอะ ซอฟท์แอนด์เซฟ เอ็กซ์ตร้าโพรเทคชั่น แอนตี้แบคทีเรีย แบบกลางคืนกังวล เครียด มีปัญหานอนไม่หลับช่วงวันนั้นของเดือน ลอรีเอะ ซอฟท์แอนด์เซฟ เอ็กซ์ตร้าโพเทคชั่น แอนตี้แบคทีเรีย แบบกลางคืน 1 แผ่นครบทุกความต้องการ ลดการสะสมของแบคทีเรีย สาเหตุของกลิ่นอับชื้นกวนใจ แถมด้วย ไซด์ บล็อก หยุดการซึมเปื้อนด้านหลัง สุดยอดไปเลย 💖 หลับสบายตลอดคืน ตื่นมาสดชื่น 😊😊😊😊😊,positive,wisesight_sentiment,pos,371,master,False,
3204,อิหอยย ลังโคมดรอปเว่อออ ตอนนี้หน้ามือกว่าคอไปหลายขุม,negative,wisesight_sentiment,neg,52,master,False,
3205,ขอให้ SHEENe มีกิจการรุ่งเรือง ขายดีๆ ยอดไลท์เพจเยอะๆ มีสินค้าคุณภาพออกมาให้ผู้บริโภคมากๆ ให้ SHEENeดูแลคนไทยไปตลอดไปครับ,positive,wisesight_sentiment,pos,121,master,False,
3206,น่าจะเพิ่มโต๊ะหน่อยนะ วันนี้ไป8คน ได้แยกโต๊ะนั่งเซงง,negative,wisesight_sentiment,neg,52,master,False,
3207,เออไม่กินก็ได้ เฉยจริงๆ,positive,wisesight_sentiment,pos,23,master,False,
3208,จัดแม่ะ 555555555,positive,wisesight_sentiment,pos,17,master,False,
3209,toyota toyota toyota เลิกใช้แล้วยี่ห้อนี้ ทำรถเอาเปรียบ,negative,wisesight_sentiment,neg,55,master,False,
3210,โอ้ยยยยยยยย ทำไมมาช้า,positive,wisesight_sentiment,pos,21,master,False,
3211,โฆษณาโซฟีนี่มาได้ไง กูดูคลิบหมาแค่10วิ ยังจะมีโฆษณาอีก รำคาญโว๊ยยยย,negative,wisesight_sentiment,neg,67,master,False,
3212,ออเจ้า รู้แล้วว่า เกลียด,negative,wisesight_sentiment,neg,24,master,False,
3213,ดีนะกูไม่ชอบบาบีก้อน รอด,negative,wisesight_sentiment,neg,24,master,False,
3214,นี่ก็ซื้อลิปสติก Tom Ford ตาม บตบก นะคะ ดูสีสวย+แพ็กเกจหรูมาก แต่พอใช้จริงแล้วคิดว่าแพงเกินเหตุ แพ็กเกจก๊องแก๊งไปห…,negative,wisesight_sentiment,neg,115,master,False,
3215,เฟรมงัย จะคัยละเห็นว่าอยากกินบาบีก้อนปะๆ,positive,wisesight_sentiment,pos,40,master,False,
3216,ทีมไหนกันบ้างงงงงงง #ว้าวกระจ่างใส😯 หรือ #Loveชุ่มชื่น💟แสดงตัวกันหน่อยสิ #missha #misshathailand #Dailyperfectbeauty #สวยสมบูรณ์แบบได้ทุกวัน,positive,wisesight_sentiment,pos,140,master,False,
3217,สามีอยากไปกิน,positive,wisesight_sentiment,pos,13,master,False,
3218,ขอบคุณพี่ๆน้าๆครับ,positive,wisesight_sentiment,pos,18,master,False,
3219,299 ได้ตั้ง 4 น้ำ,positive,wisesight_sentiment,pos,17,master,False,
3220,เดียวเราดูก่อนนะน่าจะดึก 👍🏻,positive,wisesight_sentiment,pos,27,master,False,
3221,ไปกินนนนน😋😋,positive,wisesight_sentiment,pos,11,master,False,
3222,Netflix จะออกเรื่องใหม่มาแล้วทิ้งไดนาสตี้กูไว้แบบนั้นไม่ได้นะ555,negative,wisesight_sentiment,neg,64,master,False,
3223,ชอบขวดสีทองอะ SPY gold Series คือนุ่มละมุน ฟินมาก กินได้เรื่อยๆ ไปๆมาๆสั่งยกลังมานั่งกินเลย ชอบตรงไม่แรงไม่ฉุนเกินไป หมักได้โอเคมากๆ10/10 ถ้าได้iphone x มาถือไปจิบไปมันจะหรูหราราคาแพงมากเลยนะแอด บ๊ะ แพร่บๆ แต่สินค้าเขาดีจริง กินกันรุ่นต่อรุ่น ลองแล้วจะติดจายยย 😀😀😀😀,positive,wisesight_sentiment,pos,265,master,False,
3224,"✅✅✅มาแล้วค๊าาาา อายแชโดว์ที่สาวๆไม่ควรพลาด!!!! . 💥💥💥Tarte buried treasure eyeshadow palette (Limited Edition) 💟💟อายเชโด้พาเลทใหม่จาก tarte สีสวยมากๆเลยค่า ❣️❣️เนื้ออายเชโด้เนียนนุ่ม ทำให้การเบลนสีง่ายขึ้น 10 สี มีทั้งเนื้อ matte และ microshimmer แต่งได้หลายลุคจ้าาา🌺🌺🌺 👉👉👉ราคาสุดพิเศษ 1,250-. ปกติ 1,790-.👉👉👉 #โต๊ะเครื่องแป้ง #tohkrengpang #tohkrengpangshop #shop #ขายดี #ของแท้100% #เคาน์เตอร์แบรนด์ #Tarte #Tarteburiedtreasure #eyeshadow #eyeshadowpalette #buriedtreasure #อายแชโดว์ #พาเลทอายแชโดว์",positive,wisesight_sentiment,pos,500,master,False,
3225,#อร่อยจริงเรื่องปิ้งย่าง #BARBQPLAZA,positive,wisesight_sentiment,pos,36,master,False,
3226,นอก จากเรื่องรถสั่นแล้ว ผมขอเน็นไปที่ความปลอดภัย ให้มากครับ ถ้ามันสั่นตอนแซง แล้วเกิดเหตุ Mazda จะรับผิดชอบยังไง ถ้ามีความ เสียหาย ถึงชีวิต,negative,wisesight_sentiment,neg,139,master,False,
3227,รัฐกลัวแพ้ คงไม่กล้าทำประชาวิจารน์,negative,wisesight_sentiment,neg,34,master,False,
3228,คนไทยบางกลุ่มจะประมานนั่นแหละ ซิตี้วิออส รถห้าหกแสน ซิวิคอัลติส รถเจ็ดแปดแสน คัมรี่แอคคอด รถล้านกว่า เบนซ์บีเอ็ม รถสองสามล้าน กระบะทุกรุ่น รถหกเจ็ดแสน ถ้ามีอันใหนแพงมากกว่าขอบเขตที่บันทึกในสมองแมร่งแพงทุกรุ่น,negative,wisesight_sentiment,neg,208,master,False,
3229,ใครก็ได้ สั่งไปไหว้ที ฮ่าๆ,positive,wisesight_sentiment,pos,26,master,False,
3230,น้องจากินนน,positive,wisesight_sentiment,pos,11,master,False,
3231,ถ้าบุหรี่ไฟฟ้าถูกกฎหมาย บุหรี่จริงคงเสียประโยชน์มากสินะ อุ้มกันไป จ่ายภาษีเยอะนี่,negative,wisesight_sentiment,neg,81,master,False,
3232,mazda 2 ดีเซล ที่มีปัญหาเครื่องสั่น mazda cx5 น้ำดัน เกิดจากอะไร ตามข่าวมาครับ,negative,wisesight_sentiment,neg,78,master,False,
3233,#Mazda3 #เช็ครถสตาร์ทไม่ติด,negative,wisesight_sentiment,neg,27,master,False,
3234,อยากไปเขาดินนนนนนน 555555555555555555555555555555555555555555555555555555555555555555555555555555555555555555555555555555555555555555,positive,wisesight_sentiment,pos,133,master,False,
3235,ผมยังไม่เข้าใจอยู่ดีคับอย่างกับพี่สูบตอนไลฟ์สดตำรวจสามารถออกหมายจับหรือตามมาจับเราที่บ้านได้ไหม,negative,wisesight_sentiment,neg,95,master,False,
3236,มิเตอร์เสีย 55555 เบียร์ช้างขวดละ 300,negative,wisesight_sentiment,neg,37,master,False,
3237,คิดว่าอยากดื่ม 100PIPERS,positive,wisesight_sentiment,pos,24,master,False,
3238,หือออ..อยากลอง น่ากินอ่ะ,positive,wisesight_sentiment,pos,24,master,False,
3239,หรือเข้าที่เพจนี้แหล่ะมีอยู่,positive,wisesight_sentiment,pos,28,master,False,
3240,พูดไปก็ประจานตัวเองในชีวิตคงไม่เคยได้สัมผัสรถหรูสินะถึงบอกว่า mg3 แพง หุหุ,negative,wisesight_sentiment,neg,74,master,False,
3241,เสียเต็มดีกว่า,negative,wisesight_sentiment,neg,14,master,False,
3242,จะคุ้มไนซ์ไหม5555,positive,wisesight_sentiment,pos,17,master,False,
3243,ตอนนี้แดกอะไรก็ไม่หวานเหมือนแดกแบล็คละอิเหี้ยย,negative,wisesight_sentiment,neg,46,master,False,
3244,แพ้โซฟีอ่ะพี่ แบบแม่ซื้อมาให้ ㅠㅠ,negative,wisesight_sentiment,neg,32,master,False,
3245,มันเจ็บใจ! ตรงที่กำลังจะหันมาตักใส่ถ้วย แล้วหมูก็หายไป T^T #HOTPOTBUFFET #DIYBUFFET #สนุกเต็มที่อร่อยเต็มอิ่ม,negative,wisesight_sentiment,neg,109,master,False,
3246,จัดอีกไหม?,positive,wisesight_sentiment,pos,10,master,False,
3247,พอๆ กันเเหละ แพงกว่านิดเดียว,negative,wisesight_sentiment,neg,28,master,False,
3248,toyota ผมแนะนำถ้าใครซื้ออย่าเอารถค้างสต็อคตามปากคนขาย viosผมเจอปัญหาแล้วแต่ camryยังสบายดี,positive,wisesight_sentiment,pos,90,master,False,
3249,เฮียเขาจะถอยดีแม็ค,positive,wisesight_sentiment,pos,18,master,False,
3250,เคยเห็นคดีเมื่อ 10 ปีก่อน สาวทุบรถ HONDA CRV ตัวเอง เพราะรถมีปัญหา ไปขอเปลี่ยน HONDA ก็ไม่ให้เปลี่ยน ไม่รุ้เรื่องจบยังงัย,negative,wisesight_sentiment,neg,121,master,False,
3251,กรี้ดดดดดดดดดด ซวยละ เห็นคนแคปบาร์บีกอนมาอะ พยาธิ ตรูจะกล้ากินอีกไหมอะ ตายๆๆๆๆๆๆๆ เพิ่งไปศุกร์ที่แล้วด้วยอะ จะเป็นไรไหม ช่างมันผ่านมาละ,negative,wisesight_sentiment,neg,135,master,False,
3252,Happy birthday 6ขวบครับ เมียบอกให้มาเล่น ถ้าไม่ได้เมียบอกไม่ต้องเข้าบ้านครับ 1.แป้ง 2.น้ำยาถูพื้น 3.แป้ง 4.แก้วน้ำ 5.ลิปสติกKMA #SAHA559 #SAHA999,positive,wisesight_sentiment,pos,145,master,False,
3253,สเมอร์นอฟแม่งไม่สุด กินขำๆยังพอทน แต่ยังไม่ชอบเท่าไหร่ หรืออิรสนี้มันไม่หร่อยวะ electric blueเนี้ย,negative,wisesight_sentiment,neg,98,master,False,
3254,ตอนนี้ก็มีแต่พวกเหี้ยๆ คนรวยๆ คนแก่ๆ เต็มเลย,negative,wisesight_sentiment,neg,44,master,False,
3255,ของเค้าดีจริงๆกินแล้วเพี้ยน,negative,wisesight_sentiment,neg,27,master,False,
3256,ถึงไหนแล้ววตัววตอบไลนเค้าหน่อยย,positive,wisesight_sentiment,pos,31,master,False,
3257,คนแถวนี้ชอบเลย,positive,wisesight_sentiment,pos,14,master,False,
3258,สงสารเด็กม.6 อย่างพวกหนูด้วยนะค่ะ มันท้อทุกๆครั้งที่ต้องเร่งอ่านหนังสือ มันกดดันทุกเวลา มันเครียดมากๆเลยนะค่ะ สอบไม่ใช่แค่2-3วิชานะค่ะ ทุกวันนี้อ่านก็แทบจะไม่ทันข้อสอบก็ใช่ว่าจะง่ายดาย สอบปลายภาคของรร.เสร็จได้พักวันเดียวก็ต้องวิ่งสอบGAT/PAT แค่คิดก็เหนื่อยแล้วค่ะ #ทวงคืนวันสอบ,negative,wisesight_sentiment,neg,277,master,False,
3259,ไลค์+แชร์เเล้วจ้ะ อิอิ,positive,wisesight_sentiment,pos,22,master,False,
3260,ราคาอิงจากบริษัทโดยตรง เบียร์ช้างเฉลี่ยขวดละ 118 บาท เบียร์ลีโอเฉลี่ยขวดละ 111 บาท #แพงชิบหาย 😭😭😭😭😭 ต้มเหล้ากินเองละกาน,negative,wisesight_sentiment,neg,119,master,False,
3261,เซ็ทนี้เด็กๆชอบมาก,positive,wisesight_sentiment,pos,18,master,False,
3262,เดี๋ยวซื้อเอ็มเคไปฝากเผื่อเบื่อข้าวผัด,negative,wisesight_sentiment,neg,38,master,False,
3263,นิสสัน นาวารา สวยทนทาน มาก มาพร้อมโปรโมชั่นพิเศษน่าสนใจมาก,positive,wisesight_sentiment,pos,58,master,False,
3264,มาม่าดีกว่าไหมครับ 😂😂,negative,wisesight_sentiment,neg,21,master,False,
3265,ฮอนด้า แอคคอร์ดตราท้ายแบกกุ้ง,negative,wisesight_sentiment,neg,29,master,False,
3266,ไม่จำกัดช่วงเวลา แต่ทำไมพอไปถึงเกือบ 18:00 พนักงานบอกว่าหมดเวลาโปรของ299แล้ว จะเป็นราคาปกติ 399,negative,wisesight_sentiment,neg,95,master,False,
3267,อยากให้ผ้าอนามัยยี่ห้อดังนะทำแถบกาวที่ติดกางเกงในให้ดีหน่อยไม่ห่อลีบเข้าหากันโดยเฉพาะคนอ้วนนะลำบากมากแต่เวลาติดส่วนอื่นแหมได้ใจเกินร้อยปรับปรุงหน่อยค่ะเห็นใจสาวอ้วนหน่อยขอบคุณล่วงหน้า,negative,wisesight_sentiment,neg,183,master,False,
3268,น้ำตบ เซรั่ม โอเลย์ แล้วก็กันแดดค่ะ เว้นระยะเวลาการทาแต่ละตัวด้วยทำหมดแล้วไม่ผ่องแถมเทา,negative,wisesight_sentiment,neg,87,master,False,
3269,จำกัดอายุผู้ใช้ก็ได้นิครับ,negative,wisesight_sentiment,neg,26,master,False,
3270,ว้าววววววว ภาพสวย ^^,positive,wisesight_sentiment,pos,20,master,False,
3271,BEWBD25 ลด20% ขอ innisfree สักขวดได้มั้ยยยยยย ข้าเขย่าแอพลาซาด้า จนปวดแขนล้าวววว ไม่ได้ส่วนลด เพราะแอพไม่ได้อัพเดท,positive,wisesight_sentiment,pos,114,master,False,
3272,คันเป็นคือป๋องดำกู โบกมือ กูหย้าา,negative,wisesight_sentiment,neg,33,master,False,
3273,ไปด่วนนนนนนนน55555,positive,wisesight_sentiment,pos,18,master,False,
3274,จับบุหรี่ไฟฟ้า ยึดรถ????,negative,wisesight_sentiment,neg,24,master,False,
3275,อยากกินบาบีก้อนนนนน,positive,wisesight_sentiment,pos,19,master,False,
3276,อิshowdcมันประกาศอย่างเป็นทางการวันนี้ ละผู้จะมา11เมษา ปุบปับไป,negative,wisesight_sentiment,neg,63,master,False,
3277,55555 ไอเลิฟไทยแลนด์. ถถถถุยยย,negative,wisesight_sentiment,neg,30,master,False,
3278,แกๆ ปิ้งย่างนะๆๆ หอมดี,positive,wisesight_sentiment,pos,22,master,False,
3279,ผลจากการใช้ line taxi 2 วันนี้ ทำให้รู้สึกดีกับ taxi เยอะเลย เมื่อวานคุณลุงคนนึง เพิ่งสมัครกับทาง line เพราะลูกสาวสอนใช้ เค้าบอกว่า ถ้าเราไม่ปรับตัวเราก็แย่เอง เราต้องเปิดใจที่จะเรียนรู้ มันไม่ได้ยากขนาดนั้น ส่วนวันนี้ได้รถใหม่มาก มีสติ๊กเกอล์ไลน์ตัวใหญ่เป้งติดข้างรถ บริการโคดดี,positive,wisesight_sentiment,pos,279,master,False,
3280,กะบะมาสด้าออกแบบไมสวยไม่ว่ารุ่นไหนไม่ค่อยโดนถ้าเทียบกับยี่ห้ออื่นส่วนรถเก๋งสวยยุ..,negative,wisesight_sentiment,neg,82,master,False,
3281,อ้วนไม่เอาแล้วบาบีก้อนกินอโศกเด้,positive,wisesight_sentiment,pos,32,master,False,
3282,แพงจริง ๆ ครับ เจ็ดร้อยที่เขาว่า ได้กุ้งแชบ๊วย 3 ตัว หมึก 2 ตัว และหอยข่างสักประมาณสิบกว่าตัว เบียร์ช้างขวดตั้ง 120 น้ำแข็งถังละร้อย ข้าวเปล่าโถละร้อย เอาแค่นี้นะครับ มิชลินเจ๊ไฝยังไม่กล้าขายราคานี้เลยครับ,negative,wisesight_sentiment,neg,205,master,False,
3283,Red + smirnoff เป็นมิกเซอร์ กูยืนยันด้วยภาพกูบนรถเข็นวันสงกรานต์เลยอีดอก วาร์ปแบบว่าเหมือนถูกดึงปลั๊ก,negative,wisesight_sentiment,neg,101,master,False,
3284,ค่ะมีป้ายติดหน้าร้านค่ะ แล้วก็ไปกินในช่วง จัน-ศุก ด้วยค่ะ,negative,wisesight_sentiment,neg,57,master,False,
3285,นิสสันจะเปลี่ยนโฉมทุก 100ปี ถถถ,negative,wisesight_sentiment,neg,31,master,False,
3286,เด่วค่อยไป ไม่เกินทุ่มเจอกัน,positive,wisesight_sentiment,pos,28,master,False,
3287,พาไปกินหน่อยๆ,positive,wisesight_sentiment,pos,13,master,False,
3288,ส่วนตัว ช้างรสชาติใหม่ ผมเลิกแฮงค์แหะ อันเก่านี่กินสองขวดปวดหัวเลย,negative,wisesight_sentiment,neg,66,master,False,
3289,#LGBT ผมเป็นชายแท้ และสนับสนุน พรบ.คู่ชีวิตครับ เราควรเคารพซึ่งกันและกัน,positive,wisesight_sentiment,pos,72,master,False,
3290,4คนพอดีรุยยย ฟ้าต้องส่งพวกเราให้มากินอันนี้แน่ๆ 5555555555,positive,wisesight_sentiment,pos,58,master,False,
3291,กลับเหมือนกัน😭,negative,wisesight_sentiment,neg,14,master,False,
3292,ตอนต้นเดือนแวะเข้าไปเดินสาขาเปิดใหม่ เราอยากไปดูสินค้ายี่ห้อฮาดะลาโบะ เพราะอยากลองเปลี่ยนสูตรใหม่ พนักงานมาถึงก็แนะนำเลยจ้า สีขาวสำหรับเพิ่มความชุ่มชื้น(ถูกค่ะ) สีฟ้าช่วยลดเลือนริ้วรอย เสริมโครงสร้างผิว(เอ๊ะ!) สีทองช่วยเพิ่มความกระจ่างใส(เดี๋ยวๆๆ) ส่วนสีแดงสูตรใหม่เพิ่มสารไฮยารูลอนิค 5 ชนิด โทษนะคะ ที่น้องพูดมา มันสลับกันหมดเลยค่า ฮ่าๆๆ จะบอกว่าเราศึกษาข้อมูลมาหมดแล้วก่อนจะเลือกซื้อ จะสอนพนักงานกลับก็เกรงใจ ฮ่าๆๆๆ,positive,wisesight_sentiment,pos,417,master,False,
3293,ปะกินฮอทพอท555,positive,wisesight_sentiment,pos,14,master,False,
3294,ผมลงชื่อนานละ เอาใจช่วยครับ,positive,wisesight_sentiment,pos,27,master,False,
3295,ทำไมเรื่องนี้กลายเป็นยุนฮยองผิดอ่ะ ผิดหรอที่เขาไม่ชอบฝ่ายญ. ก่อนหน้านี้ที่ไปเจอกันก็คือเขาให้โอกาสทั้งกับตัวเอง ทั้งกับเกิร์ลกรุ๊ปคนนั้นแล้วมั้ย ที่บอกว่าคนของนี่ไม่ชัดเจนคืออะไรวะ งง ชัดเจนของเธอคือคบกันให้เป็นเรื่องเป็นราวหรอ ก็คนของชั้นไม่ได้รู้สึกอะไรเทือกๆนั้นอ่ะ จะคบทำไม,negative,wisesight_sentiment,neg,277,master,False,
3296,เวงเง้ย ไม่อยากขึ้นแท็กซี่,negative,wisesight_sentiment,neg,26,master,False,
3297,ลดราคา เเต่คุณภาพของอาหารก็ลดน้อยลงไปด้วย???,negative,wisesight_sentiment,neg,44,master,False,
3298,ให้โลกรู้ไว้แท็กซี่ สีเหลือง ที่ไม่ปฏิเสธลูกค้า และไม่+เพิ่มค่าโดยสาร ยังมีอยู่บนโลกใบนี้ #แท็กซี่,positive,wisesight_sentiment,pos,98,master,False,
3299,แม้วันที่แดดมันเเรงส์ที่สุด เราก็ไม่อยากให้ความสวยต้องสะดุดหรอกชิมิ !!! ก็เลยมาบอกต่อสิ่งดีๆ กันแดดหน้าเด็ก KA UV Protection BabyFac นี่ไงใช่เลย ทาแล้วกันทั้งแดด กินทั้งเด็ก!! เย้ยยย ! ม่ายช่ายยย กันแดด และหน้าเด็ก ด้วยนะเอออ เพราะด้วยความเบาบาง เนียน ใส ได้ฟิวที่สบายๆ ไม่หนักหน้า แต่สามารถเพิ่มความเนียน เด้ง ได้ เลยดูเด็กลง ใสๆ ไม่มีใครกล้าทักว่าป้าแล้วนาจาาา ไม่อุดตัน ไม่มีแอลกอฮอล์ ใครกลัวแพ้ รับรองว่า ไม่แพ้เเน่นวล ใช้ดีในราคาแค่ซองละ 29 บาท แพคเกจดีงาม ใช้ง่าย พกสะดวก ใช้คุ้มมาก รีบๆ เลย ถ้าไม่อยากดูแก่เพราะแพ้ให้แดดดดดด #KAx7Eleven #KAUVBabyFace,positive,wisesight_sentiment,pos,557,master,False,
3300,แมงสาปปป ไม่มีกุ้งว แย่ๆๆ,negative,wisesight_sentiment,neg,25,master,False,
3301,นายมันไม่บุฟเฟ่จะแดกพอหรอม,negative,wisesight_sentiment,neg,26,master,False,
3302,รีบไปเรื่องเสียภาษีไม่ต้องสิตกกังวลว่าจะไปไม่ทันไม่ต้องโบกให้เมื่อยมือ ปวดหัวใจเรียกแล้วไม่ไป ใช้ Grabแอฟดี ได้รถไวด้วย ใช้ JustGrab เลย Chivas Regal #รีบไปใช้JustGrab,negative,wisesight_sentiment,neg,167,master,False,
3303,ไหนบอกจะเลิก,negative,wisesight_sentiment,neg,12,master,False,
3304,เคยแจ้งไปกะ CC ของ Viu ว่าขอให้ ios ใช้ chromcast ได้ด้วย เพราะไม่มีเงินซื้อ Apple tv ค่า ตอนนี้ก็เลยไม่ค่อยได้ดู Viu เท่าไหร่ละ ดูในโทรสับไม่สะดวก,negative,wisesight_sentiment,neg,147,master,False,
3305,ครับป๋า ต้องการแค่นี้จริงๆ ขอให้ยอมเปิดเหอะ,positive,wisesight_sentiment,pos,43,master,False,
3306,ShowDC งานดี เราเคยยย👍👍👍,positive,wisesight_sentiment,pos,24,master,False,
3307,ไปเลยกำลังว่าง,positive,wisesight_sentiment,pos,14,master,False,
3308,ทั้งวนว ทั้งนปซ จะเป็นพซตของอินนิสฟรีแบบนี้ไม่ได้นะ... ถึงจะแยกฝั่งเกากับจีนก็เถอะ แล้วคนไทยอย่างข้าจะทำเยี่ยงไร😂😂😂,negative,wisesight_sentiment,neg,115,master,False,
3309,กำแพงไม่มีแล้ว,negative,wisesight_sentiment,neg,14,master,False,
3310,285 เคยกินใหม่ๆตอน180 ตอนนี้ขึ้นไป260-280 คุณภาพและปริมาณก้เหมือนเดิม ภาษีเก็บไว้ตั้งเยอะ เอาไปทำอะไรหรา เรืองมหอยก้ซื้อมาแล้ว ขาดอะไรอีกรึ,negative,wisesight_sentiment,neg,139,master,False,
3311,ชาชีสของเอ็มเคก็ไม่รอดเหมือนกัน ชีวปลอมมาก55555ดีหน่อยที่ชาเย็นไม่หวาน ร้านที่สยามดิสนี่อร่อยสุด สมราคาแล้วเมื่อเทียบกับของก๊อบ 😅,negative,wisesight_sentiment,neg,129,master,False,
3312,ไปซื้อ nyx ช่วงนี้เซลล์,positive,wisesight_sentiment,pos,23,master,False,
3313,แล้วแต่ชอบครับ สำหรับผมรีโว่สู้ไม่ได้555,positive,wisesight_sentiment,pos,40,master,False,
3314,ชีสสสสมันน้อยไปไหมอ่า,negative,wisesight_sentiment,neg,21,master,False,
3315,กำลังงงว่า Yaris Hatchback สีเขียว มันไม่มีของขนาดนี้เลยหรอ ของขาดเว่อ,negative,wisesight_sentiment,neg,70,master,False,
3316,กิน ไฮเนเก้น เลยกุ 😂,positive,wisesight_sentiment,pos,20,master,False,
3317,น่าแดก อย่าไข่หวาน55555,positive,wisesight_sentiment,pos,23,master,False,
3318,ข้าวผัดแฉะมากค่ะ ยังไม่โดน,negative,wisesight_sentiment,neg,26,master,False,
3319,ไปกินกันเถอะ โกกกก,positive,wisesight_sentiment,pos,18,master,False,
3320,ไปๆอยากกิน,positive,wisesight_sentiment,pos,10,master,False,
3321,ไปก่อนดีกว่า ไปพร้อมลูก โดนป่วนแน่ มารอบหน้าสั่งมากินบ้านดีกว่า พ่อกับแม่ได้กินด้วย🤤😋❤️👍🏼,positive,wisesight_sentiment,pos,89,master,False,
3322,แพงงงง ได้น้อย,negative,wisesight_sentiment,neg,14,master,False,
3323,พน.ไงอ้วนนน,positive,wisesight_sentiment,pos,11,master,False,
3324,น่าจับ Revo เอามาทำแข่งกับ rapter บ้าง หน้าตามันก็โหดพอได้,positive,wisesight_sentiment,pos,58,master,False,
3325,ช่วยๆกันแชร์,positive,wisesight_sentiment,pos,12,master,False,
3326,ผิดหวัง กั๊กของสามทุ่มก็ไม่เอาออกและ,negative,wisesight_sentiment,neg,36,master,False,
3327,เค้ายุเซนนิ55,positive,wisesight_sentiment,pos,13,master,False,
3328,เป็นเนื้อที่บางที่สุดและมันที่สุด เท่าที่เรากินมาเลย บางทีก็บางเกินไปนะ #บาร์บิก้อน #BBQPlaza,negative,wisesight_sentiment,neg,93,master,False,
3329,ดีนะกินข้าวเสดแล้วถึงเหนรูปบาบีคิวพลาซ่า อห จะอ้วก ขนลุกทั้งตัว,negative,wisesight_sentiment,neg,63,master,False,
3330,กันแดดหน้า mizumi ไม่มีสารเคมี สูตรกันน้ำ แพง 890 แหนะ ต้องรอตอนมีโปร แต่ดีนะ ทาแล้วไม่วอก กันแดดดี คนผิวแพ้ง่ายใช้…,negative,wisesight_sentiment,neg,116,master,False,
3331,อยากกินจังเลยเมียจ๋า,positive,wisesight_sentiment,pos,20,master,False,
3332,ค่ายนี้ มีอะไรให้หลงไหลมาก แต่ทำไม๊ ทำไม ตัวรถในเมืองไทย. ออกแบบมาแต่ละรุ่นสู้ค่ายอื่นไม่ได้เลย หลังยุค 90 รถที่ขายในไทย ไม่น่าใช้เลย ต่างจากค่ายยอดนิยมอย่าง H T แม้กระทั่ง มาสด้า แอสติน่า โครโนส รูปทรงไม่ล้าสมัยเลย นิสสัน b13 14 sunny neo มันดูจืดๆอ่ะ,negative,wisesight_sentiment,neg,252,master,False,
3333,Mamondeหลุดง่าย เป็นคราบด้วย พี่ซื้อราคาเต็มมายังเสียดายอยู่เลย,negative,wisesight_sentiment,neg,63,master,False,
3334,หาเช่าชุดแพงกว่าค่าแดกไปอีก,negative,wisesight_sentiment,neg,27,master,False,
3335,อยากกินสิงห์ง่ะะะ,positive,wisesight_sentiment,pos,17,master,False,
3336,สู้ซีวิคก็ไม่ได้ กระแทกนิดหน่อย แตกทั้งซ้ายขวา จ่ายไปดิค่าถุงลม555มึนถุงลมกระแทกความจำเสื่อมยุครึ่งชั่วโมง55แต่ก็ยังทำงานแหละวะ,negative,wisesight_sentiment,neg,127,master,False,
3337,Fortunener ตัวแสบ เจอทีตาพร่ามัวถ้าชนจะไปฟ้องใคร โตโยต้าจะรับผิดชอบหรือ,negative,wisesight_sentiment,neg,71,master,False,
3338,มีโปรไรบ้างคับวันนี้,positive,wisesight_sentiment,pos,20,master,False,
3339,ผมขอให้สำเร็จนะคับ,positive,wisesight_sentiment,pos,18,master,False,
3340,บุหรี่ไฟฟ้านะโว้ยไม่ใช่ยาบ้าไอ้สัส,negative,wisesight_sentiment,neg,34,master,False,
3341,วันที่1มั้ย,positive,wisesight_sentiment,pos,11,master,False,
3342,ท้องจะแตกกกก,positive,wisesight_sentiment,pos,12,master,False,
3343,🥤 #ตุ๊กตาชานมไข่มุก #น่ารักน่ากินงั่มมม เรามาถึงจุดที่มีตุ๊กตาชานมไข่มุกกันแล้ววว นุ่มนิ่มน่ากอด น่ากินด้วยอะงื้อ แก้วเล็ก 285.- เป็นพวงกุญแจได้ด้วย แก้วใหญ่ 495.- งุ้ยรักน้องงง~ 📆 วันนี้เป็นต้นไป📍 โซนของเล่น @สยามพารากอน #ปันโปร #ชานมไข่มุก #ของมันต้องมี #แท็กเพื่อนมาดู,positive,wisesight_sentiment,pos,271,master,False,
3344,นิสสันกระบะแกร่งจริงๆ ลุยได้ทุสถานะการณ์,positive,wisesight_sentiment,pos,40,master,False,
3345,เออ ทำไมผ้าอนามัยเมืองนอกใหญ่จังของไทยตอนคลอดใช้โกเต็กแบบห่วงตลกมากได้มาใหม่ๆใส่ไม่เป็น,negative,wisesight_sentiment,neg,87,master,False,
3346,ของที่ไม่ใช่ของต้องห้ามไม่ผิดครับ ถ้าเสื้อผ้าไม่เสียภาษีคุณซื้อเค้ามาจะมาจับคุณไม่ได้ต้องจับคนที่น้ำเข้ามาโดยเลี่ยงภาษีเข้าใจใหม่ ปีะชดอะไรไร้สาระ,negative,wisesight_sentiment,neg,146,master,False,
3347,งั้นๆแหละค่ะ,negative,wisesight_sentiment,neg,12,master,False,
3348,ผมรู้สึกว่าคุณไม่น่าไปเสือกว่าคนอื่นที่เขาซื้อซีวิคไงครับ เสือกมาเสือกกลับหายกันนะ,negative,wisesight_sentiment,neg,82,master,False,
3349,มันจะไม่สวยล่ะมั้ง,positive,wisesight_sentiment,pos,18,master,False,
3350,ให้มันทั่วถึงหน่อยครับ ผมอยู่ศรีสะเกษ ไม่เคยเห็นร่วมกับเขาสักที,negative,wisesight_sentiment,neg,63,master,False,
3351,ผิดตรงขึ้นภาษีไม่ได้ ไม่ได้ตัง,negative,wisesight_sentiment,neg,30,master,False,
3352,หลังจากที่เราดูหนัง netflix original มาสักพัก เราคิดตรงกันกับเพื่อนว่า หนังมันแบบเปิดมาน่าสนใจมาก แต่จะตายตอนจบตลอด ที่ดูๆ มานี่ไม่มีเรื่องไหนจบได้ประทับใจเราสักเรื่อง จบแบบ 5 บาท 10 บาท เดาได้หมดเลย เพื่อนถึงกับให้คำนิยามว่าจบแบบ netfilx อะจะเอาอะไรมาก,negative,wisesight_sentiment,neg,253,master,False,
3353,นิสสัน นาวารา สวย แกร่ง ดีจริงๆครับ ปิคอัพอัฉริยะพลังแรง ชอบมาก,positive,wisesight_sentiment,pos,63,master,False,
3354,โอ้ว.....💜💜,positive,wisesight_sentiment,pos,11,master,False,
3355,มาทานที่สาขานี้ตามภาพ สั่งตั้งแต่ 12.10 น. ได้รับของที่สั่งทั้งหมด 13.00 น. ใช้เวลานานมากกกกกกว่าจะได้ของ คือ สั่งหมี่หยกต้มยำไ่ข่ยางมะตูม 5 ชาม เราคิดว่ามันนานไปนะคะ ไม่น่าชื่อชุด Happy Lunch เลย เพราะเรากับเพื่อนไม่ Happy เลยยยย,negative,wisesight_sentiment,neg,230,master,False,
3356,รองพื้นที่ ติดทน ปกปิด ราคากลางๆ พอๆกับ Revlon มีตัวไหนมั้ยคะ,positive,wisesight_sentiment,pos,61,master,False,
3357,กินเบียร์ช้าง3ขวดเมา ตื่นมาปวดหัวชิบ เลยหันมากินไฮเนเก้น 1 ลัง ยังไม่เมา แต่อร่อยอิอิ,positive,wisesight_sentiment,pos,85,master,False,
3358,ไม่ได้แล้ววจะไม่เก่งกับเหล้าถัง แอนด์สเมอร์นอฟแล้ว เข็ดสัส,negative,wisesight_sentiment,neg,58,master,False,
3359,ช่วงนี้จะกร๊อบๆกรอบๆ,positive,wisesight_sentiment,pos,20,master,False,
3360,สู้ต่อไปครับนาวาร่า,positive,wisesight_sentiment,pos,19,master,False,
3361,ห่า ใส่ชุดไท ประสาท,negative,wisesight_sentiment,neg,19,master,False,
3362,แถวบ้านเราไม่ได้นะ ออเจ้า😬,negative,wisesight_sentiment,neg,26,master,False,
3363,อากาศแบบนี้ต้องนั่งจิบเบียร์ เเล้วเปิดเพลงเบาๆ,positive,wisesight_sentiment,pos,46,master,False,
3364,กินแล้ว รสชาติแย่กว่าป๋องดำอีก แต่แรงจิง วูบวาบสุดๆ,positive,wisesight_sentiment,pos,51,master,False,
3365,หิวเป็ดย่าง ชวลิต ชูชัย,positive,wisesight_sentiment,pos,23,master,False,
3366,กินเอ็มเคทีไรหนาวทุกทีเลยอะ ฮรืออออออ สั่นหมดแล้ววว แอร์มันเย็นง่ะะะะ,negative,wisesight_sentiment,neg,69,master,False,
3367,จ่ายตรงเพิ่มเน็ต ทำสัญญาณเน็ตไม่ให้หายก่อนดีมั้ยครับ เนี่ยต้องเชื่อมฮอทสปอร์ทจาก ais ถึงเล่นได้ มันยังไงครับ,negative,wisesight_sentiment,neg,108,master,False,
3368,แต่ผมชอบกินช้างนะ เพราะลีโอมันออกเปรี้ยวๆ,negative,wisesight_sentiment,neg,41,master,False,
3369,น่าหงุดหงิดมาก #แสนสิริ จะซักผ้าเครื่องเสือกมีปัญหา #แสนสิริ ควรจะนโยบายลงโทษผู้เช่า บอกเลย.,negative,wisesight_sentiment,neg,92,master,False,
3370,เห็นรีวิวโรลออนอีฟโรเช่อแล้วนึกถึงสมัยกุใช้ออเรนทอล แม่งหอมเหี้ยๆอะ แบบหอมทั้งวัน ชอบมาก แต่แม่ง่ติดตรงมันเหนอะ รัก…,negative,wisesight_sentiment,neg,116,master,False,
3371,วันนี้แม่ไปซื้อเบียร์ลีโอที่เป็นแพ็ค3ขวดมา กลับมาถึงบ้าน มีขวดนึงก้นขวดหายไปไม่มี น้ำสักหยดเลยค่ะ,negative,wisesight_sentiment,neg,97,master,False,
3372,จิง กรุบอกพนักงานก็มึนใส่ ตอนนี้ไม่แดกละ หมูทะดีกว่าเยอะ,negative,wisesight_sentiment,neg,56,master,False,
3373,พนักงานหน้าบึ้ง ไม่ยิ้มเลย,negative,wisesight_sentiment,neg,26,master,False,
3374,dmax บะเคยซ่อมเลยเน่อ,positive,wisesight_sentiment,pos,21,master,False,
3375,ฮอนด้า ซิตี้ 2012 กดได้ ร้อยแปดร้อยเก้า ชิวๆมากครับ พอขึ้นร้อยสิบก็ต้องระวังละ เดี่ยวความเร็วเกิน,negative,wisesight_sentiment,neg,97,master,False,
3376,อร่อยมากจิงๆๆต้องลอง,positive,wisesight_sentiment,pos,20,master,False,
3377,ไปกินมา เห็นป้ายตรงซูชิบอกวาซาบิจะเผ็ดกว่าเดิม แต่เอามากินจริงๆก้อไม่เผ็ดนะเหมือนเผ็ดน้อยลง แต่ซอสนี่เค็มมากกก ทั้งๆที่จิ้มนิดเดียว,negative,wisesight_sentiment,neg,131,master,False,
3378,ร่วมลงชื่อด้วยครับ ยังไงบ้างครับ,positive,wisesight_sentiment,pos,32,master,False,
3379,ถ้ารุ่นเตี้ยเปลี่ยนกระจังหน้าเหมือนรุ่นยกสูงน่ะ คงได้มี รีโว่รุ่นแชมป์อีกแน่ ไม่รู้จะกั๊กทำไม,negative,wisesight_sentiment,neg,93,master,False,
3380,tarte tarteist lip paint #fomo 1ml ลิปจิ้มจุ่มแมทต์ พิกเมนต์แน่น ติดทนนาน แต่ยังคงความฉ่ำ ให้สีสวย เม็ดสีชัดสีติดทนนาน ทาง่ายไม่แห้งเกินไป มาแบบเต็มแม็กซ์ 190 บาท line: theunlimit #tarte#tartelippaint#tartethailand#katvondthailand#colourpopthailand#illamasquathailand#narsthailand#nyxthailand#sephorathailand#tartethailand#urbandecaythailand#toofacedthailand#benefitthailand#freshthailand#girlacktic#nyxthailand#jordanathailand#lagirlthailand#wetnwildthailand#the_unlimit_tarte,negative,wisesight_sentiment,neg,477,master,False,
3381,แดดประเทศคือแบบโดนนิดเดียวสีผิวกลายเป็นทูโทนเลย โดนมากๆหน้าเป็นฝ้า หน้าไหม้หน้าคล้ำ หมดสวยเราจึงต้องหากันแดดที่ดี เหตุผลที่อยากได้kiehl's Daily UV Defense เพราะมีสารกรองรังสียูวีเอ ยูวีบีและเทคโนโลยีต้านมลภาวะ ป้องกันความร่วงโรยก่อนวัย ร่วมถึงจุดด่างดำ และความหมองคล้ำ และยังซึบซับไว ไม่ทิ้งคราบ ไม่ให้ลองได้ไงแบบนี้ 😍😍,positive,wisesight_sentiment,pos,319,master,False,
3382,อยากกิน285จัง👈👈👈👈,positive,wisesight_sentiment,pos,17,master,False,
3383,โฮกาเด้น โรซี่อร่อยสุด,positive,wisesight_sentiment,pos,22,master,False,
3384,อดเลยเห็นมั้ยยย มัวแต่งอแง 😝,negative,wisesight_sentiment,neg,28,master,False,
3385,สาบานว่าเอ็มเคไม่ใส่ผงชูรส กินน้ำไปสองขวดแล้วว,negative,wisesight_sentiment,neg,46,master,False,
3386,ต่อให้หน้าชนกัน Honda ก็ไม่เหลืออยุ่ดี,negative,wisesight_sentiment,neg,38,master,False,
3387,เอามาทำได้หมดทุกยี่ฮ้อแหละครับมีทั้งครัมมรี่ นิสสัน ฮอนด้าซีวิคเนี่ยผมเห็นตั้งแต่มีรุ่นซีวิคปี2010แล้วครับตอนนั้นผ่านมา7-7ปียังไม่เห็นจะมีข่าวเลยแล้วนี่อะไรกันผมเห็นจนเบื่อแล้วคือทำได้หมดครับแต่ต้องปรับมิเตอร์ให้ตรงกับมาตรตราฐานขนส่งครับ,negative,wisesight_sentiment,neg,237,master,False,
3388,เราแพ้ลอรีเอะ โทเดส โซฟีแพ้บางรุ่น,negative,wisesight_sentiment,neg,34,master,False,
3389,อยากกินอ่า :),positive,wisesight_sentiment,pos,13,master,False,
3390,โห่แพง หมูทะเหอะ,negative,wisesight_sentiment,neg,16,master,False,
3391,แต่ตอนนี้กินฟูลมูนไปก่อนนะอีสัด,negative,wisesight_sentiment,neg,31,master,False,
3392,อยากกินนมสตรอ+ อัญชัน อ่ะ,positive,wisesight_sentiment,pos,25,master,False,
3393,เห็นด้วยเหรอค่ะ อุ้ยเขินเลย😁😁,positive,wisesight_sentiment,pos,29,master,False,
3394,ไม่เนียน คือมึงจะพูดเรื่องโฆษณา #เจ้าหญิงซูซานน่า วิจารณ์แล้วทำมึน บอกให้ไปดู คนเขาก็ดูออกว่ามึงรับโฆษณามาจาก #Netflix อีกทีนึง,negative,wisesight_sentiment,neg,127,master,False,
3395,รอตังออกก่อน,positive,wisesight_sentiment,pos,12,master,False,
3396,แต่มันเป็นฝี55555,negative,wisesight_sentiment,neg,17,master,False,
3397,จอบรถยนตcivicมากค่ะใช้แล้วชอบมาก,positive,wisesight_sentiment,pos,32,master,False,
3398,ช่วงนี้อินสีชมพู Sparkling peach ตอบโจทย์ รสชาติน่ารักกว่าสปาย หาซื้อง่ายที่เซเว่น ราคาไม่แพงด้วยยยย 🍑 #รีวิวขี้เมา,negative,wisesight_sentiment,neg,115,master,False,
3399,1 เนื้อบาบีคิวพลาซ่า 2 ตำรวจ ครู พ่อค้าไอติม 3 นักเรียนโดนเพื่อนถีบ 4 ผอ. รับเงินใต้โต๊ะ 5 ผู้ว่ารถติด 6 นายกไหว้ครู ทั้งหมด 6ข่าว,negative,wisesight_sentiment,neg,130,master,False,
3400,อย่าซื้อคุชชั่น etude อีก จำวรั้ยยย ตกร่องที่1เลย~,negative,wisesight_sentiment,neg,50,master,False,
3401,จาอ้วกบาบีก้อนแง รักบาบีก้อนมากอย่าทำให้ผิดหวัง,negative,wisesight_sentiment,neg,47,master,False,
3402,น่ากินจังเลยยย,positive,wisesight_sentiment,pos,14,master,False,
3403,แฟนเลิกบุหรี่ได้เพราะบุหรี่ไฟฟ้าบอกเลย ทำถูกกฎหมายเหอะ,positive,wisesight_sentiment,pos,54,master,False,
3404,ต้องใปโดนหน่อยแล้วมึง,positive,wisesight_sentiment,pos,21,master,False,
3405,"กู้ดอินนิสฟรีแจฮวานในอีเบย์ขาย 45,99$ ...นี่ปาดเหงื่อไม่พอ ปาดน้ำตาอีก โง้ยยยยย ทำไมอัพราคาแพงแบบนี้ 😭😭😭",negative,wisesight_sentiment,neg,104,master,False,
3406,วันนี้27/01/61ประมาณ10:46น.ที่MKสาขาโลตัสสิงห์บุรี ยืนรอหน้าร้านนานมากไม่เห็นมีพนักงานมาต้อนรับลูกค้าเลยทั้งๆที่พนักงานก็มีกันหลายคน สุดท้ายก็ไม่ได้กินเพราะมีความอดทนรอได้ไม่นาน เซ็ง!!!,negative,wisesight_sentiment,neg,185,master,False,
3407,อยากอันเชิญแสงโสมไปฟังเพลง สันติภาพ ของ bomb at track เป็นวงที่ทำเพลงเสียดสีสังคมได้โครตร้าวใจมาก,negative,wisesight_sentiment,neg,97,master,False,
3408,กูแดกกับพี่ง้วง แปปเดียวแม่งหมดกลมเลย ไม่ใช่เหี้ยอะไรนะ แม่งไม่มีลูกแก้ว เทกีทีๆก็ลั่นไปครึ่งแก้วตลอด ยิ่งตอนเมาๆนะมึงเอ้ย ลั่นไปเกือบเต็มแก้ว // งิ้วเอง,negative,wisesight_sentiment,neg,153,master,False,
3409,จะหมดปัญหาเรื่องความกังวล เครียด มีปัญหานอนไม่หลับช่วงวันนั้นของเดือนไปทันทีเลยนะขอบอก แค่มาลองใช้ ลอรีเอะ ซอฟท์แอนด์เซฟ เอ็กซ์ตร้าโพเทคชั่น แอนตี้แบคทีเรีย แบบกลางคืน 1 แผ่นครบทุกความต้องการ ลดการสะสมของแบคทีเรีย สาเหตุของกลิ่นอับชื้นกวนใจ แถมด้วย ไซด์ บล็อก หยุดการซึมเปื้อนด้านหลัง นอนหลับสบายทั้งคืน ยังไงก็มั่นใจเลยจ้า...ลองดูๆ,positive,wisesight_sentiment,pos,332,master,False,
3410,ได้หมด ถ้ามีคนจ่ายตัง,positive,wisesight_sentiment,pos,21,master,False,
3411,เบยร์ช้างเคลื่องดื่มที่ผมไม่เคยเปลี่ยน เบยร์ที่ผมชอบ แค่ขวดนี้ก็เติมเต็มความอร่อยให้กับผมและเพื่อนๆได้แล้วครับ,positive,wisesight_sentiment,pos,110,master,False,
3412,ครับ โดนเฉพาะ celerio ปังมาก,positive,wisesight_sentiment,pos,28,master,False,
3413,สาสส 555 hotpot ไว้ทีหลังก็ได้555,negative,wisesight_sentiment,neg,33,master,False,
3414,กดว้าวได้มั้ยเนี่ย,positive,wisesight_sentiment,pos,18,master,False,
3415,ดูสเป็ครถระหว่างคัมรี่กับแอคคอร์ด ปี2018 อะไรที่เข้าไทยมักถูกถอดออกหรือไม่นำเข้าจริงๆ ดูอะไรมา ชอบอะไร ไม่มีในไทยทั้งสิ้น แล้วก็พับโครงการเปลี่ยนรุ่นทันที เอวัง 😒,negative,wisesight_sentiment,neg,162,master,False,
3416,สุ้ๆๆคะ เป้นกำลังอยุ่ข้างหลังเสมอ,positive,wisesight_sentiment,pos,33,master,False,
3417,ดื่มเบียร์ช้าง กับแก้มอะไรก็อร่อย ครับ5556,positive,wisesight_sentiment,pos,42,master,False,
3418,ไปถึงต้องจัดเลย,positive,wisesight_sentiment,pos,15,master,False,
3419,จะพาไปกินป่าวว,positive,wisesight_sentiment,pos,14,master,False,
3420,ควันระเบิดหรือบุหรี่ไฟฟ้าวะ,negative,wisesight_sentiment,neg,27,master,False,
3421,ป้ายน้องสวยมากๆๆๆๆๆ แบบมากๆๆๆๆๆๆๆๆๆๆๆๆๆๆๆๆ เดินผ่าน10วันก็จะถ่ายทุกวัน!!! โอเคจะกลับมากลับบ้านด้วยรถไฟฟ้าเพราะจะได้เดินผ่านป้ายยน้อง!!!,positive,wisesight_sentiment,pos,135,master,False,
3422,ตอบแทนแอดคับ มันโหลดช้านิดนึงนะคับ ตอนนี้ยังลงชื่อได้ปกติ,positive,wisesight_sentiment,pos,57,master,False,
3423,มึง การ์นิเย่ปุกเหลิองกุใช้ละคือแบบ รู้เลยว่ากัดหน้าอะ ใช้ไปครั้งเดียวแยก,negative,wisesight_sentiment,neg,73,master,False,
3424,จับเวลารึป่าวคะ,positive,wisesight_sentiment,pos,15,master,False,
3425,มันมีซุปดำด้วย อยากลอง,positive,wisesight_sentiment,pos,22,master,False,
3426,ไปปปปปปกินกังงง,positive,wisesight_sentiment,pos,15,master,False,
3427,ขอบคุณค่ะ😀😀😀😀,positive,wisesight_sentiment,pos,13,master,False,
3428,ขณะนี้ มหาวิทยาลัยอยู่ระหว่างซ่อมแซมสัญญาณ Fiber Optic ทำให้บางหอพักใช้ Internet ไม่ได้ ต้องขออภัยในความไม่สะดวกด้วย ::จากสำนักงานทรัพย์สิน,negative,wisesight_sentiment,neg,139,master,False,
3429,พรรคเพื่อไทย ควรพิจารณาว่าพงกนักเลงควรจะอยู่ในพรรคต่อไปมั้ย ...,negative,wisesight_sentiment,neg,63,master,False,
3430,Cheek Stick No.2 Coral โดนฉีดน้ำทั้งหมด 3 ครั้ง ค่ะ ชอแป้งเซซานมาก ทาออกไปเล่นสงกรานต์เปียกเท่าไหร่ก็ยังสวยยย มันเริ่ดสุด,positive,wisesight_sentiment,pos,121,master,False,
3431,เชรดดดด คอลีโออย่างกุต้องได้กิน,positive,wisesight_sentiment,pos,31,master,False,
3432,อร่อยจังเลย. อยากไปบ่อยๆ แต่ล่าสุด ไป ขอพริกกระเทียม ไม่รู้พนักงานไม่พร้อมบริการหรือเปล่า กระชากถาดพริกแถมมองบน ถ้าไม่พร้อมทำงาน น่าจะจัดเตรียมของให้พร้อมก่อนให้ลูกค้านั่งนะ,negative,wisesight_sentiment,neg,173,master,False,
3433,บุหรี่ไฟฟ้าห้อมหอม บุหรี่มวนเหม็นขิบหาย555,positive,wisesight_sentiment,pos,42,master,False,
3434,ก็เห็นออยชอบกินหนังนิ,positive,wisesight_sentiment,pos,21,master,False,
3435,อย่างงี้ต้องจัก,positive,wisesight_sentiment,pos,15,master,False,
3436,อยากกินๆๆๆๆ,positive,wisesight_sentiment,pos,11,master,False,
3437,เครื่อง 600 cc เจอเครื่อง 1200 มาสด้า2 ประหยัด 22-30 กิโลลิตร ประหยัดกว่าเยอะ ไม่ต้องพูดถึงดีเซลเลย,positive,wisesight_sentiment,pos,99,master,False,
3438,ประเทศไทยอยากได้อะไรว่ามาเลย มันจะได้ถูกต้องชะที,positive,wisesight_sentiment,pos,48,master,False,
3439,กินแทบทุกวันเลยก้อนเมื่อวานก้อเพิ่งกิน เจอตุ่มๆเหมือนกันแต่คิดว่าเป็นเอ็นกับมันหมูเลยปิ้งกินต่อ ไม่คิดว่าจะเป็นแบบนี้เสียใจมากเลยค่ะ,negative,wisesight_sentiment,neg,132,master,False,
3440,ขอแชร์ประสบการณ์นะคะ ฝังยาคุมที่โรงพยาบาลกรุงเทพเมื่อห้าปีก่อน ราคาประมาณแปดพัน (แพงมากกกก) ฝังครบสามปี ตัวเราไม่มีผลข้างเคียงอะไรเลย ผ่าตัดเล็กเอาหลอดยาออกมีแผลนิดเดียว,negative,wisesight_sentiment,neg,169,master,False,
3441,ไปมาเมื่อวันอาทิตที่ 17 สาขาเซนจูรี่ เปปซี่จืดเหมือนหมดอายุเลยค่ะ,negative,wisesight_sentiment,neg,65,master,False,
3442,อยากกินเหรอครับ😽,positive,wisesight_sentiment,pos,16,master,False,
3443,ช้างเบียร์ฉันรักเธอจัง,positive,wisesight_sentiment,pos,22,master,False,
3444,พรุ่งนี้จัดเลยครับ,positive,wisesight_sentiment,pos,18,master,False,
3445,รีวิวการกินบาบีก้อนคนเดียว เจอแมลงสาบ,negative,wisesight_sentiment,neg,37,master,False,
3446,หาซื้ออินนิสฟรีวนวไม่ได้ ท้อใจ,negative,wisesight_sentiment,neg,30,master,False,
3447,พวกโลกสวย ไอ้ส้นตีน พวกไม่แดก เอง จะมางอแงทำห่าอะไร ปัญญา อ่อน เพราะคนอย่างพวกมึงนี่แหละ เศษ ธกิจ ถึงได้ร้มจมหมด เบียร์ช้างมีมานานก่อนพสกมึงเกิดอีก สมอง โลกสวยไอสัส กูว่าอีกหน่อยหมูหมากาไก่ก็แดกไม่ได้ ต้านการฆ่าสัตร ถุ้ยยย สถุนสิ้นดีพวกมึงนี่ไปตายซะ,negative,wisesight_sentiment,neg,249,master,False,
3448,5555555 สถานการณ์คุ้นๆ 10%,negative,wisesight_sentiment,neg,26,master,False,
3449,รีวิว YOU (2018) by #Netflix 10/10 “โคตรโรคจิต!” เป็นคำที่อุทานแทบทั้งเรื่อง หนังไม่ได้โรคจิตแต่ตัวเอกเนี่ยโคตรโรคจิต หมกมุ่น ฟุ้งซ่าน คิดมาก24ชั่วโมง ตอนแรกก็คิดว่าเป็นหนังรักธรรมดาแต่พอดูไปดูมาแค่ตอนแรกก็น่าติดตามแล้ว ทั้งพีค ทั้งอีหยังวะ แนะนำไปดูเถอะไหว้เลย,positive,wisesight_sentiment,pos,261,master,False,
3450,"ถ้าจะขี้เกียจตอบคำถามลูกค้าขนาดนี้ก็กลับบ้านไปนอน อู้กำดีได้กำฮ้าย อีเวร (@ Bar B Q Plaza in Bang Phli, Samut Prakan w/",negative,wisesight_sentiment,neg,119,master,False,
3451,ที่ชาร์จเสียใช้งานไม่ได้,negative,wisesight_sentiment,neg,24,master,False,
3452,วันนี้เห็นดอยสุเทพชัดดี เลยแอบยิ้มเบาๆ คนไม่อินกับวันวาเลนไทน์มีหวัง เพราะความรักไม่กลายเป็นฝุ่นนะง้าบ แฮร่,positive,wisesight_sentiment,pos,107,master,False,
3453,ขอบคุนทุกคนเลยครับ,positive,wisesight_sentiment,pos,18,master,False,
3454,ถึงจะร็อดม่มากแค่ก้ออยากปัยร่วมสนุกความมันส์กับเบียร์ช้างแบบมันส์ๆฟินนอีกครั้ง,positive,wisesight_sentiment,pos,78,master,False,
3455,หนาวเนื้อ...ย่างบาบีก้อนจึงหายหนาวววว,positive,wisesight_sentiment,pos,37,master,False,
3456,สมัคร Netflix ก็เพราะเรื่องนี้ล่ะ #MemorieOfTheAlhambra,positive,wisesight_sentiment,pos,55,master,False,
3457,เพิ่งเห็นว่าเป็นซุปเกี๊ยวหมู,positive,wisesight_sentiment,pos,28,master,False,
3458,#ใช้จริง #ใช้ดี #มีส่วนผสมของทองคำ24k #ช่วยให้ริ้วรอยตื้นขึ้นไม่แพง #SnailwhiteGold ❤️❤️❤️❤️❤️❤️,negative,wisesight_sentiment,neg,96,master,False,
3459,อยากกินว่ะเพิ่ล,positive,wisesight_sentiment,pos,15,master,False,
3460,นึกว่าผมรู้สึกอยู่คนเดียววะอีก ผมว่าตำแหน่งมาสูงเกินไป ไฟก็สว่างจ้าเกินไปด้วยครับ ยังไม่รวมไอ้ไฟตักหมอกด้านหลังสีแดงของรถ Vios ที่คนไทยชอบเปิดแยงตามาก ๆ ทำไมรถยี่ห้อนี้ดีไซน์ไฟได้แกล้งรถรอบข้างจริง ๆ,negative,wisesight_sentiment,neg,199,master,False,
3461,บ้าทุกโครงการมีปัญหาหมด ไม่ว่าจะระดับแสนสิริ L&H จนมาถึงพฤกษา อยู่ที่หลังไหนจะซวย เคยอ่านเคสนึง ช่างแม่งเอาถุงปูน ขยะ ฉาบรวมไปกับผนัง ถ้าจขบไม่ทุบรื้อดูคงไม่รู้ ที่ทุบเพราะบ้านมีปัญหาเยอะมาก,negative,wisesight_sentiment,neg,190,master,False,
3462,อันนี้เคลมว่าไม่มีแอลน่ะค่ะ จริงๆแบรนด์ไทยนะ ถ้าจำไม่ผิด 5555555 คือเค้าบอก non chemical เราเคยใช้บิโอเร…,negative,wisesight_sentiment,neg,105,master,False,
3463,แพงไป ซื้อ 3ce ได้เลยอ่ะ,negative,wisesight_sentiment,neg,24,master,False,
3464,อีดอกเบิ่งแต่แนวกินเนาะ,negative,wisesight_sentiment,neg,23,master,False,
3465,จะไม่กินสเมอนอฟอีกแล้ว กินทีไรเละเทะทุกที,negative,wisesight_sentiment,neg,41,master,False,
3466,ไปกินกันไหม หิวๆๆ,positive,wisesight_sentiment,pos,17,master,False,
3467,ของดีมีประโยช.เอาใจช่วยเเละเปนกำลังใจไห้คับ,positive,wisesight_sentiment,pos,43,master,False,
3468,เซทใหม่ 🤩🤩,positive,wisesight_sentiment,pos,10,master,False,
3469,ไปมั้ยพรุ่งนี้,positive,wisesight_sentiment,pos,14,master,False,
3470,ไม่ใช่รีฟิวพี่,negative,wisesight_sentiment,neg,14,master,False,
3471,ตามสนามบินผมเห็นฝรั่งสูบเยอะแยะไม่เห็นมันจับเลย,negative,wisesight_sentiment,neg,47,master,False,
3472,ผมถามจิงๆๆ อยากจะขายรถเเต่ทำไหมเสือกไม่ผลิตให้พอกะความต้องการของ ลูกค้า ไม่ว่า จะเป็น CIAZ เอย CELERIO เอย เเม้กะทั้ง NEW SWIFT ลูกค้าเขาจองมาทำเรื่องผ่านเขาก้ออยากได้รถกันเลย ต้องมานั่งรอ เดือน2เดือน3เดือน ลูกค้าเขาก้อเสียความรู้สึกละ ท่าให้พวกเซล์บอก รถไม่มีรอรับรถ1-2เดือน ลูกค้าที่ไหนเขาจะมาจอง ออกรถกะเเบรนด์ของคุณ เเบรนด์อื่นไม่มีงัยพวกคุณเคยคิดไหม ว่าถูกวันนี้ลูกค้าหลุดไปออกกะเเบรนด์อื่นตั้งเท่ารัย เเทนที่คุณจะได้ผลกำไร ดีลเลอร์รถจะได้ยอดที่สำคัญ เซลล์นี้ ว่าจะดึงลูกค้ามาจองได้เเต่ละเคส ต้องยกเเม่น้ำทั่ง5มาพูด ตามลูกค้าเป็นเดือนๆๆ กว่าลูกค้าจะเชื่อมั่นใจในผลิตภัณฑ์ของ คุณ ตามเคสดันเเก้ไข ส่งธนาคาร ว่าจะผ่าน สรุปผลอนุมัติ ลูกค้าต้องมาเสียความรู้สึก รอรถ ตามรถเซลล์ เซลล์ให้คำตอบไม่ได้ว่ารถจะมาเมื่อรัย เคสหลุดลูกค้าไม่รอ ที่ทำมา 0 เห็นใจ,negative,wisesight_sentiment,neg,749,master,False,
3473,ออ บุหรี่ไฟฟ้าติดคุก,negative,wisesight_sentiment,neg,20,master,False,
3474,ขอแสดงความเสียใจคะ วันนี้คุณไม่ได้ไปต่อ5555,negative,wisesight_sentiment,neg,43,master,False,
3475,บริโอ้ สวย,positive,wisesight_sentiment,pos,10,master,False,
3476,แพ้แดกช้าง😜,negative,wisesight_sentiment,neg,11,master,False,
3477,ลำดับ5 ส่งข้อมูลทางibแล้วค่ะ,positive,wisesight_sentiment,pos,28,master,False,
3478,ต้องจัดเลย,positive,wisesight_sentiment,pos,10,master,False,
3479,ขอให้ผ่านไปได้ด้วยดีครับ สู้ๆๆครับท่าน,positive,wisesight_sentiment,pos,38,master,False,
3480,พาไปหน่อยสิ อยากกิน,positive,wisesight_sentiment,pos,19,master,False,
3481,จะลุ้นผชด.งานที่โชว์ดีซีต้องใบเสร็จ 500 อัพอะแพงกว่ากัซอีกกัซแค่200เองจะเปย์คนไทยต้องแพงขนาดนี้ลาก่อยไม่เปย์เราก็คุยได้ถ่ายรูปได้กอดได้ละ555,negative,wisesight_sentiment,neg,140,master,False,
3482,เดือนหน้าน้าา จะอ้อนกินบาบีก้อน555 อิอิ,positive,wisesight_sentiment,pos,39,master,False,
3483,ไปๆยังมีเวลาอีกหลายวัน,positive,wisesight_sentiment,pos,22,master,False,
3484,ช็อปอินนิสฟรีที่เซนปิ่นนี่แคชเชียร์หน้านิ่งเว่ออออ นิ่งกว่ากูนิ่งจนกูกลัวอะ,negative,wisesight_sentiment,neg,75,master,False,
3485,ไว้ไปกินวันไหนดี,positive,wisesight_sentiment,pos,16,master,False,
3486,คันต่อไปก็นาวาราเล็งไว้แล้ว,positive,wisesight_sentiment,pos,27,master,False,
3487,พึ่งไปกินมาหายอยากเลยก้อน กะทะดำหมูชอบติดอ่ะก้อนเอาหมูชุบน้ำซุปแล้วก็ยังติด ขอมันหมูหนาๆหน่อยน่ะค่ะ,negative,wisesight_sentiment,neg,99,master,False,
3488,343 ชัดขนาดนั้น,positive,wisesight_sentiment,pos,15,master,False,
3489,กลับอุดรรอบนี้ได้ข้าวเปียกเส้น aka ก๋วยจั๊บญวน แบบสำเร็จรูปมา สะดวกมาก อร่อยมากกกกกกกกกกก เหมือนกินที่ร้านเลย 😍,positive,wisesight_sentiment,pos,111,master,False,
3490,ดูจากราคา มันก็โคตรแพงจริงๆแหละครับ อย่ามาแก้ตัวเลย...เบียร์ช้างขวดละ 120...น้ำเปล่า 50 ทุกอย่างเหมือนจะx2,negative,wisesight_sentiment,neg,106,master,False,
3491,ผมจัดแล้วคับรีโว่แรงประหยัดนิ่มคับ,positive,wisesight_sentiment,pos,34,master,False,
3492,Hotpot แพงอ่า. จำกัดเวลาอีก,negative,wisesight_sentiment,neg,27,master,False,
3493,ข้าลดความอ้วนอยู่เจ้าค่ะ,negative,wisesight_sentiment,neg,24,master,False,
3494,อยากได้ๆฮอนด้าซีวิค,positive,wisesight_sentiment,pos,19,master,False,
3495,ภายในมันไม่ดีตรงไหนที่เหมือนนาวาร่า หันไปดูกระบะที่บ้านก่อน ดูดีเท่านาวาร่าไหม โรคติเตียน,positive,wisesight_sentiment,pos,89,master,False,
3496,วันที่21-22ว่างน๊าาา มาเลยยๆๆ,positive,wisesight_sentiment,pos,29,master,False,
3497,อยากลองกินชาไข่มุกแมคโดนัลด์ ให้เพื่อนซื้อมาฝากมันจะเน่าก่อนมั้ย555555,negative,wisesight_sentiment,neg,70,master,False,
3498,11.01หมดแล้ว ทำการลบแอปได้จ้า,negative,wisesight_sentiment,neg,29,master,False,
3499,วันนี้ไปทาน mk มา ตั้งใจไปทานเพราะอยากได้รูป เพราะได้มาทุกๆ ปี แต่เสียใจไม่เห็นพนักงานมาถ่ายรูปให้เลยค่ะ 😓😓😓,negative,wisesight_sentiment,neg,108,master,False,
3500,All-New Toyota RAV4 เตรียมเปิดตัวที่นิวยอร์กปลายเดือนมีนาคมนี้,positive,wisesight_sentiment,pos,62,master,False,
3501,กินได้... เกบเราด้วยน่ะ กลับเบียช้างยอมแพ้จิงๆ,negative,wisesight_sentiment,neg,46,master,False,
3502,อยากกินอ่าาา,positive,wisesight_sentiment,pos,12,master,False,
3503,สู้ๆครับลูกพี่,positive,wisesight_sentiment,pos,14,master,False,
3504,อย่าลืมเติมวอเล้ต 20.,positive,wisesight_sentiment,pos,21,master,False,
3505,อยากกินนนนนนนน,positive,wisesight_sentiment,pos,14,master,False,
3506,แต่สำหรับนี่ มันซึมซับไม่ดีอ้ะ555555 เลอะตลอด แต่เพราะแพ้ผ้าอนามัยมาเกือบทุกยี่ห้อแล้วมันจึงเป็นทางเลือกที่ดีค่ะ55555555555555,negative,wisesight_sentiment,neg,126,master,False,
3507,ไปกินแทบทุกอาทิตเลยค่ะ,positive,wisesight_sentiment,pos,22,master,False,
3508,"มันคือฝีครับมันบอกไว้ในใบอยู่ว่า""chronic inflammation and multifocal small-size abscesses are found in connective tissue""",negative,wisesight_sentiment,neg,121,master,False,
3509,วีโก้ข้อดีคือกำลังบรรทุกดีครับส่วนดีแม็คกำลังไม่ค่อยดีครับรอบเครื่องมาแต่แรงไม่ค่อยมีผมเคยใช้สองรุ่นนี้ครับดีแม็คจุ๊กจิกกว่า,negative,wisesight_sentiment,neg,124,master,False,
3510,อยากกินเป็ดย่าง MK คือ เมืองนี้ไม่มี บะหมี่เป็ดย่าง แล้วกุจะหาที่ไหนกิน สรุปกุต้องทำเอง?! เดียวจับเป็ดในมหาลัยทำแม่งเลย อยากกินนนนนนน,negative,wisesight_sentiment,neg,133,master,False,
3511,จัดสิ รอไร,positive,wisesight_sentiment,pos,10,master,False,
3512,เพิ่งเคยใช้ผ้าอนามัยเอลิส นุ่มโคตรรร ลอริเอะ โซฟี รู้สึกหยาบไปเลย,negative,wisesight_sentiment,neg,65,master,False,
3513,=+1 คะ อิ่มเพราะกระหล่ำ สั่งเยอะก้อแพง,negative,wisesight_sentiment,neg,38,master,False,
3514,ไปด้วย 555 อยากกินบาบีก้อน,positive,wisesight_sentiment,pos,26,master,False,
3515,อยากกินเลยยยพาไปหน่อยยย,positive,wisesight_sentiment,pos,23,master,False,
3516,ผมไปกินมาเมื่อวันเสาร์กับเมืีอวานวันจันทร์.....เป็ดพะโล้ผัดต้นหอมญี่ปุ่น...อร่อย...แต่มีแต่กระดูกกับตูดเป็ดเยอะมากๆๆ....สาขาเซ็นทรัลพระราม2ครับ,negative,wisesight_sentiment,neg,143,master,False,
3517,อยากไปกิน 😢😥,positive,wisesight_sentiment,pos,12,master,False,
3518,ไม่กินแล้วเบียช้าง,negative,wisesight_sentiment,neg,18,master,False,
3519,เลี้ยงหมูหน่อยจิง,positive,wisesight_sentiment,pos,17,master,False,
3520,รถนิสสันอย่าเสี่ยงครับพี่ ปัญหาเยอะครับ,negative,wisesight_sentiment,neg,39,master,False,
3521,Kulov นี่ว่ามันหวานไป๊,negative,wisesight_sentiment,neg,22,master,False,
3522,มีเบียลีโอไห้กินด้วยไหมคับ,positive,wisesight_sentiment,pos,26,master,False,
3523,honda อะไหล่แพง มันไม่คุ้มถ้านำมาทำ Taxi,negative,wisesight_sentiment,neg,40,master,False,
3524,ไม่ขอบสีโทนนี้แล้ว ไปชอบโทน tarte bloom หยั่กดั้ยมากกก,negative,wisesight_sentiment,neg,54,master,False,
3525,ถูกใจอีออยเลยยยยย,positive,wisesight_sentiment,pos,17,master,False,
3526,ป่ะไปกินกัน,positive,wisesight_sentiment,pos,11,master,False,
3527,แบบเย็นมากจ้าาาส ส่วนเกงในไม่เคยมีขาดจ้าเพราะกาวผ้าอนามัยไม่ติดเกงใน555555,negative,wisesight_sentiment,neg,74,master,False,
3528,ทานเผื่อก้อนด้วยนะคร้าบ ขอบคุณครับ,positive,wisesight_sentiment,pos,34,master,False,
3529,ทำไมเดี๋ยวนี้ hotpot ไม่มีกุ้งแล้วอ่ะคะ,positive,wisesight_sentiment,pos,39,master,False,
3530,รู้สึกหมูบางไปมั้ยอยากกินนะแต่ดูมันน้อยกินคนเดียวก็หมดละ,negative,wisesight_sentiment,neg,56,master,False,
3531,สุ้ๆๆนะค่ะ,positive,wisesight_sentiment,pos,10,master,False,
3532,แคบครับพอๆกับนั่งบริโอ้ผมเลยความรู้สึกส่วยตัวนะครับ,negative,wisesight_sentiment,neg,51,master,False,
3533,บาบีกอนบอกไม่ใช่พยาธิ แต่เป็นอีสิ่งนี้ น่าสะพรึงกลัวพอๆกัน,negative,wisesight_sentiment,neg,58,master,False,
3534,เสียตังค่าเช่าชุด กุว่าแดกราคาเต็มก้อได้นะ 5555,negative,wisesight_sentiment,neg,47,master,False,
3535,พนักงานขายน้ำมี 3 คน คนรอซื้อ 500คน ห่วยมาก #g19fest #chang,negative,wisesight_sentiment,neg,59,master,False,
3536,ดีนะเราไม่กินเบียร์ช้าง555,negative,wisesight_sentiment,neg,26,master,False,
3537,มีที่จอดรถหน้าห้องพักแต่ละหลังเลย,positive,wisesight_sentiment,pos,33,master,False,
3538,ผมไม่เคยเจอปัญหานี้เลย ไม่ว่าจะเป็น มิตซู โตโยต้า ฮอนด้า เพราะผมดับเครื่องเวลาเติมน้ำมันทุกครั้ง 😆😆😆,negative,wisesight_sentiment,neg,100,master,False,
3539,เดินไปเซเว่นคะ,positive,wisesight_sentiment,pos,14,master,False,
3540,ส่วนผสมสำคัญของ Smooth E Acne Clear Makeup Cleansing Water คือ Mangosteen Extract ที่ช่วยลบเลือนริ้วรอยและเพิ่มความชุ่มชื้นให้กับผิว ด้วยประสิทธิภาพจาก Centella Asiatica ผสานกับ Vitamin E acetate ให้ดูเรียบเนียนกระจ่างใสไม่ทำร้าย หรือทำให้เกิดการระคายเคืองผิว มีคุณสมบัติดีต่อผิวคือช่วยลดต้นตอสิวอุดตัน สิวอักเสบ ลดรอยแดง รอยดำ จากสิว ช่วยเติมความชุ่มชื้นและฟื้นฟูผิวให้แข็งแรงจากการใช้ผลิตภัณฑ์รักษาสิว #สมูทอีคลีนซิ่งวอเตอร์,positive,wisesight_sentiment,pos,426,master,False,
3541,ประสานงานให้จะดีมากค่ะ เผื่อใครไปทานแล้วเจอปัญหาเดียวกัน จะได้ไม่เสียสิทธิของตนเองค่ะ ขอบคุณค่ะ,positive,wisesight_sentiment,pos,95,master,False,
3542,อยากกินมากกกกกกกกก,positive,wisesight_sentiment,pos,18,master,False,
3543,ผ้าอนามัยชื่อดังยี่ห้อนึง ขึ้นต้นด้วยโซลงท้ายด้วยฟี กาวนางเหนียวมาก ติดมือ ปีกพับติดกันเอง ติดทุกอย่างยกเว้น กกน 😒,negative,wisesight_sentiment,neg,114,master,False,
3544,มีแค่บาบิก้อนเอ็มเคหมูทะและบลาๆๆๆๆๆๆๆๆที่จะหยุดน้องได้,positive,wisesight_sentiment,pos,54,master,False,
3545,ถ้าไม่ออกรถฟอร์ด เรนเจอร์ mc 3.2 ผมก็จะออกแร็พเตอร์ เน้นกระบะบรรทุกของได้นิดหน่อย สี่ประตู ไม่เคยมองเอเวอร์เลสเลย,positive,wisesight_sentiment,pos,113,master,False,
3546,จัดชุดนี้เลย,positive,wisesight_sentiment,pos,12,master,False,
3547,เกลี้ยงตั้งแต่น่าทีแรกทุกคูปอง,negative,wisesight_sentiment,neg,30,master,False,
3548,ว้าวอยากชิมจังเลย แต่สาขาโลตัสท่ายาง ปิดไปแล้ว😂,negative,wisesight_sentiment,neg,47,master,False,
3549,ล้างท้องรอไอ้สัส,negative,wisesight_sentiment,neg,16,master,False,
3550,ต้องการรรร,positive,wisesight_sentiment,pos,10,master,False,
3551,ทำ ANESSA หาย เสียใจมาก😢,negative,wisesight_sentiment,neg,24,master,False,
3552,เสียใจทำไมชอบจัดโปรแบบนี้5555,negative,wisesight_sentiment,neg,29,master,False,
3553,ไม่กินคือไม่กินจริงๆอ่ะ ไม่ได้แอ๊บ เคยลองกินแล้วมึนมากปวดหัวมาก ขมเหม็น เอาง่ายๆแค่สปายก็เมาอ่ะ เลยไม่กินแม่ง หันมากินน้ำอัดลมอย่างจริงจังแทน 5555,negative,wisesight_sentiment,neg,146,master,False,
3554,เบื่อตรงที่ผ้าอนามัยกาวมันไม่ค่อยติดนี่แหละลำบากชีวิตชิบหายย,negative,wisesight_sentiment,neg,60,master,False,
3555,#ช้างมิวสิคคอนเนคชั่น #ขอบพระคุณมากๆนะคะ เดินทางกลับบ้านปลอดภัยนะคะทุกคน,positive,wisesight_sentiment,pos,72,master,False,
3556,บุหรี่ไฟฟ้าค่ะไม่ได้ฆ่าคนตายถึงต้องยึดรถแหม,negative,wisesight_sentiment,neg,43,master,False,
3557,เราขับ crv ไม่เตี้ยนะ .... ไฟฟอร์จูนเนอร์ยังทิ่มตาเราทะลุได้เลย ㅠㅠㅠㅠㅠ X3 ก็ไม่เตี้ย กระจกมองหลังรอดเพราะมันเบลนเขีย…,negative,wisesight_sentiment,neg,116,master,False,
3558,รักกกกกก ^^,positive,wisesight_sentiment,pos,11,master,False,
3559,สิงคโปร์..ก็กินภาษีหาแดรกคล้ายๆเราละแต่ เนี้ยบฟ่า,negative,wisesight_sentiment,neg,49,master,False,
3560,👍👍👍👍👍👍👍👍👍👍👍👍👍👍👍👍,positive,wisesight_sentiment,pos,16,master,False,
3561,ว่าแล้ว ไม่น่าจะมีคนชอบนะ ของกานิเย่เค้าใช้ไม่ค่อยโอเลย แถมสิวขึ้นอีกมันน่าจะมีน้ำหอมอ่ะ พวกโฟมไรงี้,negative,wisesight_sentiment,neg,100,master,False,
3562,ยูเบียร์คือจะอ้วก..,negative,wisesight_sentiment,neg,19,master,False,
3563,อยากกินจังเรย 😭,positive,wisesight_sentiment,pos,15,master,False,
3564,อยากกินอีกแล้วอะ😊😊😊,positive,wisesight_sentiment,pos,19,master,False,
3565,แจ่วหวานไปนะก้อน 😭😭,negative,wisesight_sentiment,neg,19,master,False,
3566,เดี๋ยวโดนhondaชื้อคืนบ้านคุณพ่อคุณแม่สิ ไปเชื่ออะไรมามันคนบางกลุ่มคิดว่าเป็นรถเทพทำ taxi ไม่เหมาะก็เลยนั่งเทียนเขียนข่าวขึ้นมาเว้ย เข้าใจมั้ย honda ไม่มีสิทธิ์ไปชื้อคืน กรุณาทำความเข้าใจใหม่เสียบ้าง,negative,wisesight_sentiment,neg,198,master,False,
3567,พอเป็น Eucerin มันก็จะแพงหน่อยๆ😂,negative,wisesight_sentiment,neg,32,master,False,
3568,[Pls RT] สำนักงานทรัพย์สิน จุฬาฯ และร้านโอ้กะจู๋ ร่วมกันช่วยชาวสวนสับปะรด เดินไปหยิบถุงสับปะรด แล้วก็หยอดเงินตามกำลังที่เรามี ตรงบริเวณลานตรงข้าม SQ1 ช่วยๆกันนะคะ ปล.สับปะรดภูแล อร่อยมากกกก,positive,wisesight_sentiment,pos,189,master,False,
3569,เด็ก3ขวบคิดเงินมั๊ยค่ะ,positive,wisesight_sentiment,pos,22,master,False,
3570,แจสดังก้อกแก้กตั้งแต่ป้ายแดง กูก้ทนขับ ยู่ทุกวันนี้. ฟ้องร้องครัยด้ายบ้าง,negative,wisesight_sentiment,neg,73,master,False,
3571,อันนี้ก็กิน อร่ยจริงๆๆๆ ดีกว่าsmirnoff,negative,wisesight_sentiment,neg,38,master,False,
3572,ชอบชีวาส ฟัดเด็ก อนฮ.,positive,wisesight_sentiment,pos,21,master,False,
3573,อย่าไปซื้อแดกครับ เมาชิบหาย,negative,wisesight_sentiment,neg,27,master,False,
3574,ข้าวคำแรกของปี 2018!!!,positive,wisesight_sentiment,pos,22,master,False,
3575,ต่างประเทศเขาไปถึงไหนแล้ว ตร.ไทยแม่งยังยุในกะลา!!!!!,negative,wisesight_sentiment,neg,52,master,False,
3576,คุณพิม และคุณน้ำหวาน 2 สาว ตัวแทนวัยเลข 3 ชวนทุกคนมาซ่อมผิวแก่จากข้างในด้วย Step แรกอย่าง Hada Labo Anti-Aging Lotion สูตรใหม่ล่าสุด ช่วยล็อคความชุ่มชื่น พร้อมดูแลให้ผิวยืดหยุ่นและกระชับล้ำลึกถึงชั้นผิว หมดกังวลเรื่องริ้วรอยได้เลยค่ะ #1stStepAntiAging #โลชั่นซ่อมผิวแก่ (ภาพจาก: instagram.com/we_love_hadalabo),negative,wisesight_sentiment,neg,310,master,False,
3577,อยากให้หมอมองประเทศนิวซีแลนอะครับที่ตอนแรกค้านหัวชนฝา แต่ตอนนี้เค้ากลับยอมรับได้,positive,wisesight_sentiment,pos,80,master,False,
3578,เห็นโฆษณาเมื่อวาน มันบอก ลิมิเตด เอิ่มมมมมม ผ้าอนามัย มันจะมีคนสะสมผ้าอนามัย จริงๆหรอ,negative,wisesight_sentiment,neg,85,master,False,
3579,รัฐมันกลัวบุหรี่ซบเซาอะ มึงอึงอ้างนั่นอ้างนี่ ถุย ไอพวกเห็นแก่ได้ ไอกฎหมายล้าหลัง ดูอย่างเช่น คนรวยทำผิดเดี๋ยวแม่งก็ออก ตายายเก็บเห็ด โทษแม่งมหันต์ มึงอย่าให้กูเป็นนายกน่ะ กูร่างรัฐธรรมนูญตั้งแต่ข้อ1ยันข้อสุดท้ายใหม่หมดเลย กูว่าน่ะ ที่กฎหมายตอนนี้ยังเปลี่ยนอะไรไม่ค่อยได้ เพราะมีพวกเหี้ยๆที่ได้ผลประโยชน์ในกฎหมายตอนนี้อยู่อะดิ หัดบริหารประเทศจริงๆบ้างเหอะ กูขอละ คนไทยทุกคนเค้าก้อขอเหมือนกูแหละ สาธุ,negative,wisesight_sentiment,neg,399,master,False,
3580,ทำไมมันไม่มีโปรให้เร๊าาาาาา,negative,wisesight_sentiment,neg,27,master,False,
3581,เราพัฒนาถอยหลัง ครับ ไม่ใช่พัฒนาเดินนา,negative,wisesight_sentiment,neg,38,master,False,
3582,เยี่ยมครับ ซื้อ accord hybrid มาเกือบ 2 ล้าน แต่ไม่รองรับระบบนี้,negative,wisesight_sentiment,neg,64,master,False,
3583,ถ้าดีน่าจะสนับสนุนค่ะ ✌,positive,wisesight_sentiment,pos,23,master,False,
3584,คือเป็นปจดมาอาทิตย์หนึ่งแล้วยังไม่หายเลยอ่ะ ปกติวันที่ห้าก็เริ่มหายแล้ว เป็นนานทำเหี้ยไร เปลืองค่าผ้าอนามัยกุ ฮื่อออออ,negative,wisesight_sentiment,neg,118,master,False,
3585,อย่างปั่น55555,positive,wisesight_sentiment,pos,14,master,False,
3586,เคยร้องไห้เพราะกาวผ้าอนามัย-.- #ใครเป็นมารวมอยู่ตรงนี้,negative,wisesight_sentiment,neg,54,master,False,
3587,ดื่มแบล็คมันคูล มันดีนะ,positive,wisesight_sentiment,pos,23,master,False,
3588,กินเอ็มเคเหอะ 555,positive,wisesight_sentiment,pos,17,master,False,
3589,เพื่อนกูอ้วกออกมาเป็นฮอตพอทเลยไอสัสสสสส ไม่น่าไปแดกก่อนเลย,negative,wisesight_sentiment,neg,58,master,False,
3590,ไม่เอาแล้วววววว,negative,wisesight_sentiment,neg,15,master,False,
3591,อยากกินเบียร์จุงไม่เอาช้างนะ,negative,wisesight_sentiment,neg,28,master,False,
3592,ชอบครับ รถในฝันเลยครับ Honda Accord ไปจองมาเรียบร้อยแล้วครับ,positive,wisesight_sentiment,pos,60,master,False,
3593,ดีนะเราไม่กินช้าง,negative,wisesight_sentiment,neg,17,master,False,
3594,หุ้นพวกกลุ่มสุขภาพเล่นตัวไหนก็รอด นี่เล่นกลุ่มของ รพ.กรุงเทพอยุ่ นี่ว่านี่ซื้อแพงละนะ หุ้นก็ยังขึ้นนนเรื่อยๆ👍,positive,wisesight_sentiment,pos,109,master,False,
3595,หูยยยยยตัวเองดูสิ้😵,positive,wisesight_sentiment,pos,19,master,False,
3596,สุดยอดครับ. เวลาผมจะขึ้นเวทีก็วอร์มด้วย ไฮเนเก้น 1กระป๋องทุกครั้ง,positive,wisesight_sentiment,pos,65,master,False,
3597,ไปกินมาไม่เห็นให้เลยค่ะกินหมดไป1380บาท มีเด็กไปอายุ8ขวบ สาขาโลตัสศรีนครินทร์ค่ะ,negative,wisesight_sentiment,neg,79,master,False,
3598,อยากไปโดนจุงเบยย,positive,wisesight_sentiment,pos,16,master,False,
3599,มามุกนี้อีกละหรอคะ / adคือการพูดความจริงเพียงแค่ด้านเดียว แต่อันนี้มองไม่เห็นสักด้านเลย การ์นิเย่ คุณไม่จริงใจกับลู…,negative,wisesight_sentiment,neg,116,master,False,
3600,มาสด้าใหญ่ๆ ไม่ เล็กๆทำครับ ฮาตรง 2 ยกสูง แม่งโคตรใช่ ผมลุกไปนั่ง 2 นั่ง CX 3 คิดในใจทำไมมันไม่ต่างกันเลยวะ แต่ MG หน้าตาสวย คันใหญ่ เครื่องกะ เกียร์กากไปหน่อย สรุป เอาขับมันส์ๆคนเดียวไม่สนใจคนนั่งว่าอึดอัดก็ CX3 ครับ ถ้าชอบใหญ่ๆ นั่งสบาย ไม่สนใจเครื่องกะเกียร์ ที่ล้าหลังก็ MG ไป ฮ่าๆๆๆๆ ปล. แอบหวังว่ามาสด้าจะทำรถให้นั่งสบายกว่านี้ครับ เพราะทุกคลาส แม่งเล็กกว่าคู่แข่งหมด,positive,wisesight_sentiment,pos,373,master,False,
3601,รอก้อนตอบก้อนไม่มาตอบอ่ะ,negative,wisesight_sentiment,neg,24,master,False,
3602,ตายคาบุหรี่ไฟฟ้า,negative,wisesight_sentiment,neg,16,master,False,
3603,ใครเลิกได้แล้ว +1หน่อยคัฟ,positive,wisesight_sentiment,pos,25,master,False,
3604,หร่อยมากๆ เกี๊ยวซ่าก็อร่อย ลืมถ่ายไว้มัวแต่แซ่บ,positive,wisesight_sentiment,pos,47,master,False,
3605,ไม่ธรรมดา 5555,positive,wisesight_sentiment,pos,14,master,False,
3606,พวกคนแก่ชอบขวางโลก,positive,wisesight_sentiment,pos,18,master,False,
3607,เจ้าของนี่ติ่งเอพิ้ง เอโอเอป่ะ หรือไง 5555555555555 show dc อีกแล้ว ไกลลลล งานปิดหรือเปิดยังไม่แน่ใจ ถ้าปิดก็สบายใจหน่อยนะ นกแบบไม่เจ็บปวด 😂,negative,wisesight_sentiment,neg,140,master,False,
3608,เป็นเด็กคนหนึ่งที่อินการเมืองมากค่ะ เเละก็จะเลือกเรียนการเมืองการปกครอง เพราะศรัทธาเเละเชื่อมั่นมากว่าสิ่งเหล่านี้เป็นอะไรที่ศักดิ์สิทธิ์จะมาเล่นๆขำๆไม่ได้เพราะเรากุมประชาชนไว้ในมือ แต่ในขณะที่คนที่ดำรงตำแหน่ง ดำรงด้วยความเห็นแก่ตัวของตัวเอง คือจะอ้วก #เลื่อนเเม่มึงสิ,negative,wisesight_sentiment,neg,268,master,False,
3609,ชวนสา ก็ไม่มีใครอยากจะไป เซง,negative,wisesight_sentiment,neg,28,master,False,
3610,สกุณา โผผิน บินที่หมาย แม้ร่างกาย แรงอ่อน ร่อนถลา ถลาลม ลงเมือง พัทยา นั่งชิวบาร์ มูนไลฟ์เล้าห์ แสงโสมเอย 🦆🦅🐦🐤 ความนกมาตลอดทั้งปี ขอปลดปล่อยที่งานวันเดอร์ฟุ๊ต จะไปนั่งเสพสุข เสพศิลป์ ชิวแสงโสม ไปกันนนนนนนน มายเฟรน,positive,wisesight_sentiment,pos,213,master,False,
3611,รถ mg ดีไซน์สวยมาก สมรรถนะเยี่ยม น่าสนใจ มากๆ,positive,wisesight_sentiment,pos,45,master,False,
3612,ขำ จับบุหรี่ไฟฟ้ายึดรถ,negative,wisesight_sentiment,neg,22,master,False,
3613,นิสสัน รถแห่งครอบครัว ภายในกว้างขวาง มีหน้าจอที่แสดงสถานะต่างๆๆขณะขับขี่ ขัดเจน ขับขี่ปลอดภัย,positive,wisesight_sentiment,pos,93,master,False,
3614,เพราะบ้านเรามันกะลาครับเลยใช้ไม่ได้,negative,wisesight_sentiment,neg,35,master,False,
3615,ตู้เย็นเลยค้าาาา เมืองไทยร้อนม้ากกก #สวยกล้าท้าทุกแสง #คู่หูท้าแดด #kmacosmetics,positive,wisesight_sentiment,pos,80,master,False,
3616,ใช่ๆ มันชอบบอกว่าอันตรายกว่าบุหรี่มวลอีกนะ เจองี้เหนื่อยใจ ขี้เกียจอธิบาย,negative,wisesight_sentiment,neg,73,master,False,
3617,ไม่ค่อยได้ไปกินเลย,negative,wisesight_sentiment,neg,18,master,False,
3618,คัมรี่ พวกซื้อมาโคตรเสียใจเลยบอกเกือบพาตายหลายครั้งละ,negative,wisesight_sentiment,neg,53,master,False,
3619,ที่บาบีก้อนไม่มีบุฟเฟต์,negative,wisesight_sentiment,neg,23,master,False,
3620,สู้ๆน่ะอย่าท้อทำคีโมให้ครบน่ะเปนมะเร็งเหมือนกันระยะ3ลำไส้คีโม8ครั้งรักษามา5ปีแล้วจ้า,positive,wisesight_sentiment,pos,84,master,False,
3621,กูไม่รู้5555,positive,wisesight_sentiment,pos,12,master,False,
3622,อาทิตย์หน้าจัดไป,positive,wisesight_sentiment,pos,16,master,False,
3623,🤤 (ฟันไม่ตึงละนะ),positive,wisesight_sentiment,pos,17,master,False,
3624,#พาsmootoไปเที่ยว japan 🇯🇵 อยากไปท้า!!!อากาศหนาวเย็นมีหิมะตก #พร้อมเคียงข้างเสมอด้วย เซรั่ม หน้าใส่ 2ตัวนี้ ที่มั่นใจว่า smooto เอาอยู่จริงๆ ไม่ว่าอากาศหนาวเย็น ร้อน แดดแรง รอยสิว ผิวขาดน้ำแค่ไหน smooto เอาอยู่ค่ะ #แล้วจบที่smootoทุกครั้งลงใบหน้า ทั้งเช้าและเย็น 👉จากผู้ใช้จริง เห็นผลจริงค่ะ,positive,wisesight_sentiment,pos,291,master,False,
3625,ใด้รับของแล้วค่ะ แพ็กของดีค่ะ,positive,wisesight_sentiment,pos,29,master,False,
3626,สู้ๆๆครับผม,positive,wisesight_sentiment,pos,11,master,False,
3627,รีวิวรองพื้น Marc Jacobซะหน่อย เมื่อวานไปสอยตัวใหม่มา ขวดแบนๆ Shameless foundation คือตัวนี้ตอนลองแบบ เห้ย ทาแล้ว????? มันหายไปไหน ซึ่งใันต่างกับตัวขวดกลมเดิมมาก อันนั้นหนาเหลือเกินออเจ้า แบรนด์นี้ขุ่นแม่ชอบมากนะ คือมัน simple แต่ดีงาม แต่ปัญหาใหญ่คือ “กูไม่เคยเลือกสีถูกค่ะ!” เฉดสีเยอะงงเว่อร์ ลองที่ Sephora กลับมาใช้ไม่เคยได้ตรงสีหน้า 555 รุ่นใหม่นี้เอาสี y270 มา พอใช้กับหน้า รู้สึก เพี้ยนๆ แต่บางเบาราวกับลืมใส่ กกน ปกปิด กลางๆ ผิวแห้งก็ใช้ได้นะ แต่ไม่ควรลงแป้งตาม ผิวมันก็น่าจะชอบความชุ่มผิว ปัญหาเดียวคือ ไปเลือกสีดีๆ จบรีวิว,positive,wisesight_sentiment,pos,532,master,False,
3628,คือว่าของที่คุณพูดมา มันไม่กระทบ ต่อรัฐบาลนี้ครับ มันเลย ไม่เดือดร้อน 5555,negative,wisesight_sentiment,neg,74,master,False,
3629,ชั้นจะเปนทาสเทอตะหลอดไปอินนิสฟรี ชั้นจะเลิกใช้คุชชั่นเดอะเฟสชอปตอนนี้เดี๋ยวนี้,negative,wisesight_sentiment,neg,78,master,False,
3630,แฮงค์หวะ บอกแล้วกินเบียร์ช้างบวกอากาศร้อน นี่จะตายแล้ว,negative,wisesight_sentiment,neg,54,master,False,
3631,แบบนี้ต้องจัด ชอบชีสสสสสส,positive,wisesight_sentiment,pos,25,master,False,
3632,งั้นต้องกินบาบีก้อนวันจันแล้วละปรางงง😂,positive,wisesight_sentiment,pos,38,master,False,
3633,เมื่อไหรภาพหมูบาบีก้อนจะหายไปจากไทม์ไลน์กูวะ เสียอรรถรสในการแดกมาก,negative,wisesight_sentiment,neg,66,master,False,
3634,รองพื้นลอร่าตัวใหม่ ดีมากเหมาะกับผิวหน้าเรามาก ไม่เกาะรูขุมขนเลย ปลื้มรัก อีฟแซงนี่เทเลย,negative,wisesight_sentiment,neg,88,master,False,
3635,มากินแบบนี้นะกลับมาอ่ะ,positive,wisesight_sentiment,pos,22,master,False,
3636,เคี้ยวไม่ไหว,negative,wisesight_sentiment,neg,12,master,False,
3637,ช้างขึ้นราคาแล้วไง เราแดกลาวหน้าภาษี5555555555,negative,wisesight_sentiment,neg,46,master,False,
3638,สำหรับงานวันนี้ 5555555555555555 ดื่มหรืออาบครับโทษที ขัดใจที่ตรงออฟฟิศนี่ดื่มสิงห์ .... //meดื่มไฮนิเก้น,negative,wisesight_sentiment,neg,105,master,False,
3639,หลอกลวงป่าว,negative,wisesight_sentiment,neg,11,master,False,
3640,the face shop เคยลองแล้วไม่ค่อยชอบเท่าไหร่ง่ะ แต่แล้วแต่สูตรด้วยมั้ง นี่เคยใช้สูตรหน้า glow glow จากโ…,negative,wisesight_sentiment,neg,102,master,False,
3641,กาวผ้าอนามัยนี่ติดทุกอย่างยกเว้น กกน. บริษัทกาวควรขอคำแนะนำ,negative,wisesight_sentiment,neg,59,master,False,
3642,เส้นใสๆ กรุบกรอบมากๆ,positive,wisesight_sentiment,pos,20,master,False,
3643,ใช่ วันนั้นไปซื้อรองพื้นเลฟลอน เราถามดีๆ พี่คะรองพื้นเลฟลอนอยู่ตรงไหนคะ มันเอามือชี้แบบไม่พูดอะไรเลย แบบไม่พอใจอะ อีฟแอนด์บอยฟิวเจอร์,negative,wisesight_sentiment,neg,133,master,False,
3644,นั่นนะซิ...หาฤกษ์ยามก่อน 555,positive,wisesight_sentiment,pos,28,master,False,
3645,ลาก่อยบาบีก้อน;-; ว่าจาไปกิน,negative,wisesight_sentiment,neg,28,master,False,
3646,ไปแดกเบียร์มาสั่งลีโอไป พอเด็กเสิร์ฟเอามาให้แดกไม่ได้เลย แม่งวิ่งเร็วชิบหายตามไม่ทัน...,negative,wisesight_sentiment,neg,87,master,False,
3647,อยากกินหมึกกระดอง 🤤,positive,wisesight_sentiment,pos,19,master,False,
3648,อะ น้ำตาจะไหล กูต้องซื้อ breezer ภายในวันนี่หรอ,negative,wisesight_sentiment,neg,47,master,False,
3649,โดนมานุดป้าแซงคิวแท็กซี่ อีควาย,negative,wisesight_sentiment,neg,31,master,False,
3650,ชั้นได้เมนูของฟรีล่ะ,positive,wisesight_sentiment,pos,20,master,False,
3651,ออกแบบเองป่าวจับรถยี่ห้ออื่นมาใส่ chrดูดีๆมีซีวิค มาสด้า เอ็มจีกอฟชัดๆๆ,negative,wisesight_sentiment,neg,71,master,False,
3652,สวยกว่าวีออสอีกพี่,negative,wisesight_sentiment,neg,18,master,False,
3653,มากมาย😙😙😙😙,positive,wisesight_sentiment,pos,10,master,False,
3654,ขอบคุณสำหรับข้อมูลครับพี่เอ แสดงว่าเป็นกันเยอะ แต่นิสสันยังไม่เคยเจอสักคัน สงสัยไม่ยอมเคลือบ อิอิ,positive,wisesight_sentiment,pos,97,master,False,
3655,ชอบพัดแทเตนล์มากเลยค่ะ 555555 สนใจ Cushion ของ Mamonde จังเลยค่ะ,positive,wisesight_sentiment,pos,64,master,False,
3656,กูจี้อีเหี้ยเมก555555554 โว้ยยยยย แม่งยังไม่ตื่นแต่ป้ากูบอกให้นางออกไปเหล้า พอเดินไปถึงบอกพี่ครับขอปลากระดี่ขวดนึงครับ อีเหี้ยโว้ยยยยย กูขรรมไอสัส555555 บาร์คาดี้เว้ยไม่ใช่ปลากระดี่ BARCADIอ่ะ รู้จักปุ้5555555555,negative,wisesight_sentiment,neg,212,master,False,
3657,ขายสินค้าที่เป็นไปได้สิคะ....ใช้สมองเยอะๆ ....แต่ผ้าอนามัยใช้เย็นดีจริงคร่า555,positive,wisesight_sentiment,pos,78,master,False,
3658,กินบาบิก้อนวันนี้แถมฟรีเม็ดสาคู Taenia solium ก็มาจ้า,negative,wisesight_sentiment,neg,53,master,False,
3659,รู้สึกผิวตรงที่เช็ดโทนเนอร์นุ่มน่าสัมผัสขึ้นค่ะ,positive,wisesight_sentiment,pos,47,master,False,
3660,ตามเผือกงาน show dc อยู่เงียบๆ งานกากจริง,negative,wisesight_sentiment,neg,41,master,False,
3661,อยากได้รายละเอียดยาริส,positive,wisesight_sentiment,pos,22,master,False,
3662,ต้องลองให้ได้😃😃😃😃,positive,wisesight_sentiment,pos,17,master,False,
3663,อิสเมอร์นอฟทำพิษกูแล้ววว,negative,wisesight_sentiment,neg,24,master,False,
3664,สอบถามหน่อยคับ เปิดเหล้า285 1ลิตร +มิกเซอ 1ชุด เท่าไรคับ แล้วถ้าเาเหล้าไปเองเสียค่าเปิดเทาาไรคับ?😕,negative,wisesight_sentiment,neg,98,master,False,
3665,วันนี้ที่ได้สีไม่ใช่แบบนี้อ่ะก้อน,negative,wisesight_sentiment,neg,33,master,False,
3666,ไปกินบาร์บิกอนครั้งแรก จำได้ว่าหิวน้ำมาก พนง.ก็เดินมาวางเหยือกกะแก้ว อินี่ก็เทน้ำใส่แก้ว และรีบกินทันทีเพราะหิวน้ำมาก กินหมดแก้วก็สงสัยทำไมน้ำมันเค็มๆจังว่ะ พอหันไปมองโต๊ะข้างๆ อ่าวอิเหี้ย นั่นมันน้ำซุป คือแบบทำไมโต๊ะอื่นพนง.เทให้เลย ละโต๊ะฉันเขามาวางเฉยๆอ่ะ #เรื่องมันช่างหน้าอาย,negative,wisesight_sentiment,neg,280,master,False,
3667,ไหนบอกอยากกินย่างเกา,positive,wisesight_sentiment,pos,20,master,False,
3668,ได้ไปทานเอ็มเคสาขาเซ็นศาลายา จะสั่งตอกไข่บอกหมดเขต แต่เพื่อนไปกินอีกที่ยังขายอยู่คืองงมากค่ะ,negative,wisesight_sentiment,neg,92,master,False,
3669,ไหว้เจ้าเสร็จ กินสปายดับเครียด. นอนเลย เหมือนเอาเท้ามาพาดบ่นบ่ามคันใต้กว่าเท้า อย่าแรง,positive,wisesight_sentiment,pos,86,master,False,
3670,มีความอยากกกกกแรงงง,positive,wisesight_sentiment,pos,19,master,False,
3671,อยากกินง่ะ 😫,positive,wisesight_sentiment,pos,12,master,False,
3672,หงุดหงิดละนะพนักงานเอ็มเค นั่งรอซักพักไม่มีใครมารับออเดอร์ อีเวง!!,negative,wisesight_sentiment,neg,66,master,False,
3673,กุยอมจ่ายเต็ม555,negative,wisesight_sentiment,neg,16,master,False,
3674,งามอย่างมีคุณค่า นิสสันเอ็กซเทรลยนตรกรรมสำหรับอนาคตจริงๆ,positive,wisesight_sentiment,pos,56,master,False,
3675,รีบมาไปกินกันได้แค่ไหนเอาแค่นั้น ทำดีที่สุดแล้ว,positive,wisesight_sentiment,pos,47,master,False,
3676,ไปมั้ยละ 5555,positive,wisesight_sentiment,pos,13,master,False,
3677,เร็วนะเรื่องแดกเนีย,positive,wisesight_sentiment,pos,19,master,False,
3678,นี่คุณเกิดมาเพราะคุณแม่คุณอยากประหยัดค่าผ้าอนามัยหรอคะ,negative,wisesight_sentiment,neg,54,master,False,
3679,ไซส์กูก็น่าจะแพงกว่านั้น 😧,negative,wisesight_sentiment,neg,26,master,False,
3680,นี่ว่า sofy cooling fresh นี่ดีสุดแล้ว ฮือออออ ปลาทับใจสุด แต่ราคาไม่เป็นมิตรกันเลยยย 😂😂😂😂😂,negative,wisesight_sentiment,neg,91,master,False,
3681,ไม่แดกหละบาย555,negative,wisesight_sentiment,neg,15,master,False,
3682,ขอบคุณครับที่สู้เพื่อพวกเราครับ,positive,wisesight_sentiment,pos,31,master,False,
3683,ชุดแฮปปี้มิล ตุ๊กตาอยากให้ทำเป็นแมคโดนัสและสหายไม่อยากให้ทำเป็นอย่างอื่น น่าเก็บสะสมกว่าเยอะ,positive,wisesight_sentiment,pos,92,master,False,
3684,ทำไ้มเราว่าราคาแพงเกินคุณภาพกับรสชาติสงสัยค่าที่ในshowdcแพง กลับไปกินร้านประจำต่อ,negative,wisesight_sentiment,neg,81,master,False,
3685,"Yaris TRD ช่วงปี 2008-2010 ไม่มีดิสเบรคหลัง แต่แจ๊สมี เก็บออปชั่นที่แยกไว้ในตัว G Limited (Keyless) กับ S Limited (ดิสเบรค,ช่วงล่าง)ไปไว้ในตัว RS ตัวสุดท้ายที่ผลิตในปี 2012 ก่อนจะเปลี่ยนโฉม ตัว RS แท้ ถึงจะมีครบทุกอย่าง แม่งโคตรกั๊กเลย ราคาก็ไม่ได้ต่างกันนิดๆหน่อยๆ",negative,wisesight_sentiment,neg,265,master,False,
3686,ได้เลยจ้า นัดมาเลยจ้าาแต่ช่วงนี้ งานเยอะมากกใกล้สอบ อิแม่เพลียยย,negative,wisesight_sentiment,neg,64,master,False,
3687,อยากสวยเหมือนมาร์กี้ค่ะ ดูดีมาก ใส่อะไรก็งาม นั่งท่าอะไรก็สวยไปโม้ดดด #มาส์กโชสวยข้ามคืน #cho_cosmetics #daradaily #ดาราเดลี่,positive,wisesight_sentiment,pos,125,master,False,
3688,พี่เพิ่งรู้ว่าร้านกอล์ฟ เดี๋ยวไปอุดหนุนบ้าง,positive,wisesight_sentiment,pos,43,master,False,
3689,รอไม่ไหวแล้ว อยากจะไปเดี๋ยวนี้55,negative,wisesight_sentiment,neg,32,master,False,
3690,เลี้ยงหน่อยยยย,positive,wisesight_sentiment,pos,14,master,False,
3691,กินได้หมดยกเว้นสิงห์ พ่อเพื่อนทำงานสิงห์มันก็โฆษณาให้องค์กรพ่อมันสุด ขอเป็นเบียร์ละกันนะเพิ่น น้ำไม่เป็นจะดื่มเรย,negative,wisesight_sentiment,neg,113,master,False,
3692,อาทิตย์หน้าไปเกาหลี จะต้องไม่มีการซื้อเสื้อผ้า แต่ถ้าบุหรี่ iqos ถูกจะลอง,negative,wisesight_sentiment,neg,73,master,False,
3693,ก่อนจะเพิ่มเน็ตช่วยแก้ที่สัญญาณก่อนไหมคะ? ในเมื่อฐานลูกค้าใช้เยอะต้องมีแต่สิ่งดีๆสิคะไม่ใช่เอะอะล่มๆแบบนี้ ชอบตอนที่เป็น Orange มากกว่า😆,negative,wisesight_sentiment,neg,136,master,False,
3694,ไปปบบไปกินแค่ชาไทะได้มะ5555,positive,wisesight_sentiment,pos,27,master,False,
3695,ตั้งใจว่าจะไม่กินเหล้าอีกทีจนกว่าจะขึ้นปีสอง ตอนคิดก้คิดถึงแต่พวกเบลน แสงโสมที่มันไม่ค่อยอร่อยอ่ะ อ้าว ลืมไปว่าเรามีสเมอนอฟ //ศีลแตก,negative,wisesight_sentiment,neg,132,master,False,
3696,ชอบ biore ซึมไวมากกกกกกกกก ถูกด้วย อิอิ,positive,wisesight_sentiment,pos,39,master,False,
3697,ส่วนตัว ม่ายหย่อย,negative,wisesight_sentiment,neg,17,master,False,
3698,แล้ว ถ้า คน ไม่กิน น้ำอัดลม ก็ เซง ดิ,negative,wisesight_sentiment,neg,37,master,False,
3699,ขับรถใหญ่ๆแล้วมาขับนิสสันมาร์ชนี่แบบอึดอัด55555555555555555555,negative,wisesight_sentiment,neg,62,master,False,
3700,MG3สวยคับดูรถได้ที่ไหนครับ,positive,wisesight_sentiment,pos,26,master,False,
3701,สามารถใช้ได้ตามปกติทุกตัวค่ะ ซึ่งผลิตภัณฑ์ Hada Labo ทุกประเภทผลิตภายใต้มาตรฐาน GMP และ PICs ปราศจากสารปรุงแต่งที่ส่งผลกระทบต่อผิวหน้า จึงเป็นผลิตภัณฑ์ที่อ่อนโยนปลอดภัย แม้ผิวแพ้ง่ายก็สามารถใช้ได้ และในกรณีของคุณแม่ตั้งครรภ์ หากกลัวว่าจะเกิดการแพ้ อาจจะนำผลิตภัณฑ์ไปปรึกษาคุณหมอเพื่อความมั่นใจมากยิ่งขึ้นด้วยก็ได้นะคะ :),positive,wisesight_sentiment,pos,320,master,False,
3702,ต้องขอบคุณ เบียร์สิงห์อันดับแรกเลยครับ,positive,wisesight_sentiment,pos,38,master,False,
3703,มีนิสสันซิลฟี่หรือไม่ครับ,positive,wisesight_sentiment,pos,25,master,False,
3704,ขอร้องเรียนพนักงานเอ็มเค สาขาแหลมทองบางแสน พนักงานชุดขาวผูกไท (คาดว่าจะเป็นผช.ผู้จัดการร้านรึป่าวไม่แน่ใจ) วันที่ 2 ม.ค. 61 เวลา ประมาณ 13.56 น. พาครอบครัวไปทานกันทั้งหมด 5 คน เรื่องเกิดจากสั่งหอยจ๊อฮ่องเต่ รอบแรกสั่งไป 3 แต่ตอนมาส่ง มาส่งครั้งแรก 2 (มีบิล) ครั้งที่สองมาเพิ่มให้อีก 1 (ไม่มีบิล) สรุปครบ 3 จานตามที่สั่ง ครั้งที่ 2 สั่งเพิ่ม 1 มา 1 จาน ครบ สักพักพนักงานมาถามว่าได้ทั้งหมดกี่ที่ เราตอบ 4 แต่คงคิดว่าเราได้มา 5 (เป็นเพราะรอบแรกที่สั่ง ที่มาส่งครั้งที่ 2 ให้ 1 จานแล้วไม่มีบิล เลยคิดว่าเราได้มาโดยไม่ได้ออกบิล) เราไม่เคยคิดจะโกงใครนะคะ บอกไว้เลย เป็นที่การบริหารจัดการคุณไม่ดีรึป่าว สับสนเองแล้วจะมาหงุดหงิดใส่ลูกค้าได้ยังไง บรรยากาศในการทานอาหารเสียหมด วันหน้าของไม่ครบตามบิล ไม่ต้องมาส่งนะคะ หลังจากมีเรื่องบิลเข้ามา ผู้ชายชุดขาวผูกไทก็แสดงกิริยาแย่มาก เทน้ำให้หลานเรา น้ำแข็งจะกระเด็นโดนศีรษะ (เข้าใจว่าพลาดกันได้ถึง 2 ครั้ง) คำขอโทษสักคำก็ไม่มี เราไม่รู้หรอกว่าคุณตำแหน่งหน้าที่การงานใหญ่มากแค่ไหน รู้แค่ว่าคุณไม่เหมาะกับอาชีพการบริการ ถ้าไม่เต็มใจทำก็พิจารณาตัวเองบ้างนะคะ พนักงานคนอื่นที่ใส่ชุดพนักงานเสริฟเค้าน่าจะเป็นตัวอย่างที่ดีให้แก่คุณได้ ฝากทางสื่อช่วยแจ้งพนักงานปรับปรุงการให้บริการด้วยนะคะ ยังอยากจะทาน mk สุกี้ไปอีกนานๆ,negative,wisesight_sentiment,neg,1148,master,False,
3705,วันนี้ป่ะล่ะ หิว 55555,positive,wisesight_sentiment,pos,22,master,False,
3706,ไปกินที่สาขา ไอที สแควร์วันนี้กับแฟน ไม่โอเคเลย เลิกตลอดชาติ กลับมาอ๊วก ละก้อท้องเสียทั้งคู่ ทั้งวันไม่ได้กินอะไรอย่างอื่นมาก่อน กินแค่ hotpot ค่อนข้างมั่นใจว่าเป็น hotpot แน่ๆอาหารดูไม่สะอาด ของก็ไม่ครบ ของหมดกว่าจะเติมช้ามาก ขนาดมีคนกินแค่3โต๊ะในร้าน จานที่ไม่กินแล้ว พนักงานก้อไม่ดูแล ไม่เดินมาเก็บ ปล่อยล้นโต๊ะ ไม่โอเคค่ะ,negative,wisesight_sentiment,neg,325,master,False,
3707,"บุหรี่มวนอันตรายแน่ๆ ล้าน% บุหรี่ไฟฟ้าอันตราย 50,000%",positive,wisesight_sentiment,pos,53,master,False,
3708,ใช่ เพราะหลัง ๆ ร้านเหล้าไม่ค่อยขายแสงโสม ต้องหันไปกิน 285 ซึ่งแพงกว่า ไม่ใช่ทาง 5555555555555,negative,wisesight_sentiment,neg,94,master,False,
3709,พะแนง/ขี้เมา. อร่อย,positive,wisesight_sentiment,pos,19,master,False,
3710,safe series 2018 จาก netflix เรื่องเกี่ยวกับลูกสาวหายตัวไป พ่อเธอจึงออกตามหา เล่าเรื่องได้สูตรสำเร็จของนิยายฮาลาน โคเบนมาก การสืบต่อไปเรื่อยจนพบความจริง ที่ชอบก็คือแม่งเก่งที่ทำให้ทุกตัวละครน่าสงสัยไปหมดได้ ถือว่าเป็น 8ep ที่ไม่น่าเบื่อเลยสนุกมาก #ชิตพลรีวิว,positive,wisesight_sentiment,pos,258,master,False,
3711,ขอบคุณพี่ๆทุกคน ที่ยอมเหนื่อยเพื่อให้อะไรดีขึ้นๆครับ,positive,wisesight_sentiment,pos,52,master,False,
3712,บาคาดี้เมื่อคืนติดลมมาก วันนี้แฮงค์ทั้งวันยังไม่หายเลยเนี่ย คุณหลอกดาวสั่ดๆ555555555,negative,wisesight_sentiment,neg,84,master,False,
3713,"แดงโดนใจจริงๆ 😲 Honda Civic Hatchback Rallye RED ลุยงาน #MotorShow2018 หลังจากที่เคยเปิดตัวในรุ่นซีดาน . มาพร้อมระบบสตาร์ทเครื่องยนต์แบบอัจฉริยะ (One Push Ignition System) แค่เพียงกดปุ่ม Start เครื่องยนต์ 1.5 ลิตร เทอร์โบ ของ Honda Civic RED Turbo RS ก็พร้อมจะไปกับเราในทุกเส้นทาง . ราคาค่าตัวอยู่ที่ 1,169,000 บาท . ใครสนใจไปพบตัวจริงกันได้ที่บูธ A9 อาคารชาเลนเจอร์ฮอล์ 1-3 อิมแพค เมืองทองธานี",positive,wisesight_sentiment,pos,394,master,False,
3714,อย่าว่าแต่บาบิก้อน หมูกะทะธรรมดากูก็ไม่ดูอ่ะ,negative,wisesight_sentiment,neg,44,master,False,
3715,ถ้าพูดถึงราคา และคุณภาพก็ต้องนี่เลย Honda Brio ถึงตัวเล็กแต่ใจใหญ่เด้อออ ไปไหนไปกัน ไปเหนือล่องใต้ก็ไปมาแล้ว เริ่ดสุดตรงประหยัดน้ำมันนี่แหละ อยากมอบมงให้รถตัวเอง ดีไซน์กระทัดรัดแต่โฉบเฉี่ยว ใครจอดตรงไหนไม่ได้ บริโอ้ชั้นจอดได้ย่ะ 55555 ขอบคุณฮอนด้าที่ทำให้เราพบกัน อัง สาแม,positive,wisesight_sentiment,pos,272,master,False,
3716,ด้วยความยินดีเป็นอย่างยิ่งคร้าบ,positive,wisesight_sentiment,pos,31,master,False,
3717,เป็นเรื่องของภาพลักษณ์รถยี่ห้อ และรุ่นนั้นครับ แต่เดิมโตโยต้าไม่ได้มีปัญหาอะไร แต่ยี่ห้ออื่นมีเรื่องแบบนี้อยู่ (เราถึงไม่เห็นบางยี่ห้อที่เอามาทำแท็กซี่เลย) อัลติสตอนออกใหม่ รถที่จะถูกเอาไปทำแท็กซี่ยังใช้ชื่อ Limo เลย ไม่ได้แปะป้ายอัสติสที่ตัวรถ,negative,wisesight_sentiment,neg,244,master,False,
3718,มีรุ่น Honda Civic เครื่อง 1.8 สีบรอนซ์เงิน เกียร์ออโต้ ราคา ไม่แพงไหมครับ,negative,wisesight_sentiment,neg,74,master,False,
3719,ก่อนหน้านั้นกินแสงละกินเบียต่อยังไม่ขนาดนี้ พอแดกเรดเท่านั้นแหละ อีสัส ชีวิต,negative,wisesight_sentiment,neg,76,master,False,
3720,ตกลงที่แท้กคือจะมา!!! แหม่,positive,wisesight_sentiment,pos,26,master,False,
3721,ต้องไปลองกันนะ,positive,wisesight_sentiment,pos,14,master,False,
3722,ป่ะอย่างอร่อย,positive,wisesight_sentiment,pos,13,master,False,
3723,ไช้ครับป๋าเขาเขาควันเยอะบอกอัตราย,negative,wisesight_sentiment,neg,33,master,False,
3724,รสชาติเปนยังไงคะ,positive,wisesight_sentiment,pos,16,master,False,
3725,ลดอีกแล้วเทอ. แต่เทอก้อยังไม่มาอ่ะ 5555,positive,wisesight_sentiment,pos,39,master,False,
3726,จ๊ะ จ๋า ผมว่าขนาดล้อใหญ่กว่าซีวิค เสียงก็ย่อมดังกว่าเป็นธรรมดานะ(เดิมใช้ซีวิค12)ครับ,negative,wisesight_sentiment,neg,84,master,False,
3727,วันเกิด //ให้เบ็ญเลี้ยง,positive,wisesight_sentiment,pos,23,master,False,
3728,จะออกรถcivic 1.8 EL ที่ภูเก็ตวันที่11เดือนนี้ล่ะ พอมาอ่านคอมเมนเกี่ยวกับฮอนด้าลังเลเลยครับ เรื่องศูนย์บริการ บัตรของขวัญ อื่นๆ นี่จะยังเชื่อฮอนด้าได้อยู่ไหมครับ ศูนย์ซ้อมที่เปิดก็...สาขามะลิวัลล์เล็กล่ะ เจอสาขานาคาเข้าไป....😂😂😂,negative,wisesight_sentiment,neg,227,master,False,
3729,เสียใจด้วยที่ลพบุรี ไม่ได้ร่วมรายการ 😭😭😭,negative,wisesight_sentiment,neg,40,master,False,
3730,กินไม่ได้​ แพ้​ คัน​ 555,negative,wisesight_sentiment,neg,24,master,False,
3731,แบบrefillมีสาขาไหนบ้างคะ พี่ก้อน,positive,wisesight_sentiment,pos,32,master,False,
3732,พูดจริงพูดเล่นอะ เบียร์ช้างขวดเป็นร้อย เหี้ยเถอะ,negative,wisesight_sentiment,neg,48,master,False,
3733,เมื่อไหร่จะเลิกเอาเรื่องล้มเจ้ามาเป็นข้อโต้แย้งในเรื่องการเมืองซะทีอ่ะ คือไม่เบื่อไม่ซ้ำซากหรอ แม่งยังไม่ทันจะประกาศชื่อพรรคก็มาแล้วมุกนี้ ตั้งแต่ตะโกนในโรงหนังเจ็ดแปดสิบปีที่แล้วงี้อ่ะ คิดอะไรไม่ได้ก็เอาเรื่องนี้มา ควาย ส่องกระจกเลยพวกมึงนี่แหละทำสังคมแตกแยก ดึงนู่นนี่ลงมา รำ,negative,wisesight_sentiment,neg,277,master,False,
3734,แต่วันนี้ซ่า คือเปงหวัดกระแดะแดกแอล เปงไงอีเชี้ย หายใจไม่ออกเว้ย คนอ่อนนี่มันอ่อนจริงๆ ฟูลมูนขวดเดียวก็ทำกุใกล้ตายได้ เบื่อๆๆๆๆๆ,negative,wisesight_sentiment,neg,128,master,False,
3735,ครีมสมูทอีหีแตดนี่ คือแพงมาก และเหม็นมาก,negative,wisesight_sentiment,neg,40,master,False,
3736,เลือกเอานร้าเสาร์หน้า,positive,wisesight_sentiment,pos,21,master,False,
3737,เกือบห้าพัน บอกไม่กี่บาท,negative,wisesight_sentiment,neg,24,master,False,
3738,ทำไม่เรารู้สึกว่าบาบิก้อนไม่อร่อยสู้ปิ้งย่างแบบตามร้านหมูกะทะทั่วๆไปไม่ได้คือกินแล้วไม่ได้ฟิวอะหรือลิ้นเราไม่ถูกกะของขึ้นห้างหว่า😂😂,negative,wisesight_sentiment,neg,131,master,False,
3739,Nissan X-Trail ขับขี่ในเมืองก็ประหยัด ขับขี่ตะลุยป่ามีระบบ4WD ปลอดภัย,positive,wisesight_sentiment,pos,69,master,False,
3740,ต้องพาน้องจิไปกิน,positive,wisesight_sentiment,pos,17,master,False,
3741,น่ากิงเน้อออออ,positive,wisesight_sentiment,pos,14,master,False,
3742,แสงโสมแบนเดียวทำอะไรกูไม่ได้,negative,wisesight_sentiment,neg,28,master,False,
3743,แล้วทำไมอะทำไมที่บ้านต้องมากินเอ็มเคกันในวันที่มีไลฟ์มาม่าอะอยากกินมาจะสองอาทิตย์แล้วดันมากินไรกันวันนี้อะฮือ,negative,wisesight_sentiment,neg,109,master,False,
3744,อยากจิลองมะ,positive,wisesight_sentiment,pos,11,master,False,
3745,ของที่มันeffective เนี่ย มาพร้อมข้อเสียในชีวิตนุ้งเสมอ ทั้งเอสเคืทั้งซัลวาซู,negative,wisesight_sentiment,neg,76,master,False,
3746,ก้อนใจร้าย ไม่มีชื่อไทยเลย 😭,negative,wisesight_sentiment,neg,28,master,False,
3747,อยากกินมาก,positive,wisesight_sentiment,pos,10,master,False,
3748,พากูไปกินแมคด้วยนะ,positive,wisesight_sentiment,pos,18,master,False,
3749,จะพาเราไปกินบีกอนมั้ย ไม่งั้นเลาจะกัดแรงอีกนะ,positive,wisesight_sentiment,pos,45,master,False,
3750,สุดยอดเลยครับ Nissan พัฒนาเทคโนโลยีอัจฉริยะ มาอยู่เรื่อยๆเลยชอบครับ,positive,wisesight_sentiment,pos,67,master,False,
3751,ผิดกฏหมายข้อไหนก็บอกเค้าไปสิคุณตำรวจ55,negative,wisesight_sentiment,neg,38,master,False,
3752,เออ ควรเชื่อน้องพายตั้งแต่แรกอ่ะ ไม่น่าอ่านเลยกู,negative,wisesight_sentiment,neg,48,master,False,
3753,พาแม่ไปกินกัน,positive,wisesight_sentiment,pos,13,master,False,
3754,ต้องรุ่นนี้เลยครับ Honda Civic มันเป็นรถที่มีเสน่ห์มากๆ ผมไปเดินงาน MotorShow ทีไรต้องมองและเข้าไปลองสัมผัสทุกที แต่ยังเก็บเงินซื้ออยู่ครับ รุ่นนี้บอกเลยผมต้องซื้อมาขับเป็นคันแรกแน่นอน (ขอเก็บเงินอีกหน่อย ใกล้แล้วๆ) ปล.ไม่มีภาพคู่กับรถ แต่อีกไม่นานครับ ฝันน....ให้ไกลไปให้ถึง #ฮอนด้าที่รัก #EnjoyHondaThailand,positive,wisesight_sentiment,pos,309,master,False,
3755,น่าจะคุ้มกว่า,positive,wisesight_sentiment,pos,13,master,False,
3756,ดัน.....ๆครับ....เอาด้วย,positive,wisesight_sentiment,pos,24,master,False,
3757,อยากกินเหรอคร้า,positive,wisesight_sentiment,pos,15,master,False,
3758,ช้ากว่าเคอรี่,negative,wisesight_sentiment,neg,13,master,False,
3759,เทคนิคการป้องกันผิวรับซัมเมอร์ 1. ทาครีมกันเเดดก่อนออกแดด 30 นาที เเละทาซ้ำทุกๆ 2 ชม. 2. พยายามหลบเลี่ยงเเสงแดด ไม่เผชิญเเสงแดดโดยตรง 3. ทานน้ำสะอาดมากๆ อยากได้ Kiehl's Daily UV Defense เพราะ จะเอาไปให้คนในครอบครัวใช้ค่ะ,positive,wisesight_sentiment,pos,220,master,False,
3760,ความคิดเห็นส่วนตัว ผมว่าไม่ถึงกับ mazda 2 หรอก แต่จะประหยัดขึ้น อาจจะใกล้เคียง mazda 2 นางฉีดตรง อย่างไงๆ ก็ประหยัดกว่า,positive,wisesight_sentiment,pos,119,master,False,
3761,ขอให้ผ่านลุล่วงไปด้วยดีครับ,positive,wisesight_sentiment,pos,27,master,False,
3762,น้ำติ้มไม่หร่อย เค้าไม่กินเนื้อ ไม่ชอบบบอ่ะ,negative,wisesight_sentiment,neg,43,master,False,
3763,หนูกินเอ็มเคอยู่ ทิ้งไปชะเง้อไม่ได้จริงๆ,negative,wisesight_sentiment,neg,40,master,False,
3764,มันมากสนุกมากอยากให้มาอีกคะสุดยอดBLEND285😍😍😍😍😍😍,positive,wisesight_sentiment,pos,47,master,False,
3765,น้องไส้กรอก + น้องหงส์ทอง 55 ดาวพระศุกร์ ศิษย์ลูกปางป้อมยิม,positive,wisesight_sentiment,pos,59,master,False,
3766,เทอมีน้ำดำแว้ว ป๋าแนน ช่างกล,positive,wisesight_sentiment,pos,28,master,False,
3767,เค้าไม่กินน้ำอัดลม,negative,wisesight_sentiment,neg,18,master,False,
3768,ทำ 3ce หายไม่เจ็บใจเท่า dior หายอะ 5555555555 น้องหายยย ᅲᅲ ฮือ,negative,wisesight_sentiment,neg,62,master,False,
3769,ไม่ชอบกินบาบิกอนอ่ะ,negative,wisesight_sentiment,neg,19,master,False,
3770,พูดได้ฮาดี เอา เหล้าแบล็ค ไปกินสักขวดมั๊ย,positive,wisesight_sentiment,pos,41,master,False,
3771,กูโดนมาแล้ว งานปากน้ำกูเห็นเขียน20บาท ยิงซองบุหรี่ตก ได้เหล้า กูหวังจะเอาRedสั กกลม กูเลยลองยิงไปลูกหนึ่ง แล้วกูถามว่า จานละ20บาทเหรอ มันมองหน้ากูแล้วยิ้ม เดินหนีกู กูเลยกะหน่ำเลย ยิงจนหมดจาน 25ลูก พอหมดกูเอาจ่ายตังค์ กูให้แบงค์100บาท1ใบ มันบอก500บาท. สัส 500 กูซื้อเหล้า พร้อมโซดา กับแกล้ม สบาย,negative,wisesight_sentiment,neg,295,master,False,
3772,แบบนี้ไม่ดีเลยยย,negative,wisesight_sentiment,neg,16,master,False,
3773,ไม่มีเวลาด้วยรอบนี้5555,positive,wisesight_sentiment,pos,23,master,False,
3774,กินๆ รอเงินออก,positive,wisesight_sentiment,pos,14,master,False,
3775,ไปกินกันเหอะ,positive,wisesight_sentiment,pos,12,master,False,
3776,ขอลาได้มะ กิน MK บ่อยมาก นานๆเจอเพื่อนที่ขอแหวกๆ 555,negative,wisesight_sentiment,neg,52,master,False,
3777,ฝีที่เนื้อนะ พูดแถลงมาได้อย่างไรว่าไม่เป็นอันตรายต่อการบริโภค มันมีเชื้อแบคทีเรียไม่ใช่หรอ โปรดอย่าทำให้ผู้บริโภคเข้าใจผิด ยิ่งหากพิจารณาที่ราคาอาหารที่สูงกว่าทั่วไปเพราะเป็นแบรนด์ขึ้นห้างด้วยแล้ว ปล่อยผ่านมาถึงลูกค้าแบบนี้ไม่ถูก แล้วยังแถลงการณ์ให้เกิดความเข้าใจผิดว่าไม่เป็นอันตรายทั้งๆที่ไม่ควรบริโภค เป็นการแสดงความรับผิดชอบที่ไม่โอเคเลยค่ะ,negative,wisesight_sentiment,neg,344,master,False,
3778,เหม็นบุหรี่ไฟฟ้าว้อยยย ปวดเมนส์ด้วย แงงงง 😢😭,negative,wisesight_sentiment,neg,44,master,False,
3779,นานๆจะเจอ Matcha Latte ที่ถูกใจ เราเป็นคนที่ชอบรสมัทฉะเข้มๆ กินแล้วได้สัมผัสที่เป็นผงๆ สากๆ อันนี้ของร้าน Union Coffee อารีย์ ลงรถไฟฟ้าเดินเข้ามาในซอกตึกปิยวรรณ แก้วละ 50 เท่านั้น 🤟🏻 #ปฑรชวนชิม,positive,wisesight_sentiment,pos,193,master,False,
3780,อยากกินบาบิคิวพลาซ่า,positive,wisesight_sentiment,pos,20,master,False,
3781,เช้าแล้วกินเยอะได้,positive,wisesight_sentiment,pos,18,master,False,
3782,Toyota Yaris รถออกจะดี ทำไมถึงเลือกวิธีนี้,negative,wisesight_sentiment,neg,42,master,False,
3783,เห็นเค้าพูดได้ดี แน่นอนผมรุว่าผิดแต่กฎหมายมันแรงไป,negative,wisesight_sentiment,neg,50,master,False,
3784,พรุ่งนี้คัยหยุดบ้างไปกินกัน,positive,wisesight_sentiment,pos,27,master,False,
3785,เป็น ขี้เปียก บาบีกอน แน่ ๆ,negative,wisesight_sentiment,neg,27,master,False,
3786,งดค่ะ หุ่นกำลังดี เดี๋ยวบาป,negative,wisesight_sentiment,neg,27,master,False,
3787,เป็ด3 ชิ้น,negative,wisesight_sentiment,neg,10,master,False,
3788,#ลอรีเอะเฟรสคอนโทรล #30cm.ซื้อง่ายที่เซเว่น #ล็อคกลิ่นได้มั่นใจไม่อับชื้น #นี่สิคอนโทรลได้มั่นใจทั้งคืน,positive,wisesight_sentiment,pos,103,master,False,
3789,หงษ์กลิ่นดีกว่า 285 มิดไนท์ที่เป็นวิสกี้นี่ดีสุดเหมือนกินเอ็มร้อยเพลินๆ,negative,wisesight_sentiment,neg,71,master,False,
3790,คนที่บอกสูบแล้วเสียเงินเสียทองพวกเราก็ไม่ได้ขอเงินมันซื้อสะที่ไหน สูบแล้วก็ออกกำลังกายได้ คนที่ดูดบางคนอายุยืนกว่าพวกที่ไม่สูบอีกรุ่นปู่-ย่า ตา ยายก็เห็นท่านแข็งแรงทุกคน(มือไม่พายอย่าเอาเท้าราน้ำ),negative,wisesight_sentiment,neg,196,master,False,
3791,รุ่นรถยนต์มิตซูบิชิในดวงใจคือ : ไทรทรันครับสวยทั้งภายนอกและภายใน ส่วนการใช้งานok.มากๆเลยครับและก็ใช้อยู่ครับ,positive,wisesight_sentiment,pos,108,master,False,
3792,ผมนี้ชอบMG3มันมินิดี,positive,wisesight_sentiment,pos,20,master,False,
3793,เทสรถ 200 กม.มันไม่เรียกว่าเทสแล้ว เขาเรียกว่าเอาไปใช้เลย ฮอนด้าน่าจะมีมาตรการเข้มงวดกับพนักงานงานมากกว่านี้ เสียชื่อหมด เห็นเรื่องเสียหายของฮอนด้ามาหลายครั่งแล้ว จนไม่กล้าซื้อมาใช้,negative,wisesight_sentiment,neg,181,master,False,
3794,ชิ้นเนื้อชิ้นนั้นยังอยู่ให้ตรวจสอบหรือนี่,positive,wisesight_sentiment,pos,41,master,False,
3795,ไปกัลลลลลล,positive,wisesight_sentiment,pos,10,master,False,
3796,ตึงเหล้าขาวตึงหงส์ทองมตีกันไปหมดแล้วววววววว,negative,wisesight_sentiment,neg,43,master,False,
3797,5555. จัดไปๆ😏,positive,wisesight_sentiment,pos,13,master,False,
3798,บาร์บิก้อนวันนี้ไม่อร่อยเลย รู้สึกกินสารอะไรสักอย่าง จะอ้วก,negative,wisesight_sentiment,neg,59,master,False,
3799,ตัวหนังสืออย่างกะมดสึดดดด,negative,wisesight_sentiment,neg,25,master,False,
3800,#ยุบพรรค #ไทยรักษาชาติ คดีคืบหน้าไวมากเลยนะครับ ส่วนคดีซื้อโต๊ะจีน #พลังประชารัฐ ยังชี้แจงไม่ได้เลยว่าเงินอีก 500 กว่าล้านเอามาจากไหน ซึ่งความผิดถึงขั้นยุบพรรคเหมือนกัน ละอายใจบ้างเถอะ เหลือศักดิ์ศรีไว้พูดคุยกับลูกกับหลานบ้าง,negative,wisesight_sentiment,neg,225,master,False,
3801,showdc คือเป็นอะไรที่ไปยากเหลือเกินพี่ปุ้ม5555555555,negative,wisesight_sentiment,neg,52,master,False,
3802,หนูอยากกินมากนะค่ะ ที่รัก 😗😗😗,positive,wisesight_sentiment,pos,29,master,False,
3803,กินเเล้วค่ะ.ดูจากรูป.ฟินๆๆๆๆๆ,positive,wisesight_sentiment,pos,29,master,False,
3804,คืนนี้มั๊ย,positive,wisesight_sentiment,pos,10,master,False,
3805,"รองพื้นคุชชั่นออกใหม่ จาก estee Double Wear Cushion BB All Day Wear Liquid Compact SPF 50 / PA ++++ ที่ตู่ใช้แล้วคนถามเยอะมากกก ว่าใช้รองพื้นอะไร สรุปตู่ใช้คูชั่นนะคะ555 ถามว่าทำไมถึงชอบ คือตัวนี้เค้าจะเนื้อเบาแต่ปกปิดเป็นธรรมชาติมาก คือเราสามารถบิ๊วมันได้ ว่าอยากให้ปกปิดระดับไหน แล้วก็ติดทนด้วย ปกติถ้ารองพื้นที่ไม่ทน จมูกเราจะเป็นคราบ แต่ตัวนี้ไม่เป็นนะ กันน้ำกันเหงื่อด้วย แถมยังให้ความชุ่มชื่นด้วย เรื่องแแดดไม่ต้องห่วง กันทั้ง UVA UVB ครบ พิเศษ เมื่อซื้อคุชชั่น หรือ รองพื้น Double Wear ใดๆ 1 ชิ้น รับฟรี กระจก Real You Beauty และ Crescent White UV Protector 5 มล. รวมมูลค่า 1,450 บาท เฉพาะที่ เอสเต ลอเดอร์ ออนไลน์ www.esteelauder.co.th เท่านั้น ตั้งแต่วันที่ 4 - 30 เม.ย. 61 หรือจนกว่าของจะหมด ❤️❤️",positive,wisesight_sentiment,pos,706,master,False,
3806,ไปด่าเขาแล้วเข้าเซเว่นบ้างหรือเปล่า หรือไม่เคยกินเบียร์สิงห์กินแต่ช้าง 5555,positive,wisesight_sentiment,pos,75,master,False,
3807,ขำไม่ออกจริงๆ,negative,wisesight_sentiment,neg,13,master,False,
3808,ห่วยแตกมากค่ะสาขาแจ่มฟ้าลำพูน ไม่ยอมลดราคาให้ อ้างนู้นอ้างนี้ ทางบริษัทไม่ได้แจ้งให้ทุกสาขาทราบหรอค่ะว่ามีโปรโมชั่นนี้. พนักงานบอกยังทำหน้างงๆกันอยู่เลย การบริการก็แย่มากค่ะ ช่วยปรับปรุงแก้ไขด้วยนะคะ,negative,wisesight_sentiment,neg,199,master,False,
3809,วิธีการสื่อสารกับเด็กๆ ของ อ.ปิยบุตร น่าสนใจ น้ำเสียงสบายๆ ดูไม่ประดิษฐ์ ขายของไปเรื่อยๆ เด็กถามก็ตอบธรรมดาๆ ไม่รู้สึกถึงการยัดเยียด ดูจากรีแอคชั่นของเด็กเห็นได้ว่าเด็กสบายใจที่จะคุยด้วย และที่ดีมากคือแม้เด็กอาจจะอายุไม่ถึงวัยเลือกตั้ง แต่ใช้เวลาพูดคุยด้วย pic.twitter.com/pB3s0QUUmD,positive,wisesight_sentiment,pos,283,master,False,
3810,จะกินแม็ก แต่เบื่อเหลือเกิน,negative,wisesight_sentiment,neg,27,master,False,
3811,เส้าสัด ปากกินกาแฟแต่พูดถึงกันแต่โฮกาเด้นแล้วอะ 555555555,negative,wisesight_sentiment,neg,57,master,False,
3812,คือดียยยยยย กราบNetflix ที่เอามาลง ซีรี่ย์อันดับ1 ในดวงใจจจจจจ #NetflixTH,positive,wisesight_sentiment,pos,73,master,False,
3813,ขออนุญาติจ้า ยูเซอรีนมา2ตัวนี้จ้าไม่แพงจ้า 790฿,negative,wisesight_sentiment,neg,47,master,False,
3814,เอมเค 370 บาท 5555+ แม่งมื้อเดียวอยู่ได้กี่วัน,negative,wisesight_sentiment,neg,46,master,False,
3815,วันนี้ถือว่าเป็นอีกเคสที่ต้องแสดงความยินดีและดีใจกับวงการแพทย์ไทย หนูน้อยได้ลืมตาดูโลก5ราย ท่ามกลางพายุปาบึกพัดกระหน่ำเข้ามาอย่างรุนแรงที่โรงพยาบาลสิชล นครศรีธรรมราช โดยทีมแพทย์ได้ทำการคลอดปกติ2ราย ผ่าคลอด3ราย โดยไม่มีไฟฟ้าใดๆ เนื่องจากไฟฟ้าดับมืดสนิท ผลการคลอด5รายปลอดภัย #ปาบึก,positive,wisesight_sentiment,pos,279,master,False,
3816,ขออีกรูป ไม่รู้ว่าไปโดน285รึเบียร์ช้างมาถึงเป็นแบบนี้ ผมเจอตอนตี4 นึกว่านอนหลับ เพื่อนเค้าไปไหนหมดถึงมานอนคนเดียว,positive,wisesight_sentiment,pos,113,master,False,
3817,กลับมาค่อยไปกินกัน,positive,wisesight_sentiment,pos,18,master,False,
3818,ไปๆสนุกกัน,positive,wisesight_sentiment,pos,10,master,False,
3819,เค้าลองป๋องดำกับเบียร์แล้วไม่อร่อย แต่กินกับเหล้าแล่มเลย,negative,wisesight_sentiment,neg,56,master,False,
3820,อยากได้แคมรี่2017คับจะเอามาวิ่งงานสนามบิน เกิดเดือน 11 คับ,positive,wisesight_sentiment,pos,58,master,False,
3821,ขาวๆๆแดงๆๆหวานๆๆหอมเนื้อปู,positive,wisesight_sentiment,pos,26,master,False,
3822,เออ เนี่ยรอสายอยู่ นานชิบหาย ของบัวหลวง รอสายนานมากค่ะ ปรับปรุงด้วยนะคะถ้าเห็น,negative,wisesight_sentiment,neg,78,master,False,
3823,ก็ดี แต่อะไรที่ควรมี ดันไม่มี อะไรที่ ดีดันไม่ใช่ ตลกดี โตโยต้า เช่น เบรค มือ คนอื่นเค้าไปไกลถึงไหนล่ะ ดิสเบรค แทนที่จะเป็นดิสเบรค เห๋อ ไอ้ปุ่ม สตาร์ทเครื่องดับ ออโต้เมติค ใส่มาเพื่อ หน้าลำคานต้องคอย กดปิด,negative,wisesight_sentiment,neg,205,master,False,
3824,ไปบอกซีพี เซ็นทรัล เบียร์ช้าง สิงห์นู้น ควย,negative,wisesight_sentiment,neg,43,master,False,
3825,ยั๊กกินอันนี้,positive,wisesight_sentiment,pos,13,master,False,
3826,ขายขี้หน้าชิบบบ,negative,wisesight_sentiment,neg,15,master,False,
3827,อยากกิน ฉลองความโสดของมึงกะกู ในเมื่อบาร์บีคิวพลาซ่าา มันอร่อยมันจึงคู่ควรกับความโสดของเรา555555,positive,wisesight_sentiment,pos,96,master,False,
3828,นี่ก็เลือกถ้าเลือกได้จะกินแต่มองต์เฟลอ ถ้าไม่มีให้เลือกก็อะไรก็ได้ที่ไม่ใช่สิงห์😂😂,negative,wisesight_sentiment,neg,82,master,False,
3829,ของผมมันทำงานตลอดเลยครับไม่ตัดเป็นเพราะอะไรครับdmaxครับ,negative,wisesight_sentiment,neg,55,master,False,
3830,เล็กลงมา แต่ดีเท่าเดิม 😘 แวะมาหาได้ที่เซเว่นน๊า 💛#ubeer ❤️ ฮิพหน่อยแต่อร่อย 😂,positive,wisesight_sentiment,pos,77,master,False,
3831,มาสด้า 2 ห้าประตูมีมั้ย,positive,wisesight_sentiment,pos,23,master,False,
3832,แล้วรถบ้านทั่วๆไปแบบ civic vios camry เสียภาษีแบบไหนบ้างครับ แบบไม่รู้จริงๆ,negative,wisesight_sentiment,neg,75,master,False,
3833,มากินที่ตรังเด้2คน,positive,wisesight_sentiment,pos,18,master,False,
3834,ดีแมกตัวsใด้3คัน,negative,wisesight_sentiment,neg,16,master,False,
3835,อันนี้คือชาเอิร์ลเกรย์ครีมชีส ทำได้แย่มาก ไม่ได้อคติ MK นะคะ ดิฉันเป็นสมาชิกแพลทตินัมค่ะ,negative,wisesight_sentiment,neg,88,master,False,
3836,เดียวนี้ทิ้งกุเเดกไง,positive,wisesight_sentiment,pos,20,master,False,
3837,ชอบสนามบิน Schiphol อัมสเตอร์ดัม ตรงที่ดูเหมือนจิ๋วๆ แต่มีทุกอย่างที่จำเป็นและควรมี จะไปแท็กซี่ รถไฟใต้ดิน โฮเทลบัส คือเดินไม่กี่ก้าวก็ถึงละ ตัดภาพมาที่ดอนเมืองบ้านฉาน เวิ้งว้างล่ะเกิน,positive,wisesight_sentiment,pos,184,master,False,
3838,ไม่เอากลัวข่าวบาบีก้อน,negative,wisesight_sentiment,neg,22,master,False,
3839,ไม่เหนมีสี 05 เลยค่ะ,negative,wisesight_sentiment,neg,20,master,False,
3840,แดก285ก้ไปว่าเขา ว่าเขาทำไม ยุ่ในเมืองกรุงแดกเยอะแยะคับ,positive,wisesight_sentiment,pos,55,master,False,
3841,กูนึกว่าบลัชเดอะเฟสช็อป หลอกลวง .กระทืบ,negative,wisesight_sentiment,neg,39,master,False,
3842,เห็นรูปหมูบาบีก้อนแล้วขนลุก จะอ้วก,negative,wisesight_sentiment,neg,34,master,False,
3843,ไม่ได้กินบาบีก้อนมา 7 เดือน !!!!!,negative,wisesight_sentiment,neg,33,master,False,
3844,อยากได้นิสสันครับ. นิสสัน GTR,positive,wisesight_sentiment,pos,29,master,False,
3845,รักก้อนนร้า ก้อนน่ารัก 😙😙😙,positive,wisesight_sentiment,pos,26,master,False,
3846,ใครจะไปเชื่อ 265 บาทเท่านั้น #มีดีมากกว่าหน้าตา #TeamRoyal,positive,wisesight_sentiment,pos,58,master,False,
3847,กาวผ้าอนามัยมันติดโต๊ะติดกระดาษติดแทบจะทุกอย่างยกเว้นกางเกงใน555555,negative,wisesight_sentiment,neg,67,master,False,
3848,แอร์เอเชียรึเปล่าคะ 555,negative,wisesight_sentiment,neg,23,master,False,
3849,เกี่ยวมั้ยไม่รู้ แต่รู้สึกยูเซอรีนนางทำหัวสิวอุดตันเราโผล่ขึ้นมาแหลว &gt;&lt;,negative,wisesight_sentiment,neg,77,master,False,
3850,เกาหลีนี่คนสถุลมากนะคะบอกเลย ให้ไปเกาหลี 10 ครั้งกับไปญี่ปุ่น 1 ครั้ง เลือกไปญี่ปุ่นค่ะ อีกอย่างสำหรับ skincare เกาหลีใช้ดีเหรอคะ ห่วยมากค่ะ ใช้ Olay สูตรของอเมริกายังเห็นผลกว่าอีก อีกอย่าง ถ้าไม่ไปเปลี่ยนเครื่องหรือมีบินเข้าอเมริกาเวลาดีหรือตั๋วราคาประหยัดก็ไม่ใช้นะคะสายการบินเกา อีกอย่างเพื่อนร่วมงานคนเกานิสัย rude มาก โครตเกลียดเลย,negative,wisesight_sentiment,neg,336,master,False,
3851,กินปูอะร้อนท้อง กินsmirnoffร้อนคอเลยอีสัส,negative,wisesight_sentiment,neg,41,master,False,
3852,เสียใจเซ็นทรัลเวสเกตไม่ร่วม,negative,wisesight_sentiment,neg,27,master,False,
3853,อยากกินอ่ะ😭😭😭😭😭🤤🤤🤤,positive,wisesight_sentiment,pos,18,master,False,
3854,เอาไปด้วยไง,positive,wisesight_sentiment,pos,11,master,False,
3855,ถ้าลีโอร้อยกว่าบาทก็แดกน้ำองุ่นทิปโก้เอาแหละ บ้า,negative,wisesight_sentiment,neg,48,master,False,
3856,ดีใจมีรถยี่ห้อแรกไปทำโฆษณาที่หินสามวาฬบ้านผม ใช้วีออสอยู่ครับ ชอบรีโว,positive,wisesight_sentiment,pos,69,master,False,
3857,มาดามฮักเส้น ก๋วยเตี๋ยวต้มยำเมืองแพร่ พาไปเลี้ยงหน่อย,positive,wisesight_sentiment,pos,53,master,False,
3858,ผาตากเสื้อ. จังหวัดหนองคาย. ก็สนุกน่ะวิวก็ดีเสียอยางเดียวคนเยอะนิดนึงในเทศกาล555+,positive,wisesight_sentiment,pos,81,master,False,
3859,เกลียดดดดด ไม่เข้าใจกูววว 🙄🙄🙄,negative,wisesight_sentiment,neg,29,master,False,
3860,ที่จริงเบียร์สิงห์ก็อร่อยนะ. ชิมก่อนได้ครับ,positive,wisesight_sentiment,pos,43,master,False,
3861,เค้าอยากได้ เตา อบ เค้าจะทำ มินิ เบเกอรี่,positive,wisesight_sentiment,pos,41,master,False,
3862,อีกอันที่hard saleโดยดาราจนรู้สึกไม่เชื่อในคุณภาพคือdr. jill มันดูไม่น่าซื้ออ่ะ พอไปขายทุกรายการทีวีขนาดนี้,negative,wisesight_sentiment,neg,107,master,False,
3863,เสาร์นี้นะ...โรบินสันบางรัก,positive,wisesight_sentiment,pos,27,master,False,
3864,อยู่ที่โค้กแล้วครับ ว่าจะใช้อะไร์ โค้ก เปปซี่!! รัมบาคาดี้ ก็โอเคอยู่ มีมาตรฐาน แต่ราคาแรงไปนิด!,negative,wisesight_sentiment,neg,96,master,False,
3865,แพ้ผ้าอนามัยไปอีก #โอ๊ยชีวิต,negative,wisesight_sentiment,neg,28,master,False,
3866,รสชาติดีคะ ชอบ.,positive,wisesight_sentiment,pos,15,master,False,
3867,พาไปซื้อ lancome หน่อย,positive,wisesight_sentiment,pos,22,master,False,
3868,กว่าจะได้ชุดไทย เสียตังเช่าแพงกว่าค่าก้อนอีก,negative,wisesight_sentiment,neg,44,master,False,
3869,"หลายคนอาจจะไม่รู้ ว่าที่บาร์บีคิวพลาซ่าเมนู""ลาบ""อร่อยมากกกกก เค้าจะใส่ทั้งหมูสับ ตับหมู หนังหมู หนังหมูของที่นี่เค้าจะเหนียวๆหน่อย กรึบกรับๆ แล้วรสชาติเค้าแซ่บมาก ทั้งเผ็ดทั้งเปรี้ยว ชอบกินกันทั้งบ้านเลยคะ โดยเฉพาะคุณแม่ กินคู่กับชุดครอบครัวหมู เพิ่มรสชาติให้มันอร่อยยิ่งขึ้นคะ😊",positive,wisesight_sentiment,pos,278,master,False,
3870,ช้าง...... กินแล้วอวกเกือบตาย...... เบียร์คนไทยทำเองๆๆๆๆ555,negative,wisesight_sentiment,neg,59,master,False,
3871,Nissan X Trail รถคุณภาพเยี่ยม สวยมากๆ สมรรถนะ เยี่ยม น่าสนใจมาก,positive,wisesight_sentiment,pos,63,master,False,
3872,ไผกินเบียช้างก็ระวังกันแนเด้อเดี่ยวสิถืกจับ งึดหลาย,negative,wisesight_sentiment,neg,51,master,False,
3873,เราหายใจไม่ออกแล้วค่าาาาาาา 🤣,positive,wisesight_sentiment,pos,29,master,False,
3874,ลงชื่อตรงไหนครับ,positive,wisesight_sentiment,pos,16,master,False,
3875,เอาว้อดก้ากลับมาขายด้วยได้ไหม blend285 แดกไม่มีความอร่อยเลย,negative,wisesight_sentiment,neg,59,master,False,
3876,มีหลักฐานนะไอมูกเปียก,positive,wisesight_sentiment,pos,21,master,False,
3877,สาขาเดอะมอล์ท่าพระยิ่งกินอาหารเริ่มน้อยลงดูแล้วอาหารไม่มีอะไรเลย,negative,wisesight_sentiment,neg,64,master,False,
3878,อยากให้มี ขนมปังชีส ไอศครีมนมสด หอมทอด แซนวิชอร่อยๆ,positive,wisesight_sentiment,pos,51,master,False,
3879,วันที่เราท่องเที่ยวเราก็อยากจะพักผ่อนและผ่อนคลายไปพร้อมๆกันค่ะ และ u motel สามารถเป็นรถพาเราไปท่องเที่ยวได้ และเราก็สามารถนอนหลับพักผ่อนบนรถ u motel ได้ และดูทีวีเพื่อผ่อนคลาย ทำอาหารอร่อยๆสังสรรค์กัน เข้าห้องน้ำปลดทุกข์ได้ เรียกว่าทำทุกๆอย่างได้เหมือนอยู่ที่บ้านค่ะ และอยากไปสัมผัส u motel แบบเต็มๆวัน #sleepwithu #ubeer #umotel #umotel,positive,wisesight_sentiment,pos,337,master,False,
3880,ขอตังค์ซื้อหน่อย,positive,wisesight_sentiment,pos,16,master,False,
3881,มากินกับเค้าสิ๊,positive,wisesight_sentiment,pos,15,master,False,
3882,คนนี้คอนเฟิร์มว่าดีมาก ทั้งรุ่น long และ volume คือ maybelineที่ว่าแน่ยังตอนแพ้นางนาจา,negative,wisesight_sentiment,neg,86,master,False,
3883,เค็มมาก โซเดียมเท่าไหร่ครับ,negative,wisesight_sentiment,neg,27,master,False,
3884,เบลนเหม็นๆๆๆ อยากกินลีโอ,negative,wisesight_sentiment,neg,24,master,False,
3885,ท้อจากอินนิสฟรีมากเวนเน้ย ของราคาไม่เกินแปดร้อยขายพันอัพขอให้เจริญ,negative,wisesight_sentiment,neg,66,master,False,
3886,เหี้ย กุฝากอิมินไปบอกมึงว่ากุว่าง กุคล้านทักแชท,negative,wisesight_sentiment,neg,47,master,False,
3887,นี่เหรอ ที่บอกอยากกิน,positive,wisesight_sentiment,pos,21,master,False,
3888,กินบาบีก้อนก่อน,positive,wisesight_sentiment,pos,15,master,False,
3889,กู ไม่ กิน ช้าง,negative,wisesight_sentiment,neg,15,master,False,
3890,เบียร์ช้างขวดละ 118 บาท อมกกกกกกกกกกกกกก,negative,wisesight_sentiment,neg,40,master,False,
3891,พาไปหน่อยพน,positive,wisesight_sentiment,pos,11,master,False,
3892,จะปรี๊ดแตกพนงเอมเค,negative,wisesight_sentiment,neg,18,master,False,
3893,ทางวนิลาต้องขอบคุณแบรนด์ 4U2 ที่ส่งผลิตภัณฑ์ 4U2 Love Me More Summer Set บลัชออนสุดคิ้วท์ต้อนรับซัมเมอร์ มาพร้อมกันทั้งหมด 4 สีใหม่ มาให้วนิลาทดลองใช้ เราไปดูกันว่ามีสีไหนโดนใจสาวๆกันบ้าง🙏🙏🙏👍👍 บลัชออนสุดคิ้วท์ต้อนรับ Summer มาพร้อมกันทั้งหมด 4 สี ได้แก่ 2 สีเนื้อแมตต์ และอีก 2 สีเนื้อชิมเมอร์ โทนเน้นสดใส โชว์แก้มสวยๆ สู้แดดซัมเมอร์สดใสให้อารมณ์แบบ ALOHA สุดๆ เนื้อ Matte Blush #M11 I'M LUCKY TO HAVE YOU #M12 I WANT TO MARRY YOU และเนื้อ Shimmer Blush #S11 YOU'RE MY SUNSHINE #S12 YOU KNOW HOW I FEEL,positive,wisesight_sentiment,pos,502,master,False,
3894,รบกวนถามคับ..ตอนนี้ผมใช้รีโว่2.4เป็นรถห้องเย็นผมรุสึกว่ารีโว่ซดกว่าแชมป์มากๆ..ผมเคยขับแชมป์มาก่อน..และมีคนแนะนำว่าให้เราไปจูนกล่องECUใหม่จะให้ประหยัดขึ้น..อันนี้จริงเท็จประการรบกวนขอความรู้เพิ่มเติมครับ..แล้วมีข้อดีข้อเสียอะไรบ้างครับ,negative,wisesight_sentiment,neg,234,master,False,
3895,จริงป่าวววววววว❤️,positive,wisesight_sentiment,pos,17,master,False,
3896,ต้องจองผ่านแอพ hungry hub ค่ะ,positive,wisesight_sentiment,pos,29,master,False,
3897,อยู่ชมแพมีไหม,positive,wisesight_sentiment,pos,13,master,False,
3898,ไก่ต้มน้ำได้มั้ย 😄,positive,wisesight_sentiment,pos,18,master,False,
3899,บุฟเฟต์เบียร์ เป็นเบียร์ช้าง กับ เฟรดดอย์บรอย ครับ,positive,wisesight_sentiment,pos,50,master,False,
3900,โกงงงงงงงงงงงงงงงงงงง,negative,wisesight_sentiment,neg,21,master,False,
3901,ไปกินมาใส้อ่อนเคี้ยวไม่ออก เสียใจ,negative,wisesight_sentiment,neg,33,master,False,
3902,งั้นก็กินจิ้มจุ่มในตลาดไปก่อนค่าาา555,positive,wisesight_sentiment,pos,37,master,False,
3903,- เทคนิคการป้องกันผิวรับซัมเมอร์ของเราก็คือ ควรจะปกป้องตั้งแต่ต้นเหตุค่ะ ต้นเหตุที่หมายถึงนั่นก็คือแสงแดดนั่นเอง🌤 ควรเริ่มป้องกันจากการทาครีมกันแดดอย่างน้อย SPF15 ขึ้นไป ควรทาครีมกันแดดก่อนออกจากบ้านซัก15นาทีเป็นอย่างน้อยค่ะ👍 ซึ่งการทาครีมกันแดดเป็นเพียงส่วนหนึ่งในการดูแลผิวเราเท่านั้นนะคะ เราควรจะต้องใช้ทั้งหมวก ร่มกันแดด แว่นกันแดด และใส่เสื้อผ้าสวมให้มิดชิด แค่นี้ยังไม่พอ... ควรจะหลบแดดได้ก็ยิ่งดี หลีกเลี่ยงแสงแดดจัดๆด้วยค่ะ😘 - เหตุผลที่อยากได้ Kiehl's Daily UV Defense ก็เพราะเป็นผลิตภัณฑ์ครีมกันแดดที่เหมาะสำหรับคนผิวหน้ามันแบบเราเลยค่ะ เนื้อบางเบา เนื้อครีมเกลี่ยง่ายซึมเข้าผิวง่าย ไม่ก่อไห้เกิดสิวอุดตันเพิ่ม แถมยังทำให้ ผิวเรียบเนียน สีผิวสม่ำเสมออีกด้วย ดีมากๆเลยค่ะชอบมากๆเลยค่ะ👍👍👍❤,positive,wisesight_sentiment,pos,696,master,False,
3904,มันก็อย่างที่เห็นอะครับ คนบ่นไม่ซื้อ คนชื้อไม่บ่น อย่างสมมติผมจะซื้ออีกคัน ตั้งงบ สองล้าน แคมรี่ แอคคอร์ด บีเอม มันก็ทั่วไป นี่ไม่เกินสองล้านได้เทคโนโลยีช่วงล่างขับสนุกผมก็เอาคันนี้จบ,negative,wisesight_sentiment,neg,183,master,False,
3905,นี่เคยไปทำงานที่บาบีก้อน หลังร้านคือสกปรกมากๆ เคยมีครั้งหนึ่งมีแมลงสาบอยู่ในหมูสไลด์ อี๋นี่ไม่กินบาร์บีก้อนอีกเลยอะ,negative,wisesight_sentiment,neg,115,master,False,
3906,เคยไปลองขับแต่mg5,positive,wisesight_sentiment,pos,17,master,False,
3907,ผ้าอนามัยกัด —_—,negative,wisesight_sentiment,neg,16,master,False,
3908,น่าจะเป็นคอนเสปของเค้าครับ ถ้าจะทำแรงๆ ก็จูนแบบอัลติสเก่าก็ได้ เค้าทำออกมาเน้นประหยัดรักโลกสุดๆมั้งครับ จูนไม่เผื่อคนขับแรงๆบ้าง พอเข้าใจวิถีเค้านะ มีอีกหลายคนที่เสียดายถ้าได้สัก10วิ คงตัดสินใจง่ายกว่านี้,negative,wisesight_sentiment,neg,204,master,False,
3909,Jazzz พอ ขับสบายๆ,positive,wisesight_sentiment,pos,17,master,False,
3910,เห็นที่มีคนทวิตเรื่องไข่พยาธิในเนื้อหมูบาบิก้อนแล้วขนลุก เป็นกูประเภทแดกไม่ลืมหูลืมตาป่านนี้ไข่พยาธิเต็มลำไส้แล้วอีเหี้ยเอ้ยยย 😱,negative,wisesight_sentiment,neg,128,master,False,
3911,ปกตินั่งแต่มิวเอ็กจะเหยียดขายังไงก็ได้พอมานั่งซีวิคแล้วแปลกๆหัวก็ไม่ได้ติดนะแต่รู้สึกรถคับแคบไปหมดเลย😂,negative,wisesight_sentiment,neg,102,master,False,
3912,ตังยังไม่ออก,positive,wisesight_sentiment,pos,12,master,False,
3913,โต๋ & แต้วพรีเซนเตอร์คนสวยของผ้าอนามัย Elis : เอลิส น่ารักเว่อร์💕 #ElisThailand,positive,wisesight_sentiment,pos,79,master,False,
3914,ขวดแข็ง บางทีผมกรอกกินหลายรอบครับ ผมมันเลว ไม่รักษาสิ่งแวดล้อม ฝากด่า มิเนเร่ คริสตัส สิงห์ เนสเล่ด้วยนะ ทุกยี่ห้อ,negative,wisesight_sentiment,neg,114,master,False,
3915,พกไปไม่เยอะเงินถึงแค่เบียร์ ละฮาตรงที่เพื่อนลืมยอกว่าไม่กินลีโอ ดวดเดี่ยวเลยค่ะ เซเกือบตาย,negative,wisesight_sentiment,neg,90,master,False,
3916,เอออยากเเดก แต่ตังอยู่ไหน,positive,wisesight_sentiment,pos,25,master,False,
3917,เข้าห้างครั้งแรกครับช่วยแนะนำเมนูแม็คโดนัล อร่อยๆทีครับ🧐,positive,wisesight_sentiment,pos,56,master,False,
3918,เออไปเจออายแชโดวตลับของอีทูดี้ เป็นแบบเพชรๆโกลวๆ โรสโกลวไรงี้ คือเพชรแน่นมาก วาวมาก ประกายมาก สวยมาก แต่ราคาไม่น่ารักเลยน้อง;-;,negative,wisesight_sentiment,neg,127,master,False,
3919,ทรูหมดโปรลด 50% ไม่แจ้งลูกค้าหรือครับ คือคุณลูกค้าต้องจดจำเองใช่ไหมครับที่เข้าใจ,negative,wisesight_sentiment,neg,80,master,False,
3920,ไปกินกันพาลูกไปกิน,positive,wisesight_sentiment,pos,18,master,False,
3921,นี่ไม่กินเบียร์ช้าง กินแค่ไฮเนเก้น เพื่อนก้หลอกบอกมึงมา มันมีไฮเนเก้นขาย นึกในใจมันจะมีเหรอวะในเมื่องานมันคือของช้าง สรุปคือมันหลอกกุ ไอเลว,negative,wisesight_sentiment,neg,139,master,False,
3922,เป็นจากบาบีกอนเป็น สวอนโกลไม,positive,wisesight_sentiment,pos,28,master,False,
3923,โตโยต้าชวงร่างไม่ค่อยดีคับ,negative,wisesight_sentiment,neg,26,master,False,
3924,ส้มตำถาด มาในถาดไม้เจ้าคะ จัดเครื่องเต็มเรียงมาอย่างสวยงาม ปลากรอบสามรส ไข่เค็ม หมูยอ ปลาหมึกลวก กุ้งลวก และผักกระเฉด เป็นส้มตำปูปลาร้า อร่อยน้ำตาเล็ด!!,positive,wisesight_sentiment,pos,152,master,False,
3925,อินนิสฟรีแต่แพงจังเลยนะ,negative,wisesight_sentiment,neg,23,master,False,
3926,ถ้าบุหรี่ไฟฟ้าอยู่ในบ้าน???,negative,wisesight_sentiment,neg,27,master,False,
3927,กาวเหนียวกางเกงในไม่ขาดหรอกค่ะแต่ผ้าอนามัยจะขาดติดกางเกงใน แต่ใช้แบบเต็มที่มันไม่ติดหรอก,negative,wisesight_sentiment,neg,88,master,False,
3928,เราไม่กินลีโอ 555,negative,wisesight_sentiment,neg,17,master,False,
3929,เกลียดฟอร์จูนเนอร์นั่งทีไรปวดหัวจะอ้วกทุกที! 🤮🤢,negative,wisesight_sentiment,neg,47,master,False,
3930,พวกเมิงง ไปแดกกานนน,positive,wisesight_sentiment,pos,19,master,False,
3931,ใช่55555 งงงกับคนจัดโป ใช้ไรคิด,negative,wisesight_sentiment,neg,31,master,False,
3932,ไทยแม้งหัวโบราณ,negative,wisesight_sentiment,neg,15,master,False,
3933,น่ารักง่าาา,positive,wisesight_sentiment,pos,11,master,False,
3934,โอ้ย ขนลุก กูแพ้285 กินแล้วขนลุกซู่เลยสัสสสส เกลียดรสชาติสุดๆ,negative,wisesight_sentiment,neg,61,master,False,
3935,พรีอุส ทำไว้ดีครับ ทนทาน ปัญหาน้อย,positive,wisesight_sentiment,pos,34,master,False,
3936,หัวหน้าผม ตอนจนๆ ก็อยากได้รถแพง พอมีรถแพงแล้ว แกก็เห่อขับอยู่พักใหญ่ แต่ตอนนี้เอาไว้จอดครับ แล้วแกไปซื้อ MG3 มาขับแทน พร้อมชนทุกคัน,negative,wisesight_sentiment,neg,131,master,False,
3937,เห็นติดป้ายหน้าร้านจาก 379 ลด299 แต่พอคิดเงินจ่ายราคา 379,negative,wisesight_sentiment,neg,57,master,False,
3938,ปกติทานอาทิตย์ละ 2 ครั้งแต่พอเห็นภาพที่แชร์ไปทานไม่ลงจริงๆค่ะ T T หวังว่าจะได้คำตอบโดยไวนะคะ,negative,wisesight_sentiment,neg,92,master,False,
3939,สู้ๆครับมันต้องมีวันนั้น,positive,wisesight_sentiment,pos,24,master,False,
3940,วอนปีหน้าฟลูมูนแสงโสมปรับเรทอายุลงด้วยค่ะ สงสารคนอายุไม่ถึงแบบหนูบ้าง งานedmที่ตปท.บางงานนี่18เข้าได้แล้วนะคะ!,negative,wisesight_sentiment,neg,110,master,False,
3941,เห็นแล้วสงสาร เราเคยแพ้ฮาดะลาโบะสีขาว สิวมาเต็มหน้าแห้งมาก ต้องพักหน้ายาวๆเลย สิ่งที่ตามมาคือแพ้ครีมง่ายมากหลังจากเคยแพ้อ่ะ เมื่อก่อนออกจะหน้าด้าน ทุกวันนี้ใช้อะไรโครตระวัง บางอันซื้อมาแพงแต่แพ้ก็ยกให้แม่รัว ๆ เส้ามั่ยเส้า,negative,wisesight_sentiment,neg,222,master,False,
3942,แอดมินนี่หลอกง่ายน๊ะ เมี่อวานซื้อช้างแดกขวดนึง 56 บาท ขึ้นมาสามบาทเอง อย่ารีบเชี่ออย่ารีบแชร์ ( เสียภูมิ ),negative,wisesight_sentiment,neg,106,master,False,
3943,สู้ๆๆๆๆ น้ะค้ะ 😻😻😻,positive,wisesight_sentiment,pos,18,master,False,
3944,ไม่ประสบความสำเร็จกับผ้าอนามัยสอด รูตันหรือว่าเหี้ยไร ยัดไปล่ะไม่ลึก นั่งก็ไม่ได้ โอ้ยย ฉันอยากกระโดดโลดเต้น ว่ายน้ำ ตอนเมนส์มามั้ง,negative,wisesight_sentiment,neg,131,master,False,
3945,หิวๆ ตังมีมั้ย😁😁,positive,wisesight_sentiment,pos,16,master,False,
3946,เงินในเป๋าา 😿,negative,wisesight_sentiment,neg,13,master,False,
3947,ไม่ไม่สูบบ่รี่นะ แต่ชอบกลิ่นหอมดี ไม่กวน คนรอบข้าง,positive,wisesight_sentiment,pos,50,master,False,
3948,พาไปกินหน่อยวันมีเงิน คนละ ทร ว่ะ,positive,wisesight_sentiment,pos,33,master,False,
3949,เลิกใช้กานิเย่ถาวรอะบอกเลย,negative,wisesight_sentiment,neg,26,master,False,
3950,สอบถามรถ MG3 ป้ายแดงใส่เกียร์ถอยไม่ติด #MG,negative,wisesight_sentiment,neg,42,master,False,
3951,เป็นเมนหน้าหนาวละเสือกเหลือแต่ผ้าอนามัยสูตรเย็นo(╥﹏╥)o,negative,wisesight_sentiment,neg,54,master,False,
3952,วันไหนดี พี่กลับปีหน้าแล้วจร้า,positive,wisesight_sentiment,pos,30,master,False,
3953,เห็นด้วยอย่างยิ่งคับ,positive,wisesight_sentiment,pos,20,master,False,
3954,หิวแล้วววว,positive,wisesight_sentiment,pos,10,master,False,
3955,รูปลักษณ์ภายนอกวัดอะไรไม่ได้ แต่ใจต่างหากที่เป็นเครื่องวัดความเป็นคนจริง #คนจริงของจริง #BellsWhisky,negative,wisesight_sentiment,neg,100,master,False,
3956,ทำไมน้องเบบต้องเกิดมาแพ้ลิป 3ce ด้วยคะ,negative,wisesight_sentiment,neg,38,master,False,
3957,เขายอมรับชัดเจนว่าบุหรี่ไฟฟ้าเป็นของเขา....แล้วยีดรถเขา...เกินไปไหม,negative,wisesight_sentiment,neg,67,master,False,
3958,โซฟีค่ะ จะเหนียวกว่าลอรีเอ๊ะ นิสนึง,negative,wisesight_sentiment,neg,35,master,False,
3959,ผมก็เป็นครับไม่รู้คนอื่นเป็นไหม รถเป็น วีโก้ พรีรัน 2.5vn ยาง บริดโตน ep850 265 60 18 น้ำมันเกียและเฟืองท้ายถ่าย30000กม เวลาขับเร็ว ความเร็ว gps =200 เสียงยางหอน ดังจนต้องยกคันเร่งครับ เอ๋อผมมีทำโช้คของ โรงงาน holin มา3หมื่นกว่าๆ ด้วย จนปัญญากับอาการ ครับเลยขับช้าๆเอา ใครดันก็ไม่เล่นครับ,negative,wisesight_sentiment,neg,288,master,False,
3960,จะไปยืมnetflix พี่ก็เลยรู้ว่าติดอาลัมบรากันทั้งบ้าน รอตอนต่อไปไม่ไหวแร้วว #NetflixAlhambra,positive,wisesight_sentiment,pos,90,master,False,
3961,ชุดเดียวอิ่มอ้วก,positive,wisesight_sentiment,pos,16,master,False,
3962,ขอเพิ่มสาขาหน่อยค่ะะะะ,negative,wisesight_sentiment,neg,22,master,False,
3963,แถวบ้านไม่มีฟูลมูนขาย อยากกินฟูลมูนเขียว ;;_;;,negative,wisesight_sentiment,neg,46,master,False,
3964,ดื่มอร่อย อ่อยไม่เบื่อ กินดี ปี้กันทั้งคืน ยืนยังเซ แถมโดนเป เยสเข้ ถึงบ้านได้ไง,positive,wisesight_sentiment,pos,80,master,False,
3965,รถFortuner 3000เร่งไม่ขึ้นครับเวลาขึ้นดอยเยียบสุดๆมีอาการวุบครับ,negative,wisesight_sentiment,neg,64,master,False,
3966,สั่งเลยให้เขามาส่ง,positive,wisesight_sentiment,pos,18,master,False,
3967,ช้างกินดีกว่าอีก จืดมาก,negative,wisesight_sentiment,neg,23,master,False,
3968,บอกให้เลี้ยง,positive,wisesight_sentiment,pos,12,master,False,
3969,นึกว่า mizumi ของญี่ปุ่น เป็นกันแดดที่บางเบาเว่อร์ ลงเมคอัพทับไม่เป็นคราบเลยจ้า,positive,wisesight_sentiment,pos,79,master,False,
3970,ราคาแรงไป ตั้งใจแพงมากไปนะ อย่างนี้เขาเรียกว่าปลาเน่าตัวเดียวเหม็นทั้งกะชัง. ใครๆก็ไม่อยากกินแล้วแบบนี้เบียร์ช้าง 120. เยสเข้,negative,wisesight_sentiment,neg,125,master,False,
3971,พาไปกินหน่อยจิ น้าๆๆๆๆๆ☺️😊,positive,wisesight_sentiment,pos,26,master,False,
3972,ต้องได้กินหมูกรอบ,positive,wisesight_sentiment,pos,17,master,False,
3973,งดสปาย กินนี้ พอค่ะ,negative,wisesight_sentiment,neg,19,master,False,
3974,Hotpot นี่ที่ตัวเขียวๆช่ะ?เคยกินแต่มีช่วงมันไม่มีบุฟเฟส์แพงโครต,negative,wisesight_sentiment,neg,63,master,False,
3975,ในตัวเมืองโคราชขายเบียร์ช้างขวดละ 90 ลีโอ 100 นี่ขนาดขายฟรีค่าที่ไม่ต้องเสียนะเนี้ย,negative,wisesight_sentiment,neg,83,master,False,
3976,จัดๆ hotpot ไหม 555,positive,wisesight_sentiment,pos,19,master,False,
3977,ผิวสีลาเต้คือไร ทำไมผู้บริหารนีเวียถึงพูดว่าไม่สวย งงมาก,negative,wisesight_sentiment,neg,56,master,False,
3978,ป่ะ ตอนนี้อยู่ยูดี,positive,wisesight_sentiment,pos,18,master,False,
3979,กาวผ้าอนามัยมันทำมาเหมือาเหนียวแน่น ยกเว้นกับ กกน.TT,negative,wisesight_sentiment,neg,52,master,False,
3980,เพิ่งดูรีวิวมาเลยค่าพี่ลิค อยากลอง ANESSA ค่ะ,positive,wisesight_sentiment,pos,45,master,False,
3981,คิดไม่ผิด..ที่เลือก..รีโว่,positive,wisesight_sentiment,pos,26,master,False,
3982,ตังจะซื้อของยังไม่มีเลย5555,negative,wisesight_sentiment,neg,27,master,False,
3983,เอ็มเคบุฟเฟต์ 415 นี่แพงมะ,negative,wisesight_sentiment,neg,26,master,False,
3984,แต่ผ้าอนามัยเกาหลีแบบแพงอะ,negative,wisesight_sentiment,neg,26,master,False,
3985,ผมชอบเค้าออกแบบท่อไอเสียมากๆเลยครับ คนออกแบบยังกะจบแค่ป.6 แต่งวดนี้ดีนะที่ไม่โฆษณาว่าเป็นผู้นำด้านเทคโนโลยี ฟังทีไรแล้วจะอ๊วก ถามจริง ที่ขายอยู่นี่มีสักรุ่นมั้ยที่มีกล้องช่วยถอย (อย่าไปฝันถึง adaptive cruise อายmazda3),negative,wisesight_sentiment,neg,218,master,False,
3986,บาร์บีคิวพลาซ่าขอ 7 วัน พิสูจน์กรณีไข่พยาธิเนื้อดิบ #Ch7news,negative,wisesight_sentiment,neg,60,master,False,
3987,NEW ARRIVAL ‼️ . Cathy Doll Rose Me Rose Sleeping Mask (50g ราคา 395 บาท) . ใบหน้าเนียนสวยสุขภาพดีในข้ามคืน ด้วยสลีปปิ้งมาส์กที่มีสารสกัดจากดอกกุหลาบบัลแกเรีย พร้อมกลิ่นหอมสดชื่น มอบความชุ่มชื่นให้กับผิวอย่างล้ำลึก อีกทั้งช่วยลดเลือนริ้วรอย ฟื้นบำรุงผิวให้แข็งแรง พร้อมผสานสารสกัดจากดอก เดซี่ ช่วยลดการผลิตเม็ดสีเมลานิน เพื่อให้จุดด่างดำแลดูจางลง ปรับผิวที่หมองคล้ำให้กลับมากระจ่างใส ดูเรียบเนียนทั่วทั้งใบหน้า ❤🌹 . #karmart #cathydoll #roseme #UniqueBeautySolution,positive,wisesight_sentiment,pos,465,master,False,
3988,สาขาเซ็นทรัลบางนาก็เนื้อเยอะนะ,positive,wisesight_sentiment,pos,30,master,False,
3989,ไปๆวันไหนดี,positive,wisesight_sentiment,pos,11,master,False,
3990,ขอบคุณเมียมากคับ555,positive,wisesight_sentiment,pos,19,master,False,
3991,จิกให้ถึงที่สุดอีดอก เพื่อนที่มอบอกว่าให้โทรธนาคารต้นทาง ยังไงเงินมันโดนหักไปแล้ว มันต้องมีปลายทางหรือไม่ก็ค้างระหว่างทาง เพราะเพื่อนกูเคยเป็นอะ,negative,wisesight_sentiment,neg,144,master,False,
3992,อยากกินจุง,positive,wisesight_sentiment,pos,10,master,False,
3993,แล้วก็บาบีก้อนที่ครูก้อยช่วยออกพันนึงแล้วแต่ยังเสียกันคนละ 200 คือแดกกันประหนึ่งไม่ใช่คน ละทั้งโต๊ะมีไม่ถึง 10 คนอ่ะ 55555,negative,wisesight_sentiment,neg,122,master,False,
3994,โปรนี้เหมือนโปร 299 แต่บังคับให้ไป 4 คน โปร 299 จะดีกว่าไปกี่คนก็ได้,negative,wisesight_sentiment,neg,68,master,False,
3995,จังหวัดตรังครับ เพราะถ้าจะกิน MK เราต้องมีตรัง,positive,wisesight_sentiment,pos,46,master,False,
3996,ขอพรุ่งนี้ ที่รักออกเวรพอดี,positive,wisesight_sentiment,pos,27,master,False,
3997,อยากได้กระเป๋าเครื่องสำอางค์ใบใหญ่ nyx ขอสักใบนะคะคุณแพร,positive,wisesight_sentiment,pos,56,master,False,
3998,ไปกินกันนร 😻😻,positive,wisesight_sentiment,pos,13,master,False,
3999,บารฺบีกอน ได้น้อยสุด เปลืองตังค์สุด ในบรรดาอาหารประเภทเดวกัน ไป2 คน ฟมดไม่ต่ำกว่า2 พันแน่,negative,wisesight_sentiment,neg,89,master,False,
4000,เสียดายไม่มีจุก,negative,wisesight_sentiment,neg,15,master,False,
